Name,Speech,verse_number,inferred_verse_number,lemmata
Δηιάνειρα,"λόγος μέν ἐστ᾽ ἀρχαῖος ἀνθρώπων φανείς,",1.0,1.0,λόγος μέν εἰμί ἀρχαῖος ἄνθρωπος φαίνω
Δηιάνειρα,"ὡς οὐκ ἂν αἰῶν᾽ ἐκμάθοις βροτῶν, πρὶν ἂν",,2.0,ὡς οὐ ἄν αἰάζω ἐκμανθάνω βροτός πρίν ἄν
Δηιάνειρα,"θάνῃ τις, οὔτ᾽ εἰ χρηστὸς οὔτ᾽ εἴ τῳ κακός:",,3.0,θνήσκω τις οὔτ εἰ χρηστός οὔτ εἰ τις κακός
Δηιάνειρα,"ἐγὼ δὲ τὸν ἐμόν, καὶ πρὶν εἰς Ἅιδου μολεῖν,",,4.0,ἐγώ δέ ὁ ἐμός καί πρίν εἰς ᾍδης βλώσκω
Δηιάνειρα,"ἔξοιδ᾽ ἔχουσα δυστυχῆ τε καὶ βαρύν,",5.0,5.0,ἔξοιδ ἔχω δυστυχής τε καί βαρύς
Δηιάνειρα,ἥτις πατρὸς μὲν ἐν δόμοισιν Οἰνέως,,6.0,ὅστις πατήρ μέν ἐν δόμος Οἰνεύς
Δηιάνειρα,ναίουσ᾽ ἔτ᾽ ἐν Πλευρῶνι νυμφείων ὄκνον,,7.0,ναίουσ ἔτ ἐν Πλευρών νυμφεῖος ὄκνος
Δηιάνειρα,"ἄλγιστον ἔσχον, εἴ τις Αἰτωλὶς γυνή.",,8.0,ἀλγεινός ἔχω εἰ τις Αἰτωλίς γυνή
Δηιάνειρα,"μνηστὴρ γὰρ ἦν μοι ποταμός, Ἀχελῷον λέγω,",,9.0,μνηστήρ γάρ εἰμί ἐγώ ποταμός Ἀχελῷος λέγω
Δηιάνειρα,"ὅς μ᾽ ἐν τρισὶν μορφαῖσιν ἐξῄτει πατρός,",10.0,10.0,ὅς μ ἐν τρεῖς μορφή ἐξαιτέω πατήρ
Δηιάνειρα,"φοιτῶν ἐναργὴς ταῦρος, ἄλλοτ᾽ αἰόλος",,11.0,φοιτάω ἐναργής ταῦρος ἄλλοτ αἰόλος
Δηιάνειρα,"δράκων ἑλικτός, ἄλλοτ᾽ ἀνδρείῳ κύτει",,12.0,δράκων ἑλικτός ἄλλοτ ἀνδρεῖος κύτος
Δηιάνειρα,βούπρῳρος: ἐκ δὲ δασκίου γενειάδος,,13.0,βούπρῳρος ἐκ δέ δάσκιος γενειάς
Δηιάνειρα,κρουνοὶ διερραίνοντο κρηναίου ποτοῦ.,,14.0,κρουνός διαρραίνομαι κρηναῖος ποτός
Δηιάνειρα,τοιόνδ᾽ ἐγὼ μνηστῆρα προσδεδεγμένη,15.0,15.0,τοιόνδ ἐγώ μνηστήρ προσδέχομαι
Δηιάνειρα,"δύστηνος αἰεὶ κατθανεῖν ἐπηυχόμην,",,16.0,δύστηνος ἀεί καταθνήσκω ἐπεύχομαι
Δηιάνειρα,πρὶν τῆσδε κοίτης ἐμπελασθῆναί ποτε.,,17.0,πρίν ὅδε κοίτη ἐμπελάζω ποτέ
Δηιάνειρα,"χρόνῳ δ᾽ ἐν ὑστέρῳ μέν, ἀσμένῃ δέ μοι,",,18.0,χρόνος δ ἐν ὕστερος μέν ἄσμενος δέ ἐγώ
Δηιάνειρα,ὁ κλεινὸς ἦλθε Ζηνὸς Ἀλκμήνης τε παῖς:,,19.0,ὁ κλεινός ἔρχομαι Ζεύς Ἀλκμήνη τε παῖς
Δηιάνειρα,ὃς εἰς ἀγῶνα τῷδε συμπεσὼν μάχης,20.0,20.0,ὅς εἰς ἀγών ὅδε συμπίτνω μάχη
Δηιάνειρα,ἐκλύεταί με: καὶ τρόπον μὲν ἂν πόνων,,21.0,ἐκλύω ἐγώ καί τρόπος μέν ἄν πόνος
Δηιάνειρα,οὐκ ἂν διείποιμ᾽: οὐ γὰρ οἶδ᾽: ἀλλ᾽ ὅστις ἦν,,22.0,οὐ ἄν διείποιμ οὐ γάρ οἶδ ἀλλ ὅστις εἰμί
Δηιάνειρα,"θακῶν ἀταρβὴς τῆς θέας, ὅδ᾽ ἂν λέγοι:",,23.0,θακέω ἀταρβής ὁ θέα ὅδ ἄν λέγω
Δηιάνειρα,ἐγὼ γὰρ ἥμην ἐκπεπληγμένη φόβῳ,,24.0,ἐγώ γάρ ἧμαι ἐκπλήγνυμι φόβος
Δηιάνειρα,μή μοι τὸ κάλλος ἄλγος ἐξεύροι ποτέ.,25.0,25.0,μή ἐγώ ὁ κάλλος ἄλγος ἐξευρίσκω ποτέ
Δηιάνειρα,"τέλος δ᾽ ἔθηκε Ζεὺς ἀγώνιος καλῶς,",,26.0,τέλος δ τίθημι Ζεύς ἀγώνιος καλός
Δηιάνειρα,εἰ δὴ καλῶς. λέχος γὰρ Ἡρακλεῖ κριτὸν,,27.0,εἰ δή καλός λέχος γάρ Ἡρακλέης κριτός
Δηιάνειρα,"ξυστᾶσ᾽ ἀεί τιν᾽ ἐκ φόβου φόβον τρέφω,",,28.0,ξυστᾶσ ἀεί τιν ἐκ φόβος φόβος τρέφω
Δηιάνειρα,κείνου προκηραίνουσα: νὺξ γὰρ εἰσάγει,,29.0,ἐκεῖνος προκηραίνω νύξ γάρ εἰσάγω
Δηιάνειρα,καὶ νὺξ ἀπωθεῖ διαδεδεγμένη πόνον.,30.0,30.0,καί νύξ ἀπωθέω διαδέχομαι πόνος
Δηιάνειρα,"κἀφύσαμεν δὴ παῖδας, οὓς κεῖνός ποτε,",,31.0,φύω δή παῖς ὅς ἐκεῖνος ποτέ
Δηιάνειρα,"γῄτης ὅπως ἄρουραν ἔκτοπον λαβών,",,32.0,γηίτης ὅπως ἄρουρα ἔκτοπος λαμβάνω
Δηιάνειρα,σπείρων μόνον προσεῖδε κἀξαμῶν ἅπαξ.,,33.0,σπείρω μόνος προσεῖδον ἐξαμάω ἅπαξ
Δηιάνειρα,τοιοῦτος αἰὼν εἰς δόμους τε κἀκ δόμων,,34.0,τοιοῦτος αἰών εἰς δόμος τε ἐκ δόμος
Δηιάνειρα,αἰεὶ τὸν ἄνδρ᾽ ἔπεμπε λατρεύοντά τῳ.,35.0,35.0,ἀεί ὁ ἄνδρ πέμπω λατρεύοντά τις
Δηιάνειρα,"νῦν δ᾽ ἡνίκ᾽ ἄθλων τῶνδ᾽ ὑπερτελὴς ἔφυ,",,36.0,νῦν δ ἡνίκα ἆθλον τῶνδ ὑπερτελής φύω
Δηιάνειρα,ἐνταῦθα δὴ μάλιστα ταρβήσασ᾽ ἔχω.,,37.0,ἐνταῦθα δή μάλιστα ταρβήσασ ἔχω
Δηιάνειρα,"ἐξ οὗ γὰρ ἔκτα κεῖνος Ἰφίτου βίαν,",,38.0,ἐκ ἵημι γάρ κτείνω ἐκεῖνος Ἴφιτος βία
Δηιάνειρα,ἡμεῖς μὲν ἐν Τραχῖνι τῇδ᾽ ἀνάστατοι,,39.0,ἐγώ μέν ἐν Τραχίς τῇδ ἀνάστατος
Δηιάνειρα,"ξένῳ παρ᾽ ἀνδρὶ ναίομεν, κεῖνος δ᾽ ὅπου",40.0,40.0,ξένος παρ ἀνήρ ναίω ἐκεῖνος δ ὅπου
Δηιάνειρα,βέβηκεν οὐδεὶς οἶδε: πλὴν ἐμοὶ πικρὰς,,41.0,βαίνω οὐδείς οἶδα πλήν ἐγώ πικρός
Δηιάνειρα,ὠδῖνας αὐτοῦ προσβαλὼν ἀποίχεται.,,42.0,ὠδίς αὐτός προσβάλλω ἀποίχομαι
Δηιάνειρα,σχεδὸν δ᾽ ἐπίσταμαί τι πῆμ᾽ ἔχοντά νιν:,,43.0,σχεδόν δ ἐπίσταμαι τις πῆμ ἔχω νιν
Δηιάνειρα,"χρόνον γὰρ οὐχὶ βαιόν, ἀλλ᾽ ἤδη δέκα",,44.0,χρόνος γάρ οὐ βαιός ἀλλ ἤδη δέκα
Δηιάνειρα,μῆνας πρὸς ἄλλοις πέντ᾽ ἀκήρυκτος μένει.,45.0,45.0,μείς πρός ἄλλος πέντ ἀκήρυκτος μένω
Δηιάνειρα,κἀστίν τι δεινὸν πῆμα: τοιαύτην ἐμοὶ,,46.0,εἰμί τις δεινός πῆμα τοιοῦτος ἐγώ
Δηιάνειρα,"δέλτον λιπὼν ἔστειχε, τὴν ἐγὼ θαμὰ",,47.0,δέλτος λείπω στείχω ὁ ἐγώ θαμά
Δηιάνειρα,θεοῖς ἀρῶμαι πημονῆς ἄτερ λαβεῖν.,,48.0,θεός ἀρόω πημονή ἄτερ λαμβάνω
Θεράπαινα,"δέσποινα Δῃάνειρα, πολλὰ μέν σ᾽ ἐγὼ",,49.0,δέσποινα Δηιάνειρα πολύς μέν σ ἐγώ
Θεράπαινα,κατεῖδον ἤδη πανδάκρυτ᾽ ὀδύρματα,50.0,50.0,κατεῖδον ἤδη πανδάκρυτ ὄδυρμα
Θεράπαινα,τὴν Ἡράκλειον ἔξοδον γοωμένην:,,51.0,ὁ Ἡράκλειος ἔξοδος γοάω
Θεράπαινα,"νῦν δ᾽, εἰ δίκαιον τοὺς ἐλευθέρους φρενοῦν",,52.0,νῦν δ εἰ δίκαιος ὁ ἐλεύθερος φρενόω
Θεράπαινα,"γνώμαισι δούλαις, κἀμὲ χρὴ φράσαι τὸ σόν:",,53.0,γνώμη δοῦλος ἐγώ χρή φράζω ὁ σός
Θεράπαινα,"πῶς παισὶ μὲν τοσοῖσδε πληθύεις, ἀτὰρ",,54.0,πῶς παῖς μέν τοσόσδε πληθύω ἀτάρ
Θεράπαινα,"ἀνδρὸς κατὰ ζήτησιν οὐ πέμπεις τινά,",55.0,55.0,ἀνήρ κατά ζήτησις οὐ πέμπω τις
Θεράπαινα,"μάλιστα δ᾽ ὅνπερ εἰκὸς Ὕλλον, εἰ πατρὸς",,56.0,μάλιστα δ ὅς ἔοικα Ὕλλος εἰ πατήρ
Θεράπαινα,νέμοι τιν᾽ ὤραν τοῦ καλῶς πράσσειν δοκεῖν;,,57.0,νέμω τιν ὤρα ὁ καλός πράσσω δοκέω
Θεράπαινα,"ἐγγὺς δ᾽ ὅδ᾽ αὐτὸς ἀρτίπους θρῴσκει δόμους,",,58.0,ἐγγύς δ ὅδ αὐτός ἀρτίπους θρῴσκω δόμος
Θεράπαινα,"ὥστ᾽ εἴ τί σοι πρὸς καιρὸν ἐννέπειν δοκῶ,",,59.0,ὥστ εἰ τίς σύ πρός καιρός ἐνέπω δοκέω
Θεράπαινα,πάρεστι χρῆσθαι τἀνδρὶ τοῖς τ᾽ ἐμοῖς λόγοις.,60.0,60.0,πάρειμι χράω ἀνήρ ὁ τ ἐμός λόγος
Δηιάνειρα,"ὦ τέκνον, ὦ παῖ, κἀξ ἀγεννήτων ἄρα",,61.0,ὦ τέκνον ὦ παῖς ἐκ ἀγέννητος ἄρα
Δηιάνειρα,μῦθοι καλῶς πίπτουσιν: ἥδε γὰρ γυνὴ,,62.0,μῦθος καλός πίπτω ὅδε γάρ γυνή
Δηιάνειρα,"δούλη μέν, εἴρηκεν δ᾽ ἐλεύθερον λόγον.",,63.0,δούλη μέν ἐρῶ δ ἐλεύθερος λόγος
Ὕλλος,"ποῖον; δίδαξον, μῆτερ, εἰ διδακτά μοι.",,64.0,ποῖος διδάσκω μήτηρ εἰ διδακτός ἐγώ
Δηιάνειρα,σὲ πατρὸς οὕτω δαρὸν ἐξενωμένου,65.0,65.0,σύ πατήρ οὕτως δηρός ξενόω
Δηιάνειρα,"τὸ μὴ πυθέσθαι ποῦ 'στιν, αἰσχύνην φέρειν.",,66.0,ὁ μή πυνθάνομαι ποῦ εἰμί αἰσχύνη φέρω
Ὕλλος,"ἀλλ᾽ οἶδα, μύθοις εἴ τι πιστεύειν χρεών.",,67.0,ἀλλ οἶδα μῦθος εἰ τις πιστεύω χρεών
Δηιάνειρα,"καὶ ποῦ κλύεις νιν, τέκνον, ἱδρῦσθαι χθονός;",,68.0,καί ποῦ κλύω νιν τέκνον ἱδρύω χθών
Ὕλλος,τὸν μὲν παρελθόντ᾽ ἄροτον ἐν μήκει χρόνου,,69.0,ὁ μέν παρελθόντ ἄροτος ἐν μῆκος χρόνος
Ὕλλος,Λυδῇ γυναικί φασί νιν λάτριν πονεῖν.,70.0,70.0,Λυδός γυνή φημί νιν λάτρις πονέω
Δηιάνειρα,"πᾶν τοίνυν, εἰ καὶ τοῦτ᾽ ἔτλη, κλύοι τις ἄν.",,71.0,πᾶς τοίνυν εἰ καί τοῦτ τλάω κλύω τις ἀνά
Ὕλλος,"ἀλλ᾽ ἐξαφεῖται τοῦδέ γ᾽, ὡς ἐγὼ κλύω.",,72.0,ἀλλ ἐξαφίημι ὅδε γε ὡς ἐγώ κλύω
Δηιάνειρα,ποῦ δῆτα νῦν ζῶν ἢ θανὼν ἀγγέλλεται;,,73.0,ποῦ δῆτα νῦν ζάω ἤ θνήσκω ἀγγέλλω
Ὕλλος,"Εὐβοΐδα χώραν φασίν, Εὐρύτου πόλιν,",,74.0,Εὐβοΐς χώρα φημί Εὔρυτος πόλις
Ὕλλος,ἐπιστρατεύειν αὐτὸν ἢ μέλλειν ἔτι.,75.0,75.0,ἐπιστρατεύω αὐτός ἤ μέλλω ἔτι
Δηιάνειρα,"ἆρ᾽ οἶσθα δῆτ᾽, ὦ τέκνον, ὡς ἔλειπέ μοι",,76.0,ἆρ οἶδα δῆτ ὦ τέκνον ὡς λείπω ἐγώ
Δηιάνειρα,μαντεῖα πιστὰ τῆσδε τῆς χώρας πέρι;,,77.0,μαντεῖον πιστός ὅδε ὁ χώρα περί
Ὕλλος,"τὰ ποῖα, μῆτερ; τὸν λόγον γὰρ ἀγνοῶ.",,78.0,ὁ ποῖος μήτηρ ὁ λόγος γάρ ἀγνοέω
Δηιάνειρα,ὡς ἢ τελευτὴν τοῦ βίου μέλλει τελεῖν,,79.0,ὡς ἤ τελευτή ὁ βίος μέλλω τελέω
Δηιάνειρα,ἢ τοῦτον ἄρας ἆθλον εἰς τό γ᾽ ὕστερον,80.0,80.0,ἤ οὗτος αἴρω ἆθλος εἰς ὁ γε ὕστερος
Δηιάνειρα,τὸν λοιπὸν ἤδη βίοτον εὐαίων᾽ ἔχειν.,,81.0,ὁ λοιπός ἤδη βίοτος εὐαής ἔχω
Δηιάνειρα,"ἐν οὖν ῥοπῇ, τοιᾷδε κειμένῳ, τέκνον,",,82.0,ἐν οὖν ῥοπή τοιόσδε κεῖμαι τέκνον
Δηιάνειρα,"οὐκ εἶ ξυνέρξων, ἡνίκ᾽ ἢ σεσώσμεθα",,83.0,οὐ εἶμι συνέρδω ἡνίκα ἤ σώζω
Δηιάνειρα,ἢ πίπτομεν σοῦ πατρὸς ἐξολωλότος,,84.0,ἤ πίπτω σύ πατήρ ἐξολωλότος
Δηιάνειρα,"κείνου βίον σώσαντος, ἢ οἰχόμεσθ᾽ ἅμα;",85.0,85.0,ἐκεῖνος βίος σώζω ἤ οἰχόμεσθ ἅμα
Ὕλλος,"ἀλλ᾽ εἶμι, μῆτερ: εἰ δὲ θεσφάτων ἐγὼ",,86.0,ἀλλ εἶμι μήτηρ εἰ δέ θέσφατος ἐγώ
Ὕλλος,"βάξιν κατῄδη τῶνδε, κἂν πάλαι παρῆ:",,87.0,βάξις κάτοιδα ὅδε κἀν πάλαι πάρειμι
Ὕλλος,νῦν δ᾽ ὁ ξυνήθης πότμος οὐκ εἴα πατρὸς,,88.0,νῦν δ ὁ συνήθης πότμος οὐ ἐάω πατήρ
Ὕλλος,ἡμᾶς προταρβεῖν οὐδὲ δειμαίνειν ἄγαν.,,89.0,ἐγώ προταρβέω οὐδέ δειμαίνω ἄγαν
Ὕλλος,"νῦν δ᾽ ὡς ξυνίημ᾽, οὐδὲν ἐλλείψω τὸ μὴ οὐ",90.0,90.0,νῦν δ ὡς ξυνίημ οὐδείς ἐλλείπω ὁ μή οὐ
Ὕλλος,πᾶσαν πυθέσθαι τῶνδ᾽ ἀλήθειαν πέρι.,,91.0,πᾶς πυνθάνομαι τῶνδ ἀλήθεια περί
Δηιάνειρα,"χώρει νυν, ὦ παῖ: καὶ γὰρ ὑστέρῳ τό γ᾽ εὖ",,92.0,χωρέω νῦν ὦ παῖς καί γάρ ὕστερος ὁ γε εὖ
Δηιάνειρα,"πράσσειν, ἐπεὶ πύθοιτο, κέρδος ἐμπολᾷ.",,93.0,πράσσω ἐπεί πυνθάνομαι κέρδος ἐμπολάω
Χορός,ὃν αἰόλα νὺξ ἐναριζομένα,,94.0,ὅς αἰόλος νύξ ἐναρίζω
Χορός,"τίκτει κατευνάζει τε, φλογιζόμενον",95.0,95.0,τίκτω κατευνάζω τε φλογίζω
Χορός,Ἅλιον Ἅλιον αἰτῶ,,96.0,ἥλιος ἥλιος αἰτέω
Χορός,"τοῦτο καρῦξαι, τὸν Ἀλκμήνας πόθι μοι πόθι παῖς",,97.0,οὗτος κηρύσσω ὁ Ἀλκμήνη πόθι ἐγώ πόθι παῖς
Χορός,"ναίει ποτ᾽, ὦ λαμπρᾷ στεροπᾷ φλεγέθων,",,98.0,ναίω ποτ ὦ λαμπρός στεροπή φλεγέθω
Χορός,"ἢ ποντίας αὐλῶνος ἢ δισσαῖσιν ἀπείροις κλιθείς,",100.0,100.0,ἤ πόντιος αὐλών ἤ δισσός ἤπειρος κλίνω
Χορός,"εἴπ᾽, ὦ κρατιστεύων κατ᾽ ὄμμα.",,101.0,εἴπ ὦ κρατιστεύω κατά ὄμμα
Χορός,ποθουμένᾳ γὰρ φρενὶ πυνθάνομαι,,102.0,ποθέω γάρ φρήν πυνθάνομαι
Χορός,"τὰν ἀμφινεικῆ Δηιάνειραν ἀεί,",,103.0,ὁ ἀμφινεικής Δηιάνειρα ἀεί
Χορός,"οἷά τιν᾽ ἄθλιον ὄρνιν,",105.0,105.0,οἷος τιν ἄθλιος ὄρνις
Χορός,"οὔποτ᾽ εὐνάζειν ἀδακρύτων βλεφάρων πόθον, ἀλλ᾽",,106.0,οὔποτ εὐνάζω ἀδάκρυτος βλέφαρον πόθος ἀλλ
Χορός,εὔμναστον ἀνδρὸς δεῖμα τρέφουσαν ὁδοῦ,,107.0,εὔμνηστος ἀνήρ δεῖμα τρέφω ὁδός
Χορός,"ἐνθυμίοις εὐναῖς ἀνανδρώτοισι τρύχεσθαι, κακὰν",110.0,110.0,ἐνθύμιος εὐνή ἀνάνδρωτος τρύχω κακός
Χορός,δύστανον ἐλπίζουσαν αἶσαν.,,111.0,δύστηνος ἐλπίζω αἶσα
Χορός,πολλὰ γὰρ ὥστ᾽ ἀκάμαντος ἢ νότου ἢ βορέα τις,,112.0,πολύς γάρ ὥστ ἀκάμας ἤ νότος ἤ Βορέας τις
Χορός,"κύματ᾽ ἂν εὐρέϊ πόντῳ βάντ᾽ ἐπιόντα τ᾽ ἴδοι,",,113.0,κύματ ἄν εὐρύς πόντος βάντ ἔπειμι τ εἶδον
Χορός,"οὕτῶ δὲ τὸν Καδμογενῆ στρέφει, τὸ δ᾽ αὔξει,",,114.0,οὕτως δέ ὁ Καδμογενής στρέφω ὁ δ αὐξάνω
Χορός,βιότου πολύπονον ὥσπερ πέλαγος,,115.0,βίοτος πολύπονος ὥσπερ πέλαγος
Χορός,Κρήσιον.  ἀλλά τις θεῶν αἰὲν ἀναμπλάκητον Ἅιδα,120.0,120.0,Κρήσιος  ἀλλά τις θεός ἀεί ἀναμπλάκητος ᾍδης
Χορός,σφε δόμων ἐρύκει.,,121.0,σφεῖς δόμος ἐρύκω
Χορός,"ὧν ἐπιμεμφομένα σ᾽ αἰδοῖα μέν, ἀντία δ᾽ οἴσω.",,122.0,ὅς ἐπιμέμφομαι σ αἰδοῖον μέν ἀντίος δ φέρω
Χορός,φαμὶ γὰρ οὐκ ἀποτρύειν ἐλπίδα τὰν ἀγαθὰν,125.0,125.0,φημί γάρ οὐ ἀποτρύω ἐλπίς ὁ ἀγαθός
Χορός,χρῆναί σ᾽: ἀνάλγητα γὰρ οὐδ᾽ ὁ πάντα κραίνων βασιλεὺς ἐπέβαλε θνατοῖς Κρονίδας:,,126.0,χρή σ ἀνάλγητος γάρ οὐδ ὁ πᾶς κραίνω βασιλεύς ἐπιβάλλω θνητός Κρονίδης
Χορός,"ἀλλ᾽ ἐπὶ πῆμα καὶ χαρὰ πᾶσι κυκλοῦσιν, οἷον",,127.0,ἀλλ ἐπί πῆμα καί χαρά πᾶς κυκλέω οἷος
Χορός,ἄρκτου στροφάδες κέλευθοι.,130.0,130.0,ἄρκτος στροφάς κέλευθος
Χορός,μένει γὰρ οὔτ᾽ αἰόλα,,131.0,μένω γάρ οὔτ αἰόλος
Χορός,νὺξ βροτοῖσιν οὔτε κῆρες,,132.0,νύξ βροτός οὔτε κήρ
Χορός,"οὔτε πλοῦτος, ἀλλ᾽ ἄφαρ",,133.0,οὔτε πλοῦτος ἀλλ ἄφαρ
Χορός,"βέβακε, τῷ δ᾽ ἐπέρχεται",,134.0,βαίνω ὁ δ ἐπέρχομαι
Χορός,χαίρειν τε καὶ στέρεσθαι.,135.0,135.0,χαίρω τε καί στέρομαι
Χορός,ἃ καὶ σὲ τὰν ἄνασσαν ἐλπίσιν λέγω,,136.0,ὅς καί σύ ὁ ἄνασσα ἐλπίς λέγω
Χορός,τάδ᾽ αἰὲν ἴσχειν: ἐπεὶ τίς ὧδε,,137.0,τάδ ἀεί ἴσχω ἐπεί τις ὧδε
Χορός,τέκνοισι Ζῆν᾽ ἄβουλον εἶδεν;,140.0,140.0,τέκνον Ζεύς ἄβουλος εἶδον
Δηιάνειρα,"πεπυσμένη μέν, ὡς ἀπεικάσαι, πάρει",,141.0,πυνθάνομαι μέν ὡς ἀπεικάζω πάρειμι
Δηιάνειρα,"πάθημα τοὐμόν:  ὡς δ᾽ ἐγὼ θυμοφθορῶ,",,142.0,πάθημα ἐμός  ὡς δ ἐγώ θυμοφθορέω
Δηιάνειρα,μήτ᾽ ἐκμάθοις παθοῦσα νῦν τ᾽ ἄπειρος εἶ.,,143.0,μήτ ἐκμανθάνω πάσχω νῦν τ ἄπειρος εἶμι
Δηιάνειρα,τὸ γὰρ νεάζον ἐν τοιοῖσδε βόσκεται,,144.0,ὁ γάρ νεάζω ἐν τοιόσδε βόσκω
Δηιάνειρα,"χώροισιν αὑτοῦ, καί νιν οὐ θάλπος θεοῦ",145.0,145.0,χῶρος ἑαυτοῦ καί νιν οὐ θάλπος θεός
Δηιάνειρα,"οὐδ᾽ ὄμβρος οὐδὲ πνευμάτων οὐδὲν κλονεῖ,",,146.0,οὐδ ὄμβρος οὐδέ πνεῦμα οὐδείς κλονέω
Δηιάνειρα,ἀλλ᾽ ἡδοναῖς ἄμοχθον ἐξαίρει βίον,,147.0,ἀλλ ἡδονή ἄμοχθος ἐξαίρω βίος
Δηιάνειρα,ἐς τοῦθ᾽ ἕως τις ἀντὶ παρθένου γυνὴ,,148.0,εἰς τοῦθ ἕως τις ἀντί παρθένος γυνή
Δηιάνειρα,"κληθῇ λάβῃ τ᾽ ἐν νυκτὶ φροντίδων μέρος,",,149.0,καλέω λαμβάνω τ ἐν νύξ φροντίς μέρος
Δηιάνειρα,ἤτοι πρὸς ἀνδρὸς ἢ τέκνων φοβουμένη.,150.0,150.0,ἤτοι πρός ἀνήρ ἤ τέκνον φοβέω
Δηιάνειρα,"τότ᾽ ἄν τις εἰσίδοιτο, τὴν αὑτοῦ σκοπῶν",,151.0,τότ ἀνά τις εἰσοράω ὁ ἑαυτοῦ σκοπέω
Δηιάνειρα,"πρᾶξιν, κακοῖσιν οἷς ἐγὼ βαρύνομαι.",,152.0,πρᾶξις κακός ὅς ἐγώ βαρύνω
Δηιάνειρα,πάθη μὲν οὖν δὴ πόλλ᾽ ἔγωγ᾽ ἐκλαυσάμην:,,153.0,πάθος μέν οὖν δή πόλλ ἔγωγ κλαίω
Δηιάνειρα,"ἓν δ᾽, οἷον οὔπω πρόσθεν, αὐτίκ᾽ ἐξερῶ.",,154.0,εἷς δ οἷος οὔπω πρόσθεν αὐτίκ ἐξερέω
Δηιάνειρα,ὁδὸν γὰρ ἦμος τὴν τελευταίαν ἄναξ,155.0,155.0,ὁδός γάρ ἦμος ὁ τελευταῖος ἄναξ
Δηιάνειρα,"ὡρμᾶτ᾽ ἀπ᾽ οἴκων Ἡρακλῆς, τότ᾽ ἐν δόμοις",,156.0,ὡρμᾶτ ἀπό οἶκος Ἡρακλέης τότ ἐν δόμος
Δηιάνειρα,λείπει παλαιὰν δέλτον ἐγγεγραμμένην,,157.0,λείπω παλαιός δέλτος ἐγγράφω
Δηιάνειρα,"ξυνθήμαθ᾽, ἁμοὶ πρόσθεν οὐκ ἔτλη ποτέ,",,158.0,ξυνθήμαθ ἁμός πρόσθεν οὐ τλάω ποτέ
Δηιάνειρα,"πολλοὺς ἀγῶνας ἐξιών, οὔπω φράσαι,",,159.0,πολύς ἀγών ἔξειμι οὔπω φράζω
Δηιάνειρα,ἀλλ᾽ ὥς τι δράσων εἷρπε κοὐ θανούμενος.,160.0,160.0,ἀλλ ὡς τις δράω ἕρπω οὐ θνήσκω
Δηιάνειρα,νῦν δ᾽ ὡς ἔτ᾽ οὐκ ὢν εἶπε μὲν λέχους ὅ τι,,161.0,νῦν δ ὡς ἔτ οὐ εἰμί εἶπον μέν λέχος ὁ τις
Δηιάνειρα,χρείη μ᾽ ἑλέσθαι κτῆσιν εἶπε δ᾽ ἣν τέκνοις,,162.0,χρή μ αἱρέω κτῆσις εἶπον δ ὅς τέκνον
Δηιάνειρα,"μοῖραν πατρῴας γῆς διαιρετὸν νέμοι,",,163.0,μοῖρα πατρῷος γῆ διαιρετός νέμω
Δηιάνειρα,χρόνον προτάξας ὡς τρίμηνον ἡνίκα,,164.0,χρόνος προτάσσω ὡς τρίμηνος ἡνίκα
Δηιάνειρα,"χώρας ἀπείη κἀνιαύσιον βεβώς,",165.0,165.0,χώρα ἄπειμι ἐνιαύσιος βαίνω
Δηιάνειρα,τότ᾽ ἢ θανεῖν χρείη σφε τῷδε τῷ χρόνῳ,,166.0,τότ ἤ θνήσκω χρή σφεῖς ὅδε ὁ χρόνος
Δηιάνειρα,ἢ τοῦθ᾽ ὑπεκδραμόντα τοῦ χρόνου τέλος,,167.0,ἤ τοῦθ ὑπεκτρέχω ὁ χρόνος τέλος
Δηιάνειρα,τὸ λοιπὸν ἤδη ζῆν ἀλυπήτῳ βίῳ.,,168.0,ὁ λοιπός ἤδη ζάω ἀλύπητος βίος
Δηιάνειρα,τοιαῦτ᾽ ἔφραζε πρὸς θεῶν εἱμαρμένα,,169.0,τοιαῦτ φράζω πρός θεός μείρομαι
Δηιάνειρα,"τῶν Ἡρακλείων ἐκτελευτᾶσθαι πόνων,",170.0,170.0,ὁ Ἡράκλειος ἐκτελευτάω πόνος
Δηιάνειρα,ὡς τὴν παλαιὰν φηγὸν αὐδῆσαί ποτε,,171.0,ὡς ὁ παλαιός φηγός αὐδάω ποτέ
Δηιάνειρα,Δωδῶνι δισσῶν ἐκ Πελειάδων ἔφη.,,172.0,Δωδώνη δισσός ἐκ πελειάς φημί
Δηιάνειρα,καὶ τῶνδε ναμέρτεια συμβαίνει χρόνου,,173.0,καί ὅδε νημέρτεια συμβαίνω χρόνος
Δηιάνειρα,"τοῦ νῦν παρόντος, ὡς τελεσθῆναι χρεών:",,174.0,ὁ νῦν πάρειμι ὡς τελέω χρεών
Δηιάνειρα,ὥσθ᾽ ἡδέως εὕδουσαν ἐκπηδᾶν ἐμὲ,175.0,175.0,ὥσθ ἡδέως εὕδω ἐκπηδάω ἐγώ
Δηιάνειρα,"φόβῳ, φίλαι, ταρβοῦσαν, εἴ με χρὴ μένειν",,176.0,φόβος φίλος ταρβέω εἰ ἐγώ χρή μένω
Δηιάνειρα,πάντων ἀρίστου φωτὸς ἐστερημένην.,,177.0,πᾶς ἄριστος φώς στερέω
Χορός,εὐφημίαν νῦν ἴσχ᾽: ἐπεὶ καταστεφῆ,,178.0,εὐφημία νῦν ἴσχ ἐπεί καταστεφής
Χορός,στείχονθ᾽ ὁρῶ τιν᾽ ἄνδρα πρὸς χαρὰν λόγων.,,179.0,στείχονθ ὁράω τιν ἀνήρ πρός χαρά λόγος
Χορός,ἀνολολυξάτω δόμοις ἐφεστίοις,205.0,205.0,ἀνολολύζω δόμος ἐφέστιος
Χορός,"ἀλαλαγαῖς ἁ μελλόνυμφος, ἐν δὲ",,206.0,ἀλαλαγή ὁ μελλόνυμφος ἐν δέ
Χορός,κοινὸς ἀρσένων ἴτω,,207.0,κοινός ἄρσην εἶμι
Χορός,κλαγγὰ τὸν εὐφαρέτραν,,208.0,κλαγγή ὁ εὐφαρέτρης
Χορός,Ἀπόλλω προστάταν: ὁμοῦ δὲ,,209.0,Ἀπόλλων προστάτης ὁμοῦ δέ
Χορός,"παιᾶνα παιᾶν᾽ ἀνάγετ᾽, ὦ παρθένοι,",210.0,210.0,παιάν παιᾶν ἀνάγετ ὦ παρθένος
Χορός,βοᾶτε τὰν ὁμόσπορον,,211.0,βοάω ὁ ὁμόσπορος
Χορός,Ἄρτεμιν Ὀρτυγίαν,,212.0,Ἄρτεμις Ὀρτυγία
Χορός,"ἐλαφαβόλον ἀμφίπυρον,",,213.0,ἐλαφηβόλος ἀμφίπυρος
Χορός,γείτονάς τε Νύμφας.,,214.0,γείτων τε νύμφη
Χορός,ἀείρομαι οὐδ᾽ ἀπώσομαι,215.0,215.0,ἀείρω οὐδ ἀπωθέω
Χορός,"τὸν αὐλόν, ὦ τύραννε τᾶς ἐμᾶς φρενός.",,216.0,ὁ αὐλός ὦ τύραννος ὁ ἐμός φρήν
Χορός,"ἰδού μ᾽ ἀναταράσσει,",,217.0,ἰδού μ ἀναταράσσω
Χορός,"εὐοῖ μ᾽,",,218.0,εὐοῖ μ
Χορός,ὁ κισσὸς ἄρτι βακχίαν,,219.0,ὁ κισσός ἄρτι Βάκχειος
Χορός,ὑποστρέφων ἅμιλλαν.  ἰὼ ἰὼ Παιάν.,220.0,220.0,ὑποστρέφω ἅμιλλα  ἰώ ἰώ Παιάν
Χορός,"ἴδ᾽, ὦ φίλα γύναι,",,221.0,ἴδ ὦ φίλος γυνή
Χορός,τάδ᾽ ἀντίπρῳρα δή σοι,,222.0,τάδ ἀντίπρῳρος δή σύ
Χορός,βλέπειν πάρεστ᾽ ἐναργῆ.,,223.0,βλέπω πάρεστ ἐναργής
Δηιάνειρα,"ὁρῶ, φίλαι γυναῖκες, οὐδέ μ᾽ ὄμματος",225.0,225.0,ὁράω φίλος γυνή οὐδέ μ ὄμμα
Δηιάνειρα,"φρουρὰν παρῆλθε, τόνδε μὴ λεύσσειν στόλον:",,226.0,φρουρά παρέρχομαι ὅδε μή λεύσσω στόλος
Δηιάνειρα,"χαίρειν δὲ τὸν κήρυκα προυννέπω, χρόνῳ",,227.0,χαίρω δέ ὁ κῆρυξ προεννέπω χρόνος
Δηιάνειρα,"πολλῷ φανέντα, χαρτὸν εἴ τι καὶ φέρεις.",,228.0,πολύς φαίνω χαρτός εἰ τις καί φέρω
Λίχας,"ἀλλ᾽ εὖ μὲν ἵγμεθ᾽, εὖ δὲ προσφωνούμεθα,",,229.0,ἀλλ εὖ μέν ἵγμεθ εὖ δέ προσφωνέω
Λίχας,"γύναι, κατ᾽ ἔργου κτῆσιν: ἄνδρα γὰρ καλῶς",230.0,230.0,γυνή κατά ἔργον κτῆσις ἀνήρ γάρ καλός
Λίχας,πράσσοντ᾽ ἀνάγκη χρηστὰ κερδαίνειν ἔπη.,,231.0,πράσσοντ ἀνάγκη χρηστός κερδαίνω ἔπος
Δηιάνειρα,"ὦ φίλτατ᾽ ἀνδρῶν, πρῶθ᾽ ἃ πρῶτα βούλομαι",,232.0,ὦ φίλτατ ἀνήρ πρῶθ ὅς πρῶτος βούλομαι
Δηιάνειρα,"δίδαξον, εἰ ζῶνθ᾽ Ἡρακλῆ προσδέξομαι.",,233.0,διδάσκω εἰ ζῶνθ Ἡρακλῆς προσδέχομαι
Λίχας,ἔγωγέ τοι σφ᾽ ἔλειπον ἰσχύοντά τε,,234.0,ἐγώ σύ σφ λείπω ἰσχύω τε
Λίχας,καὶ ζῶντα καὶ θάλλοντα κοὐ νόσῳ βαρύν.,235.0,235.0,καί ζάω καί θάλλω οὐ νόσος βαρύς
Δηιάνειρα,ποῦ γῆς; πατρῴας εἴτε βαρβάρου; λέγε.,,236.0,ποῦ γῆ πατρῷος εἴτε βάρβαρος λέγω
Λίχας,"ἀκτή τις ἔστ᾽ Εὐβοιίς, ἔνθ᾽ ὁρίζεται",,237.0,ἀκτή τις εἰμί Εὐβοικός εἰμί ὁρίζω
Λίχας,βωμοὺς τέλη τ᾽ ἔγκαρπα Κηναίῳ Διί.,,238.0,βωμός τέλος τ ἔγκαρπος Κηναῖος Ζεύς
Δηιάνειρα,εὐκταῖα φαίνων ἢ ἀπὸ μαντείας τινός;,,239.0,εὐκταῖος φαίνω ἤ ἀπό μαντεία τις
Λίχας,εὐχαῖς ὅθ᾽ ᾕρει τῶνδ᾽ ἀνάστατον δορὶ,240.0,240.0,εὐχή ὅθ αἱρέω τῶνδ ἀνάστατος δόρυ
Λίχας,χώραν γυναικῶν ὧν ὁρᾷς ἐν ὄμμασιν.,,241.0,χώρα γυνή ὅς ὁράω ἐν ὄμμα
Δηιάνειρα,"αὗται δέ, πρὸς θεῶν, τοῦ ποτ᾽ εἰσὶ καὶ τίνες;",,242.0,οὗτος δέ πρός θεός ὁ ποτ εἰμί καί τίς
Δηιάνειρα,"οἰκτραὶ γάρ, εἰ μὴ ξυμφοραὶ κλέπτουσί με.",,243.0,οἰκτρός γάρ εἰ μή συμφορά κλέπτω ἐγώ
Λίχας,ταύτας ἐκεῖνος Εὐρύτου πέρσας πόλιν,,244.0,οὗτος ἐκεῖνος Εὔρυτος πέρθω πόλις
Λίχας,ἐξείλεθ᾽ αὑτῷ κτῆμα καὶ θεοῖς κριτόν.,245.0,245.0,ἐξείλεθ ἑαυτοῦ κτῆμα καί θεός κριτός
Δηιάνειρα,ἦ κἀπὶ ταύτῃ τῇ πόλει τὸν ἄσκοπον,,246.0,εἰμί ἐπί οὗτος ὁ πόλις ὁ ἄσκοπος
Δηιάνειρα,χρόνον βεβὼς ἦν ἡμερῶν ἀνήριθμον;,,247.0,χρόνος βαίνω εἰμί ἡμέρα ἀνάριθμος
Λίχας,"οὔκ, ἀλλὰ τὸν μὲν πλεῖστον ἐν Λυδοῖς χρόνον",,248.0,οὐ ἀλλά ὁ μέν πλεῖστος ἐν Λυδός χρόνος
Λίχας,"κατείχεθ᾽, ὥς φησ᾽ αὐτός, οὐκ ἐλεύθερος,",,249.0,κατείχεθ ὡς φησ αὐτός οὐ ἐλεύθερος
Λίχας,"ἀλλ᾽ ἐμποληθείς: τοῦ λόγου δ᾽ οὐ χρὴ φθόνον,",250.0,250.0,ἀλλ ἐμπολάω ὁ λόγος δ οὐ χρή φθόνος
Λίχας,"γύναι, προσεῖναι, Ζεὺς ὅτου πράκτωρ φανῇ.",,251.0,γυνή πρόσειμι Ζεύς ὅστις πράκτωρ φαίνω
Λίχας,κεῖνος δὲ πραθεὶς Ὀμφάλῃ τῇ βαρβάρῳ,,252.0,ἐκεῖνος δέ πιπράσκω Ομφάλη ὁ βάρβαρος
Λίχας,"ἐνιαυτὸν ἐξέπλησεν, ὡς αὐτὸς λέγει.",,253.0,ἐνιαυτός ἐκπίμπλημι ὡς αὐτός λέγω
Λίχας,χοὔτως ἐδήχθη τοῦτο τοὔνειδος λαβὼν,,254.0,οὕτως δάκνω οὗτος ὄνειδος λαμβάνω
Λίχας,"ὥσθ᾽ ὅρκον αὑτῷ προσβαλὼν διώμοσεν,",255.0,255.0,ὥσθ ὅρκος ἑαυτοῦ προσβάλλω διόμνυμι
Λίχας,ἦ μὴν τὸν ἀγχιστῆρα τοῦδε τοῦ πάθους,,256.0,εἰμί μήν ὁ ἀγχιστήρ ὅδε ὁ πάθος
Λίχας,ξὺν παιδὶ καὶ γυναικὶ δουλώσειν ἔτι.,,257.0,σύν παῖς καί γυνή δουλόω ἔτι
Λίχας,"κοὐχ ἡλίωσε τοὔπος, ἀλλ᾽ ὅθ᾽ ἁγνὸς ἦν,",,258.0,οὐ ἁλιόω ἔπος ἀλλ ὅθ ἁγνός εἰμί
Λίχας,στρατὸν λαβὼν ἐπακτὸν ἔρχεται πόλιν,,259.0,στρατός λαμβάνω ἐπακτός ἔρχομαι πόλις
Λίχας,τὴν Εὐρυτείαν.  τόνδε γὰρ μεταίτιον,260.0,260.0,ὁ Εὐρύτειος  ὅδε γάρ μεταίτιος
Λίχας,μόνον βροτῶν ἔφασκε τοῦδ᾽ εἶναι πάθους:,,261.0,μόνος βροτός φάσκω τοῦδ εἰμί πάθος
Λίχας,"ὃς αὐτὸν ἐλθόντ᾽ ἐς δόμους ἐφέστιον,",,262.0,ὅς αὐτός ἐλθόντ εἰς δόμος ἐφέστιος
Λίχας,"ξένον παλαιὸν ὄντα, πολλὰ μὲν λόγοις",,263.0,ξένος παλαιός εἰμί πολύς μέν λόγος
Λίχας,"ἐπερρόθησε, πολλὰ δ᾽ ἀτηρᾷ φρενί,",,264.0,ἐπιρροθέω πολύς δ ἀτηρός φρήν
Λίχας,λέγων χεροῖν μὲν ὡς ἄφυκτ᾽ ἔχων βέλη,265.0,265.0,λέγω χείρ μέν ὡς ἄφυκτ ἔχω βέλος
Λίχας,"τῶν ὧν τέκνων λείποιτο πρὸς τόξου κρίσιν,",,266.0,ὁ ὅς τέκνον λείπω πρός τόξον κρίσις
Λίχας,φωνεῖ δὲ δοῦλος ἀνδρὸς ὡς ἐλευθέρου,,267.0,φωνέω δέ δοῦλος ἀνήρ ὡς ἐλεύθερος
Λίχας,"ῥαίοιτο: δείπνοις δ᾽ ἡνίκ᾽ ἦν ᾠνωμένος,",,268.0,ῥαίω δεῖπνον δ ἡνίκα εἰμί οἰνόω
Λίχας,"ἔρριψεν ἐκτὸς αὐτόν.  ὧν ἔχων χόλον,",,269.0,ῥίπτω ἐκτός αὐτός  ὅς ἔχω χόλος
Χορός,"ἄνασσα, νῦν σοι τέρψις ἐμφανὴς κυρεῖ,",,270.0,ἄνασσα νῦν σύ τέρψις ἐμφανὴς κυρέω
Χορός,"τῶν μὲν παρόντων, τὰ δὲ πεπυσμένῃ λόγῳ.",,271.0,ὁ μέν πάρειμι ὁ δέ πυνθάνομαι λόγος
Δηιάνειρα,"πῶς δ᾽ οὐκ ἐγὼ χαίροιμ᾽ ἄν, ἀνδρὸς εὐτυχῆ",,272.0,πῶς δ οὐ ἐγώ χαίροιμ ἀνά ἀνήρ εὐτυχής
Δηιάνειρα,"κλύουσα πρᾶξιν τήνδε, πανδίκῳ φρενί;",,273.0,κλύω πρᾶξις ὅδε πάνδικος φρήν
Δηιάνειρα,πολλή 'στ᾽ ἀνάγκη τῇδε τοῦτο συντρέχειν.,295.0,295.0,πολύς στ ἀνάγκη ὅδε οὗτος συντρέχω
Δηιάνειρα,ὅμως δ᾽ ἔνεστι τοῖσιν εὖ σκοπουμένοις,,296.0,ὅμως δ ἐν-εἰμί ὁ εὖ σκοπέω
Δηιάνειρα,"ταρβεῖν τὸν εὖ πράσσοντα, μὴ σφαλῇ ποτε.",,297.0,ταρβέω ὁ εὖ πράσσω μή σφάλλω ποτέ
Δηιάνειρα,"ἐμοὶ γὰρ οἶκτος δεινὸς εἰσέβη, φίλαι,",,298.0,ἐγώ γάρ οἶκτος δεινός εἰσβαίνω φίλος
Δηιάνειρα,ταύτας ὁρώσῃ δυσπότμους ἐπὶ ξένης,,299.0,οὗτος ὁράω δύσποτμος ἐπί ξένος
Δηιάνειρα,"χώρας ἀοίκους ἀπάτοράς τ᾽ ἀλωμένας,",300.0,300.0,χώρα ἄοικος ἀπάτωρ τ ἀλάομαι
Δηιάνειρα,αἳ πρὶν μὲν ἦσαν ἐξ ἐλευθέρων ἴσως,,301.0,ὅς πρίν μέν εἰμί ἐκ ἐλεύθερος ἴσως
Δηιάνειρα,"ἀνδρῶν, τανῦν δὲ δοῦλον ἴσχουσιν βίον.",,302.0,ἀνήρ τανῦν δέ δοῦλος ἴσχω βίος
Δηιάνειρα,"ὦ Ζεῦ τροπαῖε, μή ποτ᾽ εἰσίδοιμί σε",,303.0,ὦ Ζεύς τροπαῖος μή ποτ εἰσοράω σύ
Δηιάνειρα,"πρὸς τοὐμὸν οὕτω σπέρμα χωρήσαντά ποι,",,304.0,πρός ἐμός οὕτως σπέρμα χωρέω ποι
Δηιάνειρα,"μηδ᾽, εἴ τι δράσεις, τῆσδέ γε ζώσης ἔτι.",305.0,305.0,μηδ εἰ τις δράω ὅδε γε ζάω ἔτι
Δηιάνειρα,οὕτως ἐγὼ δέδοικα τάσδ᾽ ὁρωμένη.,,306.0,οὕτως ἐγώ δείδω τάσδ ὁράω
Δηιάνειρα,"ὦ δυστάλαινα, τίς ποτ᾽ εἶ νεανίδων;",,307.0,ὦ δυστάλας τις ποτ εἶμι νεᾶνις
Δηιάνειρα,ἄνανδρος ἢ τεκνοῦσσα; πρὸς μὲν γὰρ φύσιν,,308.0,ἄνανδρος ἤ τεκνοῦς πρός μέν γάρ φύσις
Δηιάνειρα,"πάντων ἄπειρος τῶνδε, γενναία δέ τις.",,309.0,πᾶς ἄπειρος ὅδε γενναῖος δέ τις
Δηιάνειρα,"Λίχα, τίνος ποτ᾽ ἐστὶν ἡ ξένη βροτῶν;",310.0,310.0,Λίχας τίς ποτ εἰμί ὁ ξένη βροτός
Δηιάνειρα,"τίς ἡ τεκοῦσα, τίς δ᾽ ὁ φιτύσας πατήρ;",,311.0,τις ὁ τίκτω τις δ ὁ φιτύω πατήρ
Δηιάνειρα,ἔξειπ᾽:  ἐπεί νιν τῶνδε πλεῖστον ᾤκτισα,,312.0,ἔξειπ  ἐπεί νιν ὅδε πλεῖστος οἰκτίζω
Δηιάνειρα,"βλέπουσ᾽, ὅσῳπερ καὶ φρονεῖν οἶδεν μόνη.",,313.0,βλέπουσ ὅσος καί φρονέω οἶδα μόνος
Λίχας,"τί δ᾽ οἶδ᾽ ἐγώ, τί δ᾽ ἄν με καὶ κρίνοις; ἴσως",,314.0,τίς δ οἶδ ἐγώ τίς δ ἀνά ἐγώ καί κρίνω ἴσως
Λίχας,γέννημα τῶν ἐκεῖθεν οὐκ ἐν ὑστάτοις.,315.0,315.0,γέννημα ὁ ἐκεῖθεν οὐ ἐν ὕστερος
Δηιάνειρα,μὴ τῶν τυράννων; Εὐρύτου σπορά τις ἦν;,,316.0,μή ὁ τύραννος Εὔρυτος σπορά τις εἰμί
Λίχας,οὐκ οἶδα: καὶ γὰρ οὐδ᾽ ἀνιστόρουν μακράν.,,317.0,οὐ οἶδα καί γάρ οὐδ ἀνιστορέω μακράν
Δηιάνειρα,οὐδ᾽ ὄνομα πρός του τῶν ξυνεμπόρων ἔχεις;,,318.0,οὐδ ὄνομα πρός τις ὁ συνέμπορος ἔχω
Λίχας,ἥκιστα:  σιγῇ τοὐμὸν ἔργον ἤνυτον.,,319.0,ἥκιστος  σιγή ἐμός ἔργον ἀνύω
Δηιάνειρα,"εἴπ᾽, ὦ τάλαιν᾽, ἀλλ᾽ ἡμὶν ἐκ σαυτῆς, ἐπεὶ",320.0,320.0,εἴπ ὦ τάλαιν ἀλλ ἐγώ ἐκ σεαυτοῦ ἐπεί
Δηιάνειρα,καὶ ξυμφορά τοι μὴ εἰδέναι σέ γ᾽ ἥτις εἶ.,,321.0,καί συμφορά σύ μή οἶδα σύ γε ὅστις εἶμι
Λίχας,οὔ τἄρα τῷ γε πρόσθεν οὐδὲν ἐξ ἴσου,,322.0,οὐ ἄρα ὁ γε πρόσθεν οὐδείς ἐκ ἴσος
Λίχας,"χρόνῳ διήσει γλῶσσαν, ἥτις οὐδαμὰ",,323.0,χρόνος διίημι γλῶσσα ὅστις οὐδαμός
Λίχας,"προύφηνεν οὔτε μείζον᾽ οὔτ᾽ ἐλάσσονα,",,324.0,προφαίνω οὔτε μείζον οὔτ ἐλάσσων
Λίχας,ἀλλ᾽ αἰὲν ὠδίνουσα συμφορᾶς βάρος,325.0,325.0,ἀλλ ἀεί ὠδίνω συμφορά βάρος
Λίχας,"δακρυρροεῖ δύστηνος, ἐξ ὅτου πάτραν",,326.0,δακρυρροέω δύστηνος ἐκ ὅστις πάτρα
Λίχας,διήνεμον λέλοιπεν: ἡ δέ τοι τύχη,,327.0,διήνεμος λείπω ὁ δέ σύ τύχη
Λίχας,"κακὴ μὲν αὐτῇ γ᾽, ἀλλὰ συγγνώμην ἔχει.",,328.0,κακός μέν αὐτός γε ἀλλά συγγνώμη ἔχω
Δηιάνειρα,"ἡ δ᾽ οὖν ἐάσθω, καὶ πορευέσθω στέγας",,329.0,ὁ δ οὖν ἐάω καί πορεύω στέγη
Δηιάνειρα,"οὕτως ὅπως ἥδιστα, μηδὲ πρὸς κακοῖς",330.0,330.0,οὕτως ὅπως ἡδύς μηδέ πρός κακός
Δηιάνειρα,τοῖς οὖσιν ἄλλην πρός γ᾽ ἐμοῦ λύπην λάβῃ:,,331.0,ὁ εἰμί ἄλλος πρός γε ἐγώ λύπη λαμβάνω
Δηιάνειρα,ἅλις γὰρ ἡ παροῦσα.  πρὸς δὲ δώματα,,332.0,ἅλις γάρ ὁ πάρειμι  πρός δέ δῶμα
Δηιάνειρα,"χωρῶμεν ἤδη πάντες, ὡς σύ θ᾽ οἷ θέλεις",,333.0,χωρέω ἤδη πᾶς ὡς σύ θ ἕ ἐθέλω
Δηιάνειρα,"σπεύδῃς, ἐγώ τε τἄνδον ἐξαρκῆ τιθῶ.",,334.0,σπεύδω ἐγώ τε ἔνδον ἐξαρκής τίθημι
Ἄγγελος,"αὐτοῦ γε πρῶτον βαιὸν ἀμμείνασ᾽, ὅπως",335.0,335.0,αὐτός γε πρῶτος βαιός ἀμμείνασ ὅπως
Ἄγγελος,"μάθῃς ἄνευ τῶνδ᾽, οὕστινάς τ᾽ ἄγεις ἔσω,",,336.0,μανθάνω ἄνευ τῶνδ ὅστις τ ἄγω ἔσω
Ἄγγελος,ὧν τ᾽ οὐδὲν εἰσήκουσας ἐκμάθῃς ἃ δεῖ:,,337.0,ὅς τ οὐδείς εἰσακούω ἐκμανθάνω ὅς δεῖ
Ἄγγελος,τούτων ἔχω γὰρ πάντ᾽ ἐπιστήμην ἐγώ.,,338.0,οὗτος ἔχω γάρ πάντ ἐπιστήμη ἐγώ
Δηιάνειρα,τί δ᾽ ἐστί; τοῦ με τήνδ᾽ ἐφίστασαι βάσιν;,,339.0,τίς δ εἰμί ὁ ἐγώ τήνδ ἐφίστημι βάσις
Ἄγγελος,σταθεῖσ᾽ ἄκουσον: καὶ γὰρ οὐδὲ τὸν πάρος,340.0,340.0,σταθεῖσ ἀκούω καί γάρ οὐδέ ὁ πάρος
Ἄγγελος,"μῦθον μάτην ἤκουσας, οὐδὲ νῦν δοκῶ.",,341.0,μῦθος μάτην ἀκούω οὐδέ νῦν δοκέω
Δηιάνειρα,πότερον ἐκείνους δῆτα δεῦρ᾽ αὖθις πάλιν,,342.0,πότερος ἐκεῖνος δῆτα δεῦρ αὖθις πάλιν
Δηιάνειρα,"καλῶμεν, ἢ 'μοὶ ταῖσδέ τ᾽ ἐξειπεῖν θέλεις;",,343.0,καλέω ἤ ἐγώ ὅδε τ ἐξεῖπον ἐθέλω
Ἄγγελος,"σοὶ ταῖσδέ τ᾽ οὐδὲν εἴργεται, τούτους δ᾽ ἔα.",,344.0,σύ ὅδε τ οὐδείς ἔργω οὗτος δ εἰμί
Δηιάνειρα,"καὶ δὴ βεβᾶσι, χὠ λόγος σημαινέτω.",345.0,345.0,καί δή βαίνω ὁ λόγος σημαίνω
Ἄγγελος,ἁνὴρ ὅδ᾽ οὐδὲν ὧν ἔλεξεν ἀρτίως,,346.0,ἀνήρ ὅδ οὐδείς ὅς λέγω ἄρτιος
Ἄγγελος,"φωνεῖ δίκης ἐς ὀρθόν, ἀλλ᾽ ἢ νῦν κακὸς",,347.0,φωνέω δίκη εἰς ὀρθός ἀλλ ἤ νῦν κακός
Ἄγγελος,ἢ πρόσθεν οὐ δίκαιος ἄγγελος παρῆν.,,348.0,ἤ πρόσθεν οὐ δίκαιος ἄγγελος πάρειμι
Δηιάνειρα,τί φής; σαφῶς μοι φράζε πᾶν ὅσον νοεῖς.,,349.0,τίς φημί σαφής ἐγώ φράζω πᾶς ὅσος νοέω
Δηιάνειρα,ἃ μὲν γὰρ ἐξείρηκας ἀγνοία μ᾽ ἔχει.,350.0,350.0,ὅς μέν γάρ ἐξερέω1 ἄγνοια μ ἔχω
Ἄγγελος,"τούτου λέγοντος τἀνδρὸς εἰσήκουσ᾽ ἐγώ,",,351.0,οὗτος λέγω ἀνήρ εἰσήκουσ ἐγώ
Ἄγγελος,"πολλῶν παρόντων μαρτύρων, ὡς τῆς κόρης",,352.0,πολύς πάρειμι μάρτυς ὡς ὁ κόρη
Ἄγγελος,ταύτης ἕκατι κεῖνος Εὔρυτόν θ᾽ ἕλοι,,353.0,οὗτος ἕκητι ἐκεῖνος Εὔρυτος θ αἱρέω
Ἄγγελος,"τήν θ᾽ ὑψίπυργον Οἰχαλίαν, Ἔρως δέ νιν",,354.0,ὁ θ ὑψίπυργος Οἰχαλία Ἔρως δέ νιν
Ἄγγελος,"μόνος θεῶν θέλξειεν αἰχμάσαι τάδε,",355.0,355.0,μόνος θεός θέλγω αἰχμάζω ὅδε
Ἄγγελος,οὐ τἀπὶ Λυδοῖς οὐδ᾽ ὑπ᾽ Ὀμφάλῃ πόνων,,356.0,οὐ ἐπί Λυδός οὐδ ὑπό Ομφάλη πόνος
Ἄγγελος,λατρεύματ᾽ οὐδ᾽ ὁ ῥιπτὸς Ἰφίτου μόρος:,,357.0,λατρεύματ οὐδ ὁ ῥιπτός Ἴφιτος μόρος
Ἄγγελος,ὃν νῦν παρώσας οὗτος ἔμπαλιν λέγει.,,358.0,ὅς νῦν παρωθέω οὗτος ἔμπαλιν λέγω
Ἄγγελος,ἀλλ᾽ ἡνίκ᾽ οὐκ ἔπειθε τὸν φυτοσπόρον,,359.0,ἀλλ ἡνίκα οὐ πείθω ὁ φυτοσπόρος
Ἄγγελος,"τὴν παῖδα δοῦναι, κρύφιον ὡς ἔχοι λέχος,",360.0,360.0,ὁ παῖς δίδωμι κρύφιος ὡς ἔχω λέχος
Ἄγγελος,ἔγκλημα μικρὸν αἰτίαν θ᾽ ἑτοιμάσας,,361.0,ἔγκλημα μικρός αἰτία θ ἑτοιμάζω
Ἄγγελος,"ἐπιστρατεύει πατρίδα τὴν ταύτης, ἐν ᾗ",,362.0,ἐπιστρατεύω πατρίς ὁ οὗτος ἐν ἵημι
Ἄγγελος,"τὸν Εὔρυτον τόνδ᾽ εἶπε δεσπόζειν θρόνων,",,363.0,ὁ Εὔρυτος τόνδ εἶπον δεσπόζω θρόνος
Ἄγγελος,κτείνει τ᾽ ἄνακτα πατέρα τῆσδε καὶ πόλιν,,364.0,κτείνω τ ἄναξ πατήρ ὅδε καί πόλις
Ἄγγελος,"ἔπερσε.  καὶ νῦν, ὡς ὁρᾷς, ἥκει δόμους",365.0,365.0,πέρθω  καί νῦν ὡς ὁράω ἥκω δόμος
Ἄγγελος,"ὡς τούσδε πέμπων οὐκ ἀφροντίστως, γύναι,",,366.0,ὡς ὅδε πέμπω οὐ ἀφρόντιστος γυνή
Ἄγγελος,οὐδ᾽ ὥστε δούλην: μηδὲ προσδόκα τόδε:,,367.0,οὐδ ὥστε δούλη μηδέ προσδοκάω ὅδε
Ἄγγελος,"οὐδ᾽ εἰκός, εἴπερ ἐντεθέρμανται πόθῳ.",,368.0,οὐδ ἔοικα εἴπερ ἐνθερμαίνω πόθος
Ἄγγελος,"ἔδοξεν οὖν μοι πρὸς σὲ δηλῶσαι τὸ πᾶν,",,369.0,δοκέω οὖν ἐγώ πρός σύ δηλόω ὁ πᾶς
Ἄγγελος,"δέσποιν᾽, ὃ τοῦδε τυγχάνω μαθὼν πάρα.",370.0,370.0,δέσποιν ὁ ὅδε τυγχάνω μανθάνω παρά
Ἄγγελος,καὶ ταῦτα πολλοὶ πρὸς μέσῃ Τραχινίων,,371.0,καί οὗτος πολύς πρός μέσος Τραχίς
Ἄγγελος,"ἀγορᾷ συνεξήκουον ὡσαύτως ἐμοί,",,372.0,ἀγορά συνεξακούω ὡσαύτως ἐγώ
Ἄγγελος,"ὥστ᾽ ἐξελέγχειν: εἰ δὲ μὴ λέγω φίλα,",,373.0,ὥστ ἐξελέγχω εἰ δέ μή λέγω φίλος
Ἄγγελος,"οὐχ ἥδομαι, τὸ δ᾽ ὀρθὸν ἐξείρηχ᾽ ὅμως.",,374.0,οὐ ἥδομαι ὁ δ ὀρθός ἐξείρηχ ὅμως
Δηιάνειρα,"οἴμοι τάλαινα, ποῦ ποτ᾽ εἰμὶ πράγματος;",375.0,375.0,οἴμοι τάλας ποῦ ποτ εἰμί πρᾶγμα
Δηιάνειρα,τίν᾽ εἰσδέδεγμαι πημονὴν ὑπόστεγον,,376.0,σύ εἰσδέχομαι πημονή ὑπόστεγος
Δηιάνειρα,λαθραῖον; ὦ δύστηνος: ἆρ᾽ ἀνώνυμος,,377.0,λαθραῖος ὦ δύστηνος ἆρ ἀνώνυμος
Δηιάνειρα,"πέφυκεν, ὥσπερ οὑπάγων διώμνυτο;",,378.0,φύω ὥσπερ ἐπάγω διόμνυμι
Ἄγγελος,"ἦ κάρτα λαμπρὰ καὶ κατ᾽ ὄνομα καὶ φύσιν,",,379.0,εἰμί κάρτα λαμπρός καί κατά ὄνομα καί φύσις
Ἄγγελος,πατρὸς μὲν οὖσα γένεσιν Εὐρύτου ποτὲ,380.0,380.0,πατήρ μέν εἰμί γένεσις Εὔρυτος ποτέ
Ἄγγελος,"Ἰόλη 'καλεῖτο, τῆς ἐκεῖνος οὐδαμὰ",,381.0,Ἰόλη καλέω ὁ ἐκεῖνος οὐδαμός
Ἄγγελος,"βλάστας ἐφώνει, δῆθεν οὐδὲν ἱστορῶν.",,382.0,βλάστη φωνέω δῆθεν οὐδείς ἱστορέω
Χορός,"ὄλοιντο—μή τι πάντες οἱ κακοί, τὰ δὲ",,383.0,ὄλοιντομή τις πᾶς ὁ κακός ὁ δέ
Χορός,λαθραῖ᾽ ὃς ἀσκεῖ μὴ πρέποντ᾽ αὐτῷ κακά.,,384.0,λαθραῖ ὅς ἀσκέω μή πρέποντ αὐτός κακός
Δηιάνειρα,"τί χρὴ ποεῖν, γυναῖκες; ὡς ἐγὼ λόγοις",385.0,385.0,τίς χρή ποιέω γυνή ὡς ἐγώ λόγος
Δηιάνειρα,τοῖς νῦν παροῦσιν ἐκπεπληγμένη κυρῶ.,,386.0,ὁ νῦν πάρειμι ἐκπλήγνυμι κυρέω
Χορός,"πεύθου μολοῦσα τἀνδρός, ὡς τάχ᾽ ἂν σαφῆ",,387.0,πεύθομαι βλώσκω ἀνήρ ὡς τάχ ἄν σαφής
Χορός,"λέξειεν, εἴ νιν πρὸς βίαν κρίνειν θέλοις.",,388.0,λέγω εἰ νιν πρός βία κρίνω ἐθέλω
Δηιάνειρα,ἀλλ᾽ εἶμι: καὶ γὰρ οὐκ ἀπὸ γνώμης λέγεις.,,389.0,ἀλλ εἶμι καί γάρ οὐ ἀπό γνώμη λέγω
Ἄγγελος,ἡμεῖς δὲ προσμένωμεν; ἢ τί χρὴ ποεῖν;,390.0,390.0,ἐγώ δέ προσμένω ἤ τίς χρή ποιέω
Δηιάνειρα,"μίμν᾽, ὡς ὅδ᾽ ἀνὴρ οὐκ ἐμῶν ὑπ᾽ ἀγγέλων,",,391.0,μίμν ὡς ὅδ ἀνήρ οὐ ἐμός ὑπό ἄγγελος
Δηιάνειρα,ἀλλ᾽ αὐτόκλητος ἐκ δόμων πορεύεται.,,392.0,ἀλλ αὐτόκλητος ἐκ δόμος πορεύω
Λίχας,"τί χρή, γύναι, μολόντα μ᾽ Ἡρακλεῖ λέγειν;",,393.0,τίς χρή γυνή βλώσκω μ Ἡρακλέης λέγω
Λίχας,"δίδαξον, ὡς ἕρποντος, ὡς ὁρᾷς, ἐμοῦ.",,394.0,διδάσκω ὡς ἕρπω ὡς ὁράω ἐγώ
Δηιάνειρα,ὡς ἐκ ταχείας σὺν χρόνῳ βραδεῖ μολὼν,395.0,395.0,ὡς ἐκ ταχύς σύν χρόνος βραδύς βλώσκω
Δηιάνειρα,"ᾁσσεις, πρὶν ἡμᾶς κἀννεώσασθαι λόγους.",,396.0,ᾁσσεις πρίν ἐγώ ἀνανεόομαι λόγος
Λίχας,"ἀλλ᾽ εἴ τι χρῄζεις ἱστορεῖν, πάρειμ᾽ ἐγώ.",,397.0,ἀλλ εἰ τις χρῄζω ἱστορέω πάρειμ ἐγώ
Δηιάνειρα,ἦ καὶ τὸ πιστὸν τῆς ἀληθείας νέμεις;,,398.0,εἰμί καί ὁ πιστός ὁ ἀλήθεια νέμω
Λίχας,"ἴστω μέγας Ζεύς, ὧν γ᾽ ἂν ἐξειδὼς κυρῶ.",,399.0,οἶδα μέγας Ζεύς ὅς γε ἄν ἔξοιδα κυρέω
Δηιάνειρα,τίς ἡ γυνὴ δῆτ᾽ ἐστὶν ἣν ἥκεις ἄγων;,400.0,400.0,τις ὁ γυνή δῆτ εἰμί ὅς ἥκω ἄγω
Λίχας,Εὐβοιίς:  ὧν δ᾽ ἔβλαστεν οὐκ ἔχω λέγειν.,,401.0,Εὐβοικός  ὅς δ βλαστάνω οὐ ἔχω λέγω
Ἄγγελος,"οὗτος, βλέφ᾽ ὧδε: πρὸς τίν᾽ ἐννέπειν δοκεῖς;",,402.0,οὗτος βλέφ ὧδε πρός σύ ἐνέπω δοκέω
Λίχας,σὺ δ᾽ εἰς τί δή με τοῦτ᾽ ἐρωτήσας ἔχεις;,,403.0,σύ δ εἰς τίς δή ἐγώ τοῦτ ἐρωτάω ἔχω
Ἄγγελος,"τόλμησον εἰπεῖν, εἰ φρονεῖς, ὅ σ᾽ ἱστορῶ.",,404.0,τολμάω εἶπον εἰ φρονέω ὁ σ ἱστορέω
Λίχας,"πρὸς τὴν κρατοῦσαν Δῃάνειραν, Οἰνέως",405.0,405.0,πρός ὁ κρατέω Δηιάνειρα Οἰνεύς
Λίχας,"κόρην δάμαρτά θ᾽ Ἡρακλέους, εἰ μὴ κυρῶ",,406.0,κόρη δάμαρ θ Ἡρακλῆς εἰ μή κυρέω
Λίχας,"λεύσσων μάταια, δεσπότιν τε τὴν ἐμήν.",,407.0,λεύσσω μάταιος δεσπότις τε ὁ ἐμός
Ἄγγελος,"τοῦτ᾽ αὔτ᾽ ἔχρῃζον, τοῦτό σου μαθεῖν: λέγειςδέσποιναν εἶναι τήνδε σήν;",,408.0,τοῦτ αὔτ χρῄζω οὗτος σύ μανθάνω λέγειςδέσποιναν εἰμί ὅδε σός
Λίχας,δίκαια γάρ.,,409.0,δίκαιος γάρ
Ἄγγελος,"τί δῆτα; ποίαν ἀξιοῖς δοῦναι δίκην,",410.0,410.0,τίς δῆτα ποῖος ἀξιόω δίδωμι δίκη
Ἄγγελος,ἢν εὑρεθῇς ἐς τήνδε μὴ δίκαιος ὤν;,,411.0,ἐάν εὑρίσκω εἰς ὅδε μή δίκαιος εἰμί
Λίχας,πῶς μὴ δίκαιος; τί ποτε ποικίλας ἔχεις;,,412.0,πῶς μή δίκαιος τίς ποτέ ποικίλλω ἔχω
Ἄγγελος,οὐδέν: σὺ μέντοι κάρτα τοῦτο δρῶν κυρεῖς.,,413.0,οὐδείς σύ μέντοι κάρτα οὗτος δράω κυρέω
Λίχας,ἄπειμι: μῶρος δ᾽ ἦ πάλαι κλύων σέθεν.,,414.0,ἄπειμι μωρός δ εἰμί πάλαι κλύω σύ
Ἄγγελος,"οὔ, πρίν γ᾽ ἂν εἴπῃς ἱστορούμενος βραχύ.",415.0,415.0,οὐ πρίν γε ἄν εἶπον ἱστορέω βραχύς
Λίχας,"λέγ᾽, εἴ τι χρῄζεις: καὶ γὰρ οὐ σιγηλὸς εἶ.",,416.0,λέγ εἰ τις χρῄζω καί γάρ οὐ σιγηλός εἶμι
Ἄγγελος,"τὴν αἰχμάλωτον, ἣν ἔπεμψας ἐς δόμους,κάτοισθα δήπου;",,417.0,ὁ αἰχμάλωτος ὅς πέμπω εἰς δόμουςκάτοισθα δήπου
Λίχας,φημί: πρὸς τί δ᾽ ἱστορεῖς;,,418.0,φημί πρός τίς δ ἱστορέω
Ἄγγελος,"οὔκουν σὺ ταύτην, ἣν ὑπ᾽ ἀγνοίας ὁρᾷς,",,419.0,οὔκουν σύ οὗτος ὅς ὑπό ἄγνοια ὁράω
Ἄγγελος,Ἰόλην ἔφασκες Εὐρύτου σπορὰν ἄγειν;,420.0,420.0,Ἰόλη φάσκω Εὔρυτος σπορά ἄγω
Λίχας,ποίοις ἐν ἀνθρώποισι; τίς πόθεν μολὼν,,421.0,ποῖος ἐν ἄνθρωπος τις πόθεν βλώσκω
Λίχας,σοὶ μαρτυρήσει ταῦτ᾽ ἐμοῦ κλύειν πάρα;,,422.0,σύ μαρτυρέω ταῦτ ἐγώ κλύω παρά
Ἄγγελος,πολλοῖσιν ἀστῶν: ἐν μέσῃ Τραχινίων,,423.0,πολύς ἀστός ἐν μέσος Τραχίς
Ἄγγελος,ἀγορᾷ πολύς σου ταῦτά γ᾽ εἰσήκουσ᾽ ὄχλος.,,424.0,ἀγορά πολύς σύ οὗτος γε εἰσήκουσ ὄχλος
Λίχας,κλύειν γ᾽ ἔφασκον: ταὐτὸ δ᾽ οὐχὶ γίγνεται,425.0,425.0,κλύω γε φάσκω αὐτός δ οὐ γίγνομαι
Λίχας,δόκησιν εἰπεῖν κἀξακριβῶσαι λόγον.,,426.0,δόκησις εἶπον ἐξακριβόω λόγος
Ἄγγελος,ποίαν δόκησιν; οὐκ ἐπώμοτος λέγων,,427.0,ποῖος δόκησις οὐ ἐπώμοτος λέγω
Ἄγγελος,δάμαρτ᾽ ἔφασκες Ἡρακλεῖ ταύτην ἄγειν;,,428.0,δάμαρτ φάσκω Ἡρακλέης οὗτος ἄγω
Λίχας,"ἐγὼ δάμαρτα; πρὸς θεῶν, φράσον, φίλη",,429.0,ἐγώ δάμαρ πρός θεός φράζω φίλος
Λίχας,"δέσποινα, τόνδε τίς ποτ᾽ ἐστὶν ὁ ξένος.",430.0,430.0,δέσποινα ὅδε τις ποτ εἰμί ὁ ξένος
Ἄγγελος,"ὃς σοῦ παρὼν ἤκουσεν, ὡς ταύτης πόθῳ",,431.0,ὅς σύ πάρειμι ἀκούω ὡς οὗτος πόθος
Ἄγγελος,"πόλις δαμείη πᾶσα, κοὐχ ἡ Λυδία",,432.0,πόλις δαμάζω πᾶς οὐ ὁ Λύδιος
Ἄγγελος,"πέρσειεν αὐτήν, ἀλλ᾽ ὁ τῆσδ᾽ ἔρως φανείς.",,433.0,πέρθω αὐτός ἀλλ ὁ τῆσδ ἔρως φαίνω
Λίχας,"ἅνθρωπος, ὦ δέσποιν᾽, ἀποστήτω: τὸ γὰρ",,434.0,ἄνθρωπος ὦ δέσποιν ἀφίστημι ὁ γάρ
Λίχας,νοσοῦντι ληρεῖν ἀνδρὸς οὐχὶ σώφρονος.,435.0,435.0,νοσέω ληρέω ἀνήρ οὐ σώφρων
Δηιάνειρα,"μή, πρός σε τοῦ κατ᾽ ἄκρον Οἰταῖον νάπος",,436.0,μή πρός σύ ὁ κατά ἄκρος οἰταῖος νάπος
Δηιάνειρα,"Διὸς καταστράπτοντος, ἐκκλέψῃς λόγον.",,437.0,Ζεύς καταστράπτω ἐκκλέπτω λόγος
Δηιάνειρα,οὐ γὰρ γυναικὶ τοὺς λόγους ἐρεῖς κακῇ,,438.0,οὐ γάρ γυνή ὁ λόγος ἐρῶ κακός
Δηιάνειρα,"οὐδ᾽ ἥτις οὐ κάτοιδε τἀνθρώπων, ὅτι",,439.0,οὐδ ὅστις οὐ κάτοιδα ἄνθρωπος ὅτι
Δηιάνειρα,χαίρειν πέφυκεν οὐχὶ τοῖς αὐτοῖς ἀεί.,440.0,440.0,χαίρω φύω οὐ ὁ αὐτός ἀεί
Δηιάνειρα,Ἔρωτι μέν νυν ὅστις ἀντανίσταται,,441.0,ἔρως μέν νῦν ὅστις ἀντανίστημι
Δηιάνειρα,"πύκτης ὅπως ἐς χεῖρας, οὐ καλῶς φρονεῖ:",,442.0,πύκτης ὅπως εἰς χείρ οὐ καλός φρονέω
Δηιάνειρα,"οὗτος γὰρ ἄρχει καὶ θεῶν ὅπως θέλει,",,443.0,οὗτος γάρ ἄρχω καί θεός ὅπως ἐθέλω
Δηιάνειρα,κἀμοῦ γε: πῶς δ᾽ οὐ χἀτέρας οἵας γ᾽ ἐμοῦ;,,444.0,ἐγώ γε πῶς δ οὐ ἕτερος οἷος γε ἐγώ
Δηιάνειρα,ὥστ᾽ εἴ τι τὠμῷ τ᾽ ἀνδρὶ τῇδε τῇ νόσῳ,445.0,445.0,ὥστ εἰ τις ἐμός τ ἀνήρ ὅδε ὁ νόσος
Δηιάνειρα,"ληφθέντι μεμπτός εἰμι, κάρτα μαίνομαι,",,446.0,λαμβάνω μεμπτός εἰμί κάρτα μαίνομαι
Δηιάνειρα,ἢ τῇδε τῇ γυναικὶ τῇ μεταιτίᾳ,,447.0,ἤ ὅδε ὁ γυνή ὁ μεταίτιος
Δηιάνειρα,τοῦ μηδὲν αἰσχροῦ μηδ᾽ ἐμοὶ κακοῦ τινος.,,448.0,ὁ μηδείς αἰσχρός μηδ ἐγώ κακός τις
Δηιάνειρα,οὐκ ἔστι ταῦτ᾽: ἀλλ᾽ εἰ μὲν ἐκ κείνου μαθὼν,,449.0,οὐ εἰμί ταῦτ ἀλλ εἰ μέν ἐκ ἐκεῖνος μανθάνω
Δηιάνειρα,"ψεύδει, μάθησιν οὐ καλὴν ἐκμανθάνεις.",450.0,450.0,ψεύδω μάθησις οὐ καλός ἐκμανθάνω
Δηιάνειρα,"εἰ δ᾽ αὐτὸς αὑτὸν ὧδε παιδεύεις, ὅταν",,451.0,εἰ δ αὐτός ἑαυτοῦ ὧδε παιδεύω ὅταν
Δηιάνειρα,"θέλῃς γενέσθαι χρηστός, ὀφθήσει κακός.",,452.0,ἐθέλω γίγνομαι χρηστός ὁράω κακός
Δηιάνειρα,ἀλλ᾽ εἰπὲ πᾶν τἀληθές: ὡς ἐλευθέρῳ,,453.0,ἀλλ εἶπον πᾶς ἀληθής ὡς ἐλεύθερος
Δηιάνειρα,ψευδεῖ καλεῖσθαι κὴρ πρόσεστιν οὐ καλή.,,454.0,ψευδής καλέω κήρ πρόσειμι οὐ καλός
Δηιάνειρα,"ὅπως δὲ λήσεις, οὐδὲ τοῦτο γίγνεται:",455.0,455.0,ὅπως δέ λανθάνω οὐδέ οὗτος γίγνομαι
Δηιάνειρα,"πολλοὶ γὰρ οἷς εἴρηκας, οἳ φράσουσ᾽ ἐμοί.",,456.0,πολύς γάρ ὅς ἐρῶ ὁ φράσουσ ἐγώ
Δηιάνειρα,"κεἰ μὲν δέδοικας, οὐ καλῶς ταρβεῖς, ἐπεὶ",,457.0,εἰ μέν δείδω οὐ καλός ταρβέω ἐπεί
Δηιάνειρα,"τὸ μὴ πυθέσθαι, τοῦτό μ᾽ ἀλγύνειεν ἄν:",,458.0,ὁ μή πυνθάνομαι οὗτος μ ἀλγύνω ἀνά
Δηιάνειρα,τὸ δ᾽ εἰδέναι τί δεινόν; οὐχὶ χἀτέρας,,459.0,ὁ δ οἶδα τίς δεινός οὐ ἕτερος
Δηιάνειρα,πλείστας ἀνὴρ εἷς Ἡρακλῆς ἔγημε δή;,460.0,460.0,πλεῖστος ἀνήρ εἷς Ἡρακλέης γαμέω δή
Δηιάνειρα,κοὔπω τις αὐτῶν ἔκ γ᾽ ἐμοῦ λόγον κακὸν,,461.0,οὔπω τις αὐτός ἐκ γε ἐγώ λόγος κακός
Δηιάνειρα,ἠνέγκατ᾽ οὐδ᾽ ὄνειδος: ἥδε τ᾽ οὐδ᾽ ἂν εἰ,,462.0,ἠνέγκατ οὐδ ὄνειδος ὅδε τ οὐδ ἄν εἰ
Δηιάνειρα,"κάρτ᾽ ἐντακείη τῷ φιλεῖν, ἐπεί σφ᾽ ἐγὼ",,463.0,κάρτ ἐντήκω ὁ φιλέω ἐπεί σφ ἐγώ
Δηιάνειρα,"ᾤκτιρα δὴ μάλιστα προσβλέψασ᾽, ὅτι",,464.0,οἰκτείρω δή μάλιστα προσβλέψασ ὅτι
Δηιάνειρα,"τὸ κάλλος αὐτῆς τὸν βίον διώλεσεν,",465.0,465.0,ὁ κάλλος αὐτός ὁ βίος διόλλυμι
Δηιάνειρα,καὶ γῆν πατρῴαν οὐχ ἑκοῦσα δύσμορος,,466.0,καί γῆ πατρῷος οὐ ἑκών δύσμορος
Δηιάνειρα,ἔπερσε κἀδούλωσεν.  ἀλλὰ ταῦτα μὲν,,467.0,πέρθω δουλόω  ἀλλά οὗτος μέν
Δηιάνειρα,ῥείτω κατ᾽ οὖρον: σοὶ δ᾽ ἐγὼ φράζω κακὸν,,468.0,ῥέω κατά οὖρος σύ δ ἐγώ φράζω κακός
Δηιάνειρα,"πρὸς ἄλλον εἶναι, πρὸς δ᾽ ἔμ᾽ ἀψευδεῖν ἀεί.",,469.0,πρός ἄλλος εἰμί πρός δ ἐν ἀψευδέω ἀεί
Χορός,"πείθου λεγούσῃ χρηστά, κοὐ μέμψει χρόνῳ",470.0,470.0,πείθω λέγω χρηστός οὐ μέμφομαι χρόνος
Χορός,γυναικὶ τῇδε κἀπ᾽ ἐμοῦ κτήσει χάριν.,,471.0,γυνή ὅδε ἀπό ἐγώ κτάομαι χάρις
Λίχας,"ἀλλ᾽, ὦ φίλη δέσποιν᾽, ἐπεί σε μανθάνω",,472.0,ἀλλ ὦ φίλος δέσποιν ἐπεί σύ μανθάνω
Λίχας,"θνητὴν φρονοῦσαν θνητὰ κοὐκ ἀγνώμονα,",,473.0,θνητός φρονέω θνητός οὐ ἀγνώμων
Λίχας,πᾶν σοι φράσω τἀληθὲς οὐδὲ κρύψομαι.,,474.0,πᾶς σύ φράζω ἀληθής οὐδέ κρύπτω
Λίχας,ἔστιν γὰρ οὕτως ὥσπερ οὗτος ἐννέπει.,475.0,475.0,εἰμί γάρ οὕτως ὥσπερ οὗτος ἐνέπω
Λίχας,ταύτης ὁ δεινὸς ἵμερός ποθ᾽ Ἡρακλῆ,,476.0,οὗτος ὁ δεινός ἵμερος ποθ Ἡρακλῆς
Λίχας,"διῆλθε, καὶ τῆσδ᾽ εἵνεχ᾽ ἡ πολύφθορος",,477.0,διέρχομαι καί τῆσδ εἵνεχ ὁ πολύφθορος
Λίχας,καθῃρέθη πατρῷος Οἰχαλία δόρει.,,478.0,καθαιρέω πατρῷος Οἰχαλία δόρυ
Λίχας,"καὶ ταῦτα, δεῖ γὰρ καὶ τὸ πρὸς κείνου λέγειν,",,479.0,καί οὗτος δεῖ γάρ καί ὁ πρός ἐκεῖνος λέγω
Λίχας,"οὔτ᾽ εἶπε κρύπτειν οὔτ᾽ ἀπηρνήθη ποτέ,",480.0,480.0,οὔτ εἶπον κρύπτω οὔτ ἀπαρνέομαι ποτέ
Λίχας,"ἀλλ᾽ αὐτός, ὦ δέσποινα, δειμαίνων τὸ σὸν",,481.0,ἀλλ αὐτός ὦ δέσποινα δειμαίνω ὁ σός
Λίχας,"μὴ στέρνον ἀλγύνοιμι τοῖσδε τοῖς λόγοις,",,482.0,μή στέρνον ἀλγύνω ὅδε ὁ λόγος
Λίχας,"ἥμαρτον, εἴ τι τήνδ᾽ ἁμαρτίαν νέμεις.",,483.0,ἁμαρτάνω εἰ τις τήνδ ἁμαρτία νέμω
Λίχας,"ἐπεί γε μὲν δὴ πάντ᾽ ἐπίστασαι λόγον,",,484.0,ἐπεί γε μέν δή πάντ ἐπίσταμαι λόγος
Λίχας,κείνου τε καὶ σὴν ἐξ ἴσου κοινὴν χάριν,485.0,485.0,ἐκεῖνος τε καί σός ἐκ ἴσος κοινός χάρις
Λίχας,"καὶ στέργε τὴν γυναῖκα καὶ βούλου λόγους,",,486.0,καί στέργω ὁ γυνή καί βούλομαι λόγος
Λίχας,"οὓς εἶπας ἐς τήνδ᾽, ἐμπέδως εἰρηκέναι:",,487.0,ὅς εἶπον εἰς τήνδ ἔμπεδος ἐρῶ
Λίχας,ὡς τἄλλ᾽ ἐκεῖνος πάντ᾽ ἀριστεύων χεροῖν,,488.0,ὡς τἄλλ ἐκεῖνος πάντ ἀριστεύω χείρ
Λίχας,τοῦ τῆσδ᾽ ἔρωτος εἰς ἅπανθ᾽ ἥσσων ἔφυ.,,489.0,ὁ τῆσδ ἔρως εἰς ἅπανθ ἥσσων φύω
Δηιάνειρα,"ἀλλ᾽ ὧδε καὶ φρονοῦμεν ὥστε ταῦτα δρᾶν,",490.0,490.0,ἀλλ ὧδε καί φρονέω ὥστε οὗτος δράω
Δηιάνειρα,"κοὔτοι νόσον γ᾽ ἐπακτὸν ἐξαρούμεθα,",,491.0,οὔτοι νόσος γε ἐπακτός ἐξαράομαι
Δηιάνειρα,θεοῖσι δυσμαχοῦντες.  ἀλλ᾽ εἴσω στέγης,,492.0,θεός δυσμαχέω  ἀλλ εἴσω στέγη
Δηιάνειρα,"χωρῶμεν, ὡς λόγων τ᾽ ἐπιστολὰς φέρῃς,",,493.0,χωρέω ὡς λόγος τ ἐπιστολή φέρω
Δηιάνειρα,"ἅ τ᾽ ἀντὶ δώρων δῶρα χρὴ προσαρμόσαι,",,494.0,ὅς τ ἀντί δῶρον δῶρον χρή προσαρμόζω
Δηιάνειρα,καὶ ταῦτ᾽ ἄγῃς: κενὸν γὰρ οὐ δίκαιά σε,495.0,495.0,καί ταῦτ ἄγω κενός γάρ οὐ δίκαιος σύ
Δηιάνειρα,χωρεῖν προσελθόνθ᾽ ὧδε σὺν πολλῷ στόλῳ.,,496.0,χωρέω προσελθόνθ ὧδε σύν πολύς στόλος
Χορός,μέγα τι σθένος ἁ Κύπρις ἐκφέρεται νίκας ἀεί.,,497.0,μέγας τις σθένος ὁ Κύπρις ἐκφέρω νίκη ἀεί
Χορός,καὶ τὰ μὲν θεῶν,,498.0,καί ὁ μέν θεός
Χορός,"παρέβαν, καὶ ὅπως Κρονίδαν ἀπάτασεν οὐ λέγω,",500.0,500.0,παραβαίνω καί ὅπως Κρονίδης ἀπατάω οὐ λέγω
Χορός,οὐδὲ τὸν ἔννυχον Ἅιδαν,,501.0,οὐδέ ὁ ἔννυχος ᾍδης
Χορός,ἢ Ποσειδάωνα τινάκτορα γαίας:,,502.0,ἤ Ποσειδεών τινάκτωρ γαῖα
Χορός,ἀλλ᾽ ἐπὶ τάνδ᾽ ἄρ᾽ ἄκοιτιν,,503.0,ἀλλ ἐπί τάνδ ἄρα ἄκοιτις
Χορός,"τίνες ἀμφίγυοι κατέβαν πρὸ γάμων,",,504.0,τίς ἀμφίγυος καταβαίνω πρό γάμος
Χορός,τίνες πάμπληκτα παγκόνιτά τ᾽ ἐξῆλθον ἄεθλ᾽ ἀγώνων;,505.0,505.0,τίς πάμπληκτος παγκόνιτος τ ἐξέρχομαι ἄεθλ ἀγών
Χορός,"ὁ μὲν ἦν ποταμοῦ σθένος, ὑψίκερω τετραόρου",,506.0,ὁ μέν εἰμί ποταμός σθένος ὑψίκερως τετράορος
Χορός,"φάσμα ταύρου,",,507.0,φάσμα ταῦρος
Χορός,"Ἀχελῷος ἀπ᾽ Οἰνιαδᾶν, ὁ δὲ Βακχίας ἀπὸ",510.0,510.0,Ἀχελῷος ἀπό Οἰνιάδαι ὁ δέ Βάκχειος ἀπό
Χορός,ἦλθε παλίντονα Θήβας,,511.0,ἔρχομαι παλίντονος Θῆβαι
Χορός,"τόξα καὶ λόγχας ῥόπαλόν τε τινάσσων,",,512.0,τόξον καί λόγχη ῥόπαλον τε τινάσσω
Χορός,παῖς Διός: οἳ τότ᾽ ἀολλεῖς,,513.0,παῖς Ζεύς ὁ τότ ἀολλής
Χορός,ἴσαν ἐς μέσον ἱέμενοι λεχέων:,,514.0,εἶμι εἰς μέσος ἵημι λέχος
Χορός,μόνα δ᾽ εὔλεκτρος ἐν μέσῳ Κύπρις ῥαβδονόμει ξυνοῦσα.,515.0,515.0,μόνος δ εὔλεκτρος ἐν μέσος Κύπρις ῥαβδονομέω σύνειμι
Χορός,"τότ᾽ ἦν χερός, ἦν δὲ τόξων πάταγος,",,516.0,τότ εἰμί χείρ εἰμί δέ τόξον πάταγος
Χορός,ταυρείων τ᾽ ἀνάμιγδα κεράτων:,,517.0,ταύρειος τ ἀναμίξ κέρας
Χορός,"ἦν δ᾽ ἀμφίπλεκτοι κλίμακες,",520.0,520.0,εἰμί δ ἀμφίπλεκτος κλῖμαξ
Χορός,ἦν δὲ μετώπων ὀλόεντα,,521.0,εἰμί δέ μέτωπον ὀλόεις
Χορός,"πλήγματα, καὶ στόνος ἀμφοῖν.",,522.0,πλῆγμα καί στόνος ἄμφω
Χορός,ἁ δ᾽ εὐῶπις ἁβρὰ,,523.0,ὁ δ εὐῶπις ἁβρός
Χορός,τηλαυγεῖ παρ᾽ ὄχθῳ,,524.0,τηλαυγής παρ ὄχθος
Χορός,"ἧστο, τὸν ὃν προσμένουσ᾽ ἀκοίταν.",525.0,525.0,ἧμαι ὁ ὅς προσμένουσ ἀκοίτης
Χορός,ἀγὼν δὲ μαργᾷ μὲν οἷα φράζω:,,526.0,ἀγών δέ μαργᾷ μέν οἷος φράζω
Χορός,τὸ δ᾽ ἀμφινείκητον ὄμμα νύμφας,,527.0,ὁ δ ἀμφινείκητος ὄμμα νύμφη
Χορός,ἐλεινὸν ἀμμένει:,,528.0,ἐλεεινός ἀναμένω
Χορός,"κἀπὸ ματρὸς ἄφαρ βέβακεν,",,529.0,ἀπό μήτηρ ἄφαρ βάζω
Χορός,ὥστε πόρτις ἐρήμα.,530.0,530.0,ὥστε πόρτις ἐρῆμος
Δηιάνειρα,"ἦμος, φίλαι, κατ᾽ οἶκον ὁ ξένος θροεῖ",,531.0,ἦμος φίλος κατά οἶκος ὁ ξένος θροέω
Δηιάνειρα,"ταῖς αἰχμαλώτοις παισὶν ὡς ἐπ᾽ ἐξόδῳ,",,532.0,ὁ αἰχμάλωτος παῖς ὡς ἐπί ἔξοδος
Δηιάνειρα,"τῆμος θυραῖος ἦλθον ὡς ὑμᾶς λάθρᾳ,",,533.0,τῆμος θυραῖος ἔρχομαι ὡς σύ λάθρῃ
Δηιάνειρα,"τὰ μὲν φράσουσα χερσὶν ἁτεχνησάμην,",,534.0,ὁ μέν φράζω χείρ τεχνάομαι
Δηιάνειρα,τὰ δ᾽ οἷα πάσχω συγκατοικτιουμένη.,535.0,535.0,ὁ δ οἷος πάσχω συγκατοικτίζομαι
Δηιάνειρα,"κόρην γάρ, οἶμαι δ᾽ οὐκέτ᾽, ἀλλ᾽ ἐζευγμένην,",,536.0,κόρη γάρ οἴομαι δ οὐκέτ ἀλλ ζεύγνυμι
Δηιάνειρα,"παρεισδέδεγμαι φόρτον ὥστε ναυτίλος,",,537.0,παρεισδέχομαι φόρτος ὥστε ναυτίλος
Δηιάνειρα,λωβητὸν ἐμπόλημα τῆς ἐμῆς φρενός.,,538.0,λωβητός ἐμπόλημα ὁ ἐμός φρήν
Δηιάνειρα,καὶ νῦν δύ᾽ οὖσαι μίμνομεν μιᾶς ὑπὸ,,539.0,καί νῦν δύ εἰμί μίμνω εἷς ὑπό
Δηιάνειρα,"χλαίνης ὑπαγκάλισμα.  τοιάδ᾽ Ἡρακλῆς,",540.0,540.0,χλαῖνα ὑπαγκάλισμα  τοιάδ Ἡρακλέης
Δηιάνειρα,"ὁ πιστὸς ἡμῖν κἀγαθὸς καλούμενος,",,541.0,ὁ πιστός ἐγώ ἀγαθός καλέω
Δηιάνειρα,οἰκούρι᾽ ἀντέπεμψε τοῦ μακροῦ χρόνου.,,542.0,οἰκούρι ἀντιπέμπω ὁ μακρός χρόνος
Δηιάνειρα,ἐγὼ δὲ θυμοῦσθαι μὲν οὐκ ἐπίσταμαι,,543.0,ἐγώ δέ θυμόω μέν οὐ ἐπίσταμαι
Δηιάνειρα,νοσοῦντι κείνῳ πολλὰ τῇδε τῇ νόσῳ:,,544.0,νοσέω ἐκεῖνος πολύς ὅδε ὁ νόσος
Δηιάνειρα,τὸ δ᾽ αὖ ξυνοικεῖν τῇδ᾽ ὁμοῦ τίς ἂν γυνὴ,545.0,545.0,ὁ δ αὖ συνοικέω τῇδ ὁμοῦ τις ἄν γυνή
Δηιάνειρα,"δύναιτο, κοινωνοῦσα τῶν αὐτῶν γάμων;",,546.0,δύναμαι κοινωνέω ὁ αὐτός γάμος
Δηιάνειρα,"ὁρῶ γὰρ ἥβην τὴν μὲν ἕρπουσαν πρόσω,",,547.0,ὁράω γάρ ἥβη ὁ μέν ἕρπω πρόσω
Δηιάνειρα,τὴν δὲ φθίνουσαν:  ὧν ἀφαρπάζειν φιλεῖ,,548.0,ὁ δέ φθίω  ὅς ἀφαρπάζω φιλέω
Δηιάνειρα,"ὀφθαλμὸς ἄνθος, τῶν δ᾽ ὑπεκτρέπει πόδα.",,549.0,ὀφθαλμός ἄνθος ὁ δ ὑπεκτρέπω πούς
Δηιάνειρα,ταῦτ᾽ οὖν φοβοῦμαι μὴ πόσις μὲν Ἡρακλῆς,550.0,550.0,ταῦτ οὖν φοβέω μή πόσις μέν Ἡρακλέης
Δηιάνειρα,"ἐμὸς καλῆται, τῆς νεωτέρας δ᾽ ἀνήρ.",,551.0,ἐμός καλέω ὁ νέος δ ἀνήρ
Δηιάνειρα,"ἀλλ᾽ οὐ γάρ, ὥσπερ εἶπον, ὀργαίνειν καλὸν",,552.0,ἀλλ οὐ γάρ ὥσπερ εἶπον ὀργαίνω καλός
Δηιάνειρα,"γυναῖκα νοῦν ἔχουσαν: ᾗ δ᾽ ἔχω, φίλαι,",,553.0,γυνή νόος ἔχω ἵημι δ ἔχω φίλος
Δηιάνειρα,"λυτήριον λώφημα, τῇδ᾽ ὑμῖν φράσω.",,554.0,λυτήριος λώφημα τῇδ σύ φράζω
Δηιάνειρα,ἦν μοι παλαιὸν δῶρον ἀρχαίου ποτὲ,555.0,555.0,εἰμί ἐγώ παλαιός δῶρον ἀρχαῖος ποτέ
Δηιάνειρα,"θηρός, λέβητι χαλκέῳ κεκρυμμένον,",,556.0,θήρ λέβης χάλκεος κρύπτω
Δηιάνειρα,ὃ παῖς ἔτ᾽ οὖσα τοῦ δασυστέρνου παρὰ,,557.0,ὁ παῖς ἔτ εἰμί ὁ δασύστερνος παρά
Δηιάνειρα,"Νέσσου φθίνοντος ἐκ φονῶν ἀνειλόμην,",,558.0,Νέσσος φθίω ἐκ φονή ἀναιρέω
Δηιάνειρα,ὃς τὸν βαθύρρουν ποταμὸν Εὔηνον βροτοὺς,,559.0,ὅς ὁ βαθύρροος ποταμός Εὐνος βροτός
Δηιάνειρα,"μισθοῦ 'πόρευε χερσίν, οὔτε πομπίμοις",560.0,560.0,μισθός πορεύω χείρ οὔτε πόμπιμος
Δηιάνειρα,κώπαις ἐρέσσων οὔτε λαίφεσιν νεώς.,,561.0,κώπη ἐρέσσω οὔτε λαῖφος ναῦς
Δηιάνειρα,"ὃς κἀμέ, τὸν πατρῷον ἡνίκα στόλον",,562.0,ὅς ἐγώ ὁ πατρῷος ἡνίκα στόλος
Δηιάνειρα,"ξὺν Ἡρακλεῖ τὸ πρῶτον εὖνις ἑσπόμην,",,563.0,σύν Ἡρακλέης ὁ πρῶτος εὖνις ἕπομαι
Δηιάνειρα,"φέρων ἐπ᾽ ὤμοις, ἡνίκ᾽ ἦ μέσῳ πόρῳ,",,564.0,φέρω ἐπί ὦμος ἡνίκα εἰμί μέσος πόρος
Δηιάνειρα,"ψαύει ματαίαις χερσίν: ἐκ δ᾽ ἤυσ᾽ ἐγώ,",565.0,565.0,ψαύω μάταιος χείρ ἐκ δ ἤυσ ἐγώ
Δηιάνειρα,χὠ Ζηνὸς εὐθὺς παῖς ἐπιστρέψας χεροῖν,,566.0,ὁ Ζεύς εὐθύς παῖς ἐπιστρέφω χείρ
Δηιάνειρα,ἧκεν κομήτην ἰόν: ἐς δὲ πλεύμονας,,567.0,ἵημι κομήτης εἰμί εἰς δέ πλεύμων
Δηιάνειρα,στέρνων διερροίζησεν.  ἐκθνῄσκων δ᾽ ὁ θὴρ,,568.0,στέρνον διαρροιζέω  ἐκθνήσκω δ ὁ θήρ
Δηιάνειρα,"τοσοῦτον εἶπε: παῖ γέροντος Οἰνέως,",,569.0,τοσοῦτος εἶπον παῖς γέρων Οἰνεύς
Δηιάνειρα,"τοσόνδ᾽ ὀνήσει τῶν ἐμῶν, ἐὰν πίθῃ,",570.0,570.0,τοσόνδ ὀνίνημι ὁ ἐμός ἐάν πείθω
Δηιάνειρα,"πορθμῶν, ὁθούνεχ᾽ ὑστάτην σ᾽ ἔπεμψ᾽ ἐγώ:",,571.0,πορθμός ὁθούνεκα ὕστερος σ ἔπεμψ ἐγώ
Δηιάνειρα,ἐὰν γὰρ ἀμφίθρεπτον αἷμα τῶν ἐμῶν,,572.0,ἐάν γάρ ἀμφίθρεπτος αἷμα ὁ ἐμός
Δηιάνειρα,"σφαγῶν ἐνέγκῃ χερσίν, ᾗ μελαγχόλους",,573.0,σφαγή φέρω χείρ ἵημι μελάγχολος
Δηιάνειρα,"ἔβαψεν ἰοὺς θρέμμα Λερναίας ὕδρας,",,574.0,βάπτω ἰός θρέμμα Λερναῖος ὕδρα
Δηιάνειρα,ἔσται φρενός σοι τοῦτο κηλητήριον,575.0,575.0,εἰμί φρήν σύ οὗτος κηλητήριος
Δηιάνειρα,"τῆς Ἡρακλείας, ὥστε μήτιν᾽ εἰσιδὼν",,576.0,ὁ Ἡράκλεια ὥστε μήτιν εἰσοράω
Δηιάνειρα,στέρξει γυναῖκα κεῖνος ἀντὶ σοῦ πλέον.,,577.0,στέργω γυνή ἐκεῖνος ἀντί σύ πλείων
Δηιάνειρα,"τοῦτ᾽ ἐννοήσασ᾽, ὦ φίλαι, δόμοις γὰρ ἦν",,578.0,τοῦτ ἐννοήσασ ὦ φίλος δόμος γάρ εἰμί
Δηιάνειρα,"κείνου θανόντος ἐγκεκλῃμένον καλῶς,",,579.0,ἐκεῖνος θνήσκω ἐγκλείω καλός
Δηιάνειρα,"χιτῶνα τόνδ᾽ ἔβαψα, προσβαλοῦσ᾽ ὅσα",580.0,580.0,χιτών τόνδ βάπτω προσβαλοῦσ ὅσος
Δηιάνειρα,ζῶν κεῖνος εἶπε: καὶ πεπείρανται τάδε.,,581.0,ζάω ἐκεῖνος εἶπον καί περαίνω ὅδε
Δηιάνειρα,κακὰς δὲ τόλμας μήτ᾽ ἐπισταίμην ἐγὼ,,582.0,κακός δέ τόλμα μήτ ἐπίσταμαι ἐγώ
Δηιάνειρα,"μήτ᾽ ἐκμάθοιμι, τάς τε τολμώσας στυγῶ:",,583.0,μήτ ἐκμανθάνω ὁ τε τολμάω στυγέω
Δηιάνειρα,φίλτροις δ᾽ ἐάν πως τήνδ᾽ ὑπερβαλώμεθα,,584.0,φίλτρον δ ἐάν πως τήνδ ὑπερβάλλω
Δηιάνειρα,"τὴν παῖδα καὶ θέλκτροισι τοῖς ἐφ᾽ Ἡρακλεῖ,",585.0,585.0,ὁ παῖς καί θέλκτρον ὁ ἐπί Ἡρακλέης
Δηιάνειρα,"μεμηχάνηται τοὔργον, εἴ τι μὴ δοκῶ",,586.0,μηχανάομαι ἔργον εἰ τις μή δοκέω
Δηιάνειρα,"πράσσειν μάταιον: εἰ δὲ μή, πεπαύσομαι.",,587.0,πράσσω μάταιος εἰ δέ μή παύω
Χορός,"ἀλλ᾽ εἴ τις ἐστὶ πίστις ἐν τοῖς δρωμένοις,",,588.0,ἀλλ εἰ τις εἰμί πίστις ἐν ὁ δράω
Χορός,δοκεῖς παρ᾽ ἡμῖν οὐ βεβουλεῦσθαι κακῶς.,,589.0,δοκέω παρ ἐγώ οὐ βουλεύω κακός
Δηιάνειρα,"οὕτως ἔχει γ᾽ ἡ πίστις, ὡς τὸ μὲν δοκεῖν",590.0,590.0,οὕτως ἔχω γε ὁ πίστις ὡς ὁ μέν δοκέω
Δηιάνειρα,"ἔνεστι, πείρᾳ δ᾽ οὐ προσωμίλησά πω:",,591.0,ἐν-εἰμί πεῖρα δ οὐ προσομιλέω πω
Χορός,"ἀλλ᾽ εἰδέναι χρὴ δρῶσαν, ὡς οὐδ᾽ εἰ δοκεῖς",,592.0,ἀλλ οἶδα χρή δράω ὡς οὐδ εἰ δοκέω
Χορός,"ἔχειν, ἔχοις ἂν γνῶμα, μὴ πειρωμένη.",,593.0,ἔχω ἔχω ἄν γνῶμα μή πειράω
Δηιάνειρα,"ἀλλ᾽ αὐτίκ᾽ εἰσόμεσθα, τόνδε γὰρ βλέπω",,594.0,ἀλλ αὐτίκ οἶδα ὅδε γάρ βλέπω
Δηιάνειρα,θυραῖον ἤδη: διὰ τάχους δ᾽ ἐλεύσεται.,595.0,595.0,θυραῖος ἤδη διά τάχος δ ἔρχομαι
Δηιάνειρα,μόνον παρ᾽ ὑμῶν εὖ στεγοίμεθ᾽:  ὡς σκότῳ,,596.0,μόνος παρ σύ εὖ στεγοίμεθ  ὡς σκότος
Δηιάνειρα,"κἂν αἰσχρὰ πράσσῃς, οὔποτ᾽ αἰσχύνῃ πεσεῖ.",,597.0,κἀν αἰσχρός πράσσω οὔποτ αἰσχύνη πίπτω
Λίχας,"τί χρὴ ποεῖν; σήμαινε, τέκνον Οἰνέως,",,598.0,τίς χρή ποιέω σημαίνω τέκνον Οἰνεύς
Λίχας,ὡς ἐσμὲν ἤδη τῷ μακρῷ χρόνῳ βραδεῖς.,,599.0,ὡς εἰμί ἤδη ὁ μακρός χρόνος βραδύς
Δηιάνειρα,"ἀλλ᾽ αὐτὰ δή σοι ταῦτα καὶ πράσσω, Λίχα,",600.0,600.0,ἀλλ αὐτός δή σύ οὗτος καί πράσσω Λίχας
Δηιάνειρα,"ἕως σὺ ταῖς ἔσωθεν ἠγορῶ ξέναις,",,601.0,ἕως σύ ὁ ἔσωθεν ἀγοράομαι ξένος
Δηιάνειρα,"ὅπως φέρῃς μοι τόνδε ταναϋφῆ πέπλον,",,602.0,ὅπως φέρω ἐγώ ὅδε ταναυφής πέπλος
Δηιάνειρα,δώρημ᾽ ἐκείνῳ τἀνδρὶ τῆς ἐμῆς χερός.,,603.0,δώρημ ἐκεῖνος ἀνήρ ὁ ἐμός χείρ
Δηιάνειρα,διδοὺς δὲ τόνδε φράζ᾽ ὅπως μηδεὶς βροτῶν,,604.0,δίδωμι δέ ὅδε φράζ ὅπως μηδείς βροτός
Δηιάνειρα,"κείνου πάροιθεν ἀμφιδύσεται χροΐ,",605.0,605.0,ἐκεῖνος πάροιθε ἀμφιδύω χρώς
Δηιάνειρα,μηδ᾽ ὄψεταί νιν μήτε φέγγος ἡλίου,,606.0,μηδ ὁράω νιν μήτε φέγγος ἥλιος
Δηιάνειρα,"μήθ᾽ ἕρκος ἱερὸν μήτ᾽ ἐφέστιον σέλας,",,607.0,μήθ ἕρκος ἱερός μήτ ἐφέστιος σέλας
Δηιάνειρα,πρὶν κεῖνος αὐτὸν φανερὸς ἐμφανῶς σταθεὶς,,608.0,πρίν ἐκεῖνος αὐτός φανερός ἐμφανής ἵστημι
Δηιάνειρα,δείξῃ θεοῖσιν ἡμέρᾳ ταυροσφάγῳ.,,609.0,δείκνυμι θεός ἡμέρα ταυροσφάγος
Δηιάνειρα,"οὕτω γὰρ ηὔγμην, εἴ ποτ᾽ αὐτὸν ἐς δόμους",610.0,610.0,οὕτως γάρ εὔχομαι εἰ ποτ αὐτός εἰς δόμος
Δηιάνειρα,"ἴδοιμι σωθέντ᾽ ἢ κλύοιμι πανδίκως,",,611.0,εἶδον σωθέντ ἤ κλύω πάνδικος
Δηιάνειρα,στελεῖν χιτῶνι τῷδε καὶ φανεῖν θεοῖς,,612.0,στέλλω χιτών ὅδε καί φαίνω θεός
Δηιάνειρα,θυτῆρα καινῷ καινὸν ἐν πεπλώματι.,,613.0,θυτήρ καινός καινός ἐν πέπλωμα
Δηιάνειρα,"καὶ τῶνδ᾽ ἀποίσεις σῆμ᾽, ὃ κεῖνος εὐμαθὲς",,614.0,καί τῶνδ ἀποφέρω σῆμ ὁ ἐκεῖνος εὐμαθής
Δηιάνειρα,σφραγῖδος ἕρκει τῷδ᾽ ἐπὸν μαθήσεται.,615.0,615.0,σφραγίς ἕρκος τῷδ ἔπειμι μανθάνω
Δηιάνειρα,"ἀλλ᾽ ἕρπε, καὶ φύλασσε πρῶτα μὲν νόμον,",,616.0,ἀλλ ἕρπω καί φυλάσσω πρῶτος μέν νόμος
Δηιάνειρα,τὸ μὴ 'πιθυμεῖν πομπὸς ὢν περισσὰ δρᾶν:,,617.0,ὁ μή ἐπιθυμέω πομπός εἰμί περισσός δράω
Δηιάνειρα,ἔπειθ᾽ ὅπως ἂν ἡ χάρις κείνου τέ σοι,,618.0,ἔπειθ ὅπως ἄν ὁ χάρις ἐκεῖνος τε σύ
Δηιάνειρα,κἀμοῦ ξυνελθοῦσ᾽ ἐξ ἁπλῆς διπλῆ φανῇ.,,619.0,ἐγώ ξυνελθοῦσ ἐκ ἁπλόος διπλόος φαίνω
Λίχας,ἀλλ᾽ εἴπερ Ἑρμοῦ τήνδε πομπεύω τέχνην,620.0,620.0,ἀλλ εἴπερ Ἑρμῆς ὅδε πομπεύω τέχνη
Λίχας,"βέβαιον, οὔ τι μὴ σφαλῶ γ᾽ ἐν σοί ποτε,",,621.0,βέβαιος οὐ τις μή σφάλλω γε ἐν σύ ποτέ
Λίχας,"τὸ μὴ οὐ τόδ᾽ ἄγγος ὡς ἔχει δεῖξαι φέρων,",,622.0,ὁ μή οὐ τόδ ἄγγος ὡς ἔχω δείκνυμι φέρω
Λίχας,λόγων τε πίστιν ὧν λέγεις ἐφαρμόσαι.,,623.0,λόγος τε πίστις ὅς λέγω ἐφαρμόζω
Δηιάνειρα,στείχοις ἂν ἤδη: καὶ γὰρ ἐξεπίστασαι,,624.0,στείχω ἄν ἤδη καί γάρ ἐξεπίσταμαι
Δηιάνειρα,τά γ᾽ ἐν δόμοισιν ὡς ἔχοντα τυγχάνει.,625.0,625.0,ὁ γε ἐν δόμος ὡς ἔχω τυγχάνω
Λίχας,ἐπίσταμαί τε καὶ φράσω σεσωσμένα.,,626.0,ἐπίσταμαι τε καί φράζω σώζω
Δηιάνειρα,ἀλλ᾽ οἶσθα μὲν δὴ καὶ τὰ τῆς ξένης ὁρῶν,,627.0,ἀλλ οἶδα μέν δή καί ὁ ὁ ξένος ὁράω
Δηιάνειρα,"προσδέγματ᾽, αὐτὴν ὡς ἐδεξάμην φίλως.",,628.0,προσδέγματ αὐτός ὡς δέχομαι φίλος
Λίχας,ὥστ᾽ ἐκπλαγῆναι τοὐμὸν ἡδονῇ κέαρ.,,629.0,ὥστ ἐκπλάσσω ἐμός ἡδονή κῆρ
Δηιάνειρα,τί δῆτ᾽ ἂν ἄλλο γ᾽ ἐννέποις; δέδοικα γὰρ,630.0,630.0,τίς δῆτ ἄν ἄλλος γε ἐνέπω δείδω γάρ
Δηιάνειρα,"μὴ πρῲ λέγοις ἂν τὸν πόθον τὸν ἐξ ἐμοῦ,",,631.0,μή πρωί λέγω ἄν ὁ πόθος ὁ ἐκ ἐγώ
Δηιάνειρα,πρὶν εἰδέναι τἀκεῖθεν εἰ ποθούμεθα.,,632.0,πρίν οἶδα ἐκεῖθεν εἰ ποθέω
Χορός,ὦ ναύλοχα καὶ πετραῖα,,633.0,ὦ ναύλοχος καί πετραῖος
Χορός,θερμὰ λουτρὰ καὶ πάγους,,634.0,θερμός λουτρόν καί πάγος
Χορός,"Οἴτας παραναιετάοντες, οἵ τε μέσσαν Μηλίδα πὰρ λίμναν",635.0,635.0,Οἴτη παραναιετάω ὅς τε μέσος Μηλίς παρά λίμνη
Χορός,"χρυσαλακάτου τ᾽ ἀκτὰν κόρας,",,636.0,χρυσηλάκατος τ ἀκτή κόρη
Χορός,ἔνθ᾽ Ἑλλάνων ἀγοραὶ,,637.0,εἰμί Ἕλλην ἀγορά
Χορός,Πυλάτιδες κλέονται:,,638.0,Πυλᾶτις κλέω
Χορός,ὁ καλλιβόας τάχ᾽ ὑμῖν,640.0,640.0,ὁ καλλιβόας τάχ σύ
Χορός,αὐλὸς οὐκ ἀναρσίαν,,641.0,αὐλός οὐ ἀνάρσιος
Χορός,"ἀχῶν καναχὰν ἐπάνεισιν, ἀλλὰ θείας ἀντίλυρον μούσας.",,642.0,ἀχέω2 καναχὰν ἐπάνειμι ἀλλά θεῖος ἀντίλυρος Μούσα
Χορός,ὁ γὰρ Διὸς Ἀλκμήνας κόρος,,643.0,ὁ γάρ Ζεύς Ἀλκμήνη κόρος
Χορός,σοῦται πάσας ἀρετᾶς,645.0,645.0,σεύω πᾶς ἀρετή
Χορός,λάφυρ᾽ ἔχων ἐπ᾽ οἴκους:,,646.0,λάφυρ ἔχω ἐπί οἶκος
Χορός,"ὃν ἀπόπτολιν εἴχομεν παντᾷ,",,647.0,ὅς ἀπόπτολις ἔχω πάντῃ
Χορός,δυοκαιδεκάμηνον ἀμμένουσαι,,648.0,δυοκαιδεκάμηνος ἀναμένω
Χορός,"χρόνον, πελάγιον, ἴδριες οὐδέν:",,649.0,χρόνος πελάγιος ἴδρις οὐδείς
Χορός,ἁ δέ οἱ φίλα δάμαρ,650.0,650.0,ὁ δέ ὁ φίλος δάμαρ
Χορός,τάλαιναν δυστάλαινα καρδίαν,,651.0,τάλας δυστάλας καρδία
Χορός,πάγκλαυτος αἰὲν ὤλλυτο:,,652.0,πάγκλαυστος ἀεί ὄλλυμι
Χορός,νῦν δ᾽ Ἄρης οἰστρηθεὶς,,653.0,νῦν δ Ἄρης οἰστράω
Χορός,ἐξέλυσ᾽ ἐπίπονον ἁμέραν.,,654.0,ἐξέλυσ ἐπίπονος ἡμέρα
Χορός,ἀφίκοιτ᾽ ἀφίκοιτο: μὴ σταίη,655.0,655.0,ἀφίκοιτ ἀφικνέομαι μή ἵστημι
Χορός,"πολύκωπον ὄχημα ναὸς αὐτῷ,",,656.0,πολύκωπος ὄχημα ναῦς αὐτός
Χορός,"πρὶν τάνδε πρὸς πόλιν ἀνύσειε,",,657.0,πρίν ὅδε πρός πόλις ἀνύω
Χορός,νασιῶτιν ἑστίαν,,658.0,νησιώτης ἑστία
Χορός,"ἀμείψας, ἔνθα κλῄζεται θυτήρ:",,659.0,ἀμείβω ἔνθα κλῄζω θυτήρ
Χορός,"ὅθεν μόλοι πανίμερος,",660.0,660.0,ὅθεν βλώσκω πανίμερος
Χορός,τᾶς πειθοῦς παγχρίστῳ,,661.0,ὁ Πειθώ πάγχριστος
Χορός,συγκραθεὶς ἐπὶ προφάσει φάρους.,,662.0,συγκεράννυμι ἐπί πρόφασις φᾶρος
Δηιάνειρα,"γυναῖκες, ὡς δέδοικα μὴ περαιτέρω",,663.0,γυνή ὡς δείδω μή περαίτερος
Δηιάνειρα,πεπραγμέν᾽ ᾖ μοι πάνθ᾽ ὅσ᾽ ἀρτίως ἔδρων.,,664.0,πεπραγμέν εἰμί ἐγώ πάνθ ὅσ ἄρτιος δράω
Χορός,"τί δ᾽ ἔστι, Δῃάνειρα, τέκνον Οἰνέως;",665.0,665.0,τίς δ εἰμί Δηιάνειρα τέκνον Οἰνεύς
Δηιάνειρα,"οὐκ οἶδ᾽: ἀθυμῶ δ᾽, εἰ φανήσομαι τάχα",,666.0,οὐ οἶδ ἀθυμέω δ εἰ φαίνω τάχα
Δηιάνειρα,κακὸν μέγ᾽ ἐκπράξασ᾽ ἀπ᾽ ἐλπίδος καλῆς.,,667.0,κακός μέγ ἐκπράξασ ἀπό ἐλπίς καλός
Χορός,οὐ δή τι τῶν σῶν Ἡρακλεῖ δωρημάτων;,,668.0,οὐ δή τις ὁ σός Ἡρακλέης δώρημα
Δηιάνειρα,"μάλιστά γ᾽, ὥστε μήποτ᾽ ἂν προθυμίαν",,669.0,μάλιστα γε ὥστε μήποτ ἄν προθυμία
Δηιάνειρα,ἄδηλον ἔργου τῳ παραινέσαι λαβεῖν.,670.0,670.0,ἄδηλος ἔργον τις παραινέω λαμβάνω
Χορός,"δίδαξον, εἰ διδακτόν, ἐξ ὅτου φοβεῖ.",,671.0,διδάσκω εἰ διδακτός ἐκ ὅστις φοβέω
Δηιάνειρα,"τοιοῦτον ἐκβέβηκεν οἷον, ἢν φράσω,",,672.0,τοιοῦτος ἐκβαίνω οἷος ἐάν φράζω
Δηιάνειρα,"γυναῖκες, ὑμᾶς θαῦμ᾽ ἀνέλπιστον μαθεῖν.",,673.0,γυνή σύ θαῦμ ἀνέλπιστος μανθάνω
Δηιάνειρα,ᾧ γὰρ τὸν ἐνδυτῆρα πέπλον ἀρτίως,,674.0,ὅς γάρ ὁ ἐνδυτήρ πέπλος ἄρτιος
Δηιάνειρα,"ἔχριον, ἀργὴς οἰὸς εὐέρου πόκος,",675.0,675.0,χρίω ἀργής ὄις εὔειρος πόκος
Δηιάνειρα,τοῦτ᾽ ἠφάνισται διάβορον πρὸς οὐδενὸς,,676.0,τοῦτ ἀφανίζω διαβόρος πρός οὐδείς
Δηιάνειρα,"τῶν ἔνδον, ἀλλ᾽ ἐδεστὸν ἐξ αὑτοῦ φθίνει,",,677.0,ὁ ἔνδον ἀλλ ἐδεστός ἐκ ἑαυτοῦ φθίω
Δηιάνειρα,"καὶ ψῇ κατ᾽ ἄκρας σπιλάδος: ὡς δ᾽ εἰδῇς ἅπαν,",,678.0,καί ψάω κατά ἄκρα σπιλάς ὡς δ οἶδα ἅπας
Δηιάνειρα,"ᾗ τοῦτ᾽ ἐπράχθη, μείζον᾽ ἐκτενῶ λόγον.",,679.0,ἵημι τοῦτ πράσσω μείζον ἐκτείνω λόγος
Δηιάνειρα,"ἐγὼ γὰρ ὧν ὁ θήρ με Κένταυρος, πονῶν",680.0,680.0,ἐγώ γάρ ὅς ὁ θήρ ἐγώ Κένταυρος πονέω
Δηιάνειρα,"πλευρὰν πικρᾷ γλωχῖνι, προυδιδάξατο",,681.0,πλευρά πικρός γλωχίν προδιδάσκω
Δηιάνειρα,"παρῆκα θεσμῶν οὐδέν, ἀλλ᾽ ἐσῳζόμην",,682.0,παρίημι θεσμός οὐδείς ἀλλ σώζω
Δηιάνειρα,χαλκῆς ὅπως δύσνιπτον ἐκ δέλτου γραφήν.,,683.0,χάλκεος ὅπως δύσνιπτος ἐκ δέλτος γραφή
Δηιάνειρα,καί μοι τάδ᾽ ἦν πρόρρητα καὶ τοιαῦτ᾽ ἔδρων:,,684.0,καί ἐγώ τάδ εἰμί πρόρρητος καί τοιαῦτ δράω
Δηιάνειρα,τὸ φάρμακον τοῦτ᾽ ἄπυρον ἀκτῖνός τ᾽ ἀεὶ,685.0,685.0,ὁ φάρμακον τοῦτ ἄπυρος ἀκτίς τ ἀεί
Δηιάνειρα,"θερμῆς ἄθικτον ἐν μυχοῖς σῴζειν ἐμέ,",,686.0,θερμός ἄθικτος ἐν μυχός σώζω ἐγώ
Δηιάνειρα,ἕως νιν ἀρτίχριστον ἁρμόσαιμί που.,,687.0,ἕως νιν ἀρτίχριστος ἁρμόζω πού
Δηιάνειρα,"κἄδρων τοιαῦτα.  νῦν δ᾽, ὅτ᾽ ἦν ἐργαστέον,",,688.0,δράω τοιοῦτος  νῦν δ ὅτ εἰμί ἐργαστέος
Δηιάνειρα,ἔχρισα μὲν κατ᾽ οἶκον ἐν δόμοις κρυφῇ,,689.0,χρίω μέν κατά οἶκος ἐν δόμος κρυφῇ
Δηιάνειρα,"μαλλῷ, σπάσασα κτησίου βοτοῦ λάχνην,",690.0,690.0,μαλλός σπάω κτήσιος βοτόν λάχνη
Δηιάνειρα,κἄθηκα συμπτύξασ᾽ ἀλαμπὲς ἡλίου,,691.0,τίθημι συμπτύξασ ἀλαμπής ἥλιος
Δηιάνειρα,"κοίλῳ ζυγάστρῳ δῶρον, ὥσπερ εἴδετε.",,692.0,κοῖλος ζύγαστρον δῶρον ὥσπερ εἶδον
Δηιάνειρα,εἴσω δ᾽ ἀποστείχουσα δέρκομαι φάτιν,,693.0,εἴσω δ ἀποστείχω δέρκομαι φάτις
Δηιάνειρα,"ἄφραστον, ἀξύμβλητον ἀνθρώπῳ μαθεῖν.",,694.0,ἄφραστος ἀσύμβλητος ἄνθρωπος μανθάνω
Δηιάνειρα,τὸ γὰρ κάταγμα τυγχάνω ῥίψασά πως,695.0,695.0,ὁ γάρ κάταγμα τυγχάνω ῥίπτω πως
Δηιάνειρα,"τῆς οἰός, ᾧ προύχριον, ἐς μέσην φλόγα,",,696.0,ὁ ὄις ὅς προχρίω εἰς μέσος φλόξ
Δηιάνειρα,"ἀκτῖν᾽ ἐς ἡλιῶτιν: ὡς δ᾽ ἐθάλπετο,",,697.0,ἀκτῖν εἰς ἡλιώτης ὡς δ θάλπω
Δηιάνειρα,"ῥεῖ πᾶν ἄδηλον καὶ κατέψηκται χθονί,",,698.0,ῥέω πᾶς ἄδηλος καί καταψήχω χθών
Δηιάνειρα,μορφῇ μάλιστ᾽ εἰκαστὸν ὥστε πρίονος,,699.0,μορφή μάλιστ εἰκαστός ὥστε πρίων
Δηιάνειρα,ἐκβρώματ᾽ ἂν βλέψειας ἐν τομῇ ξύλου.,700.0,700.0,ἐκβρώματ ἄν βλέπω ἐν τομή ξύλον
Δηιάνειρα,"τοιόνδε κεῖται προπετές:  ἐκ δὲ γῆς, ὅθεν",,701.0,τοιόσδε κεῖμαι προπετής  ἐκ δέ γῆ ὅθεν
Δηιάνειρα,"προύκειτ᾽, ἀναζέουσι θρομβώδεις ἀφροί,",,702.0,προύκειτ ἀναζέω θρομβώδης ἀφρός
Δηιάνειρα,γλαυκῆς ὀπώρας ὥστε πίονος ποτοῦ,,703.0,γλαυκός ὀπώρα ὥστε πίων ποτός
Δηιάνειρα,χυθέντος εἰς γῆν Βακχίας ἀπ᾽ ἀμπέλου.,,704.0,χέω εἰς γῆ Βάκχειος ἀπό ἄμπελος
Χορός,"ταρβεῖν μὲν ἔργα δείν᾽ ἀναγκαίως ἔχει,",,705.0,ταρβέω μέν ἔργον δείν ἀναγκαῖος ἔχω
Χορός,τὴν δ᾽ ἐλπίδ᾽ οὐ χρὴ τῆς τύχης κρίνειν πάρος.,,706.0,ὁ δ ἐλπίδ οὐ χρή ὁ τύχη κρίνω πάρος
Δηιάνειρα,οὐκ ἔστιν ἐν τοῖς μὴ καλοῖς βουλεύμασιν,725.0,725.0,οὐ εἰμί ἐν ὁ μή καλός βούλευμα
Δηιάνειρα,"οὐδ᾽ ἐλπίς, ἥτις καὶ θράσος τι προξενεῖ.",,726.0,οὐδ ἐλπίς ὅστις καί θράσος τις προξενέω
Χορός,ἀλλ᾽ ἀμφὶ τοῖς σφαλεῖσι μὴ 'ξ ἑκουσίας,,727.0,ἀλλ ἀμφί ὁ σφάλλω μή ἐκ ἑκούσιος
Χορός,"ὀργὴ πέπειρα, τῆς σε τυγχάνειν πρέπει.",,728.0,ὀργή πέπειρα ὁ σύ τυγχάνω πρέπω
Δηιάνειρα,τοιαῦτα δ᾽ ἂν λέξειεν οὐχ ὁ τοῦ κακοῦ,,729.0,τοιοῦτος δ ἄν λέγω οὐ ὁ ὁ κακός
Δηιάνειρα,"κοινωνός, ἀλλ᾽ ᾧ μηδέν ἐστ᾽ οἴκοι βαρύ.",730.0,730.0,κοινωνός ἀλλ ὅς μηδείς εἰμί οἴκοι βαρύς
Χορός,"σιγᾶν ἂν ἁρμόζοι σε τὸν πλείω λόγον,",,731.0,σιγάω ἄν ἁρμόζω σύ ὁ πλείων λόγος
Χορός,εἰ μή τι λέξεις παιδὶ τῷ σαυτῆς: ἐπεὶ,,732.0,εἰ μή τις λέγω παῖς ὁ σεαυτοῦ ἐπεί
Χορός,"πάρεστι, μαστὴρ πατρὸς ὃς πρὶν ᾤχετο.",,733.0,πάρειμι μαστὴρ πατήρ ὅς πρίν οἴχομαι
Ὕλλος,"ὦ μῆτερ, ὡς ἂν ἐκ τριῶν σ᾽ ἓν εἱλόμην,",,734.0,ὦ μήτηρ ὡς ἄν ἐκ τρεῖς σ εἷς αἱρέω
Ὕλλος,"ἢ μηκέτ᾽ εἶναι ζῶσαν, ἢ σεσωσμένην",735.0,735.0,ἤ μηκέτ εἰμί ζάω ἤ σώζω
Ὕλλος,"ἄλλου κεκλῆσθαι μητέρ᾽, ἢ λῴους φρένας",,736.0,ἄλλος καλέω μητέρ ἤ λωίων φρήν
Ὕλλος,τῶν νῦν παρουσῶν τῶνδ᾽ ἀμείψασθαί ποθεν.,,737.0,ὁ νῦν πάρειμι τῶνδ ἀμείβω ποθεν
Δηιάνειρα,"τί δ᾽ ἐστίν, ὦ παῖ, πρός γ᾽ ἐμοῦ στυγούμενον;",,738.0,τίς δ εἰμί ὦ παῖς πρός γε ἐγώ στυγέω
Ὕλλος,"τὸν ἄνδρα τὸν σὸν ἴσθι, τὸν δ᾽ ἐμὸν λέγω",,739.0,ὁ ἀνήρ ὁ σός εἰμί ὁ δ ἐμός λέγω
Ὕλλος,"πατέρα, κατακτείνασα τῇδ᾽ ἐν ἡμέρᾳ.",740.0,740.0,πατήρ κατακτείνω τῇδ ἐν ἡμέρα
Δηιάνειρα,"οἴμοι, τιν᾽ ἐξήνεγκας, ὦ τέκνον, λόγον;",,741.0,οἴμοι τιν ἐκφέρω ὦ τέκνον λόγος
Ὕλλος,ὃν οὐχ οἷόν τε μὴ οὐ τελεσθῆναι: τὸ γὰρ,,742.0,ὅς οὐ οἷος τε μή οὐ τελέω ὁ γάρ
Ὕλλος,φανθὲν τίς ἂν δύναιτ᾽ ἂν ἀγένητον ποεῖν;,,743.0,φαίνω τις ἄν δύναιτ ἄν ἀγένητος ποιέω
Δηιάνειρα,"πῶς εἶπας, ὦ παῖ; τοῦ παρ᾽ ἀνθρώπων μαθὼν",,744.0,πῶς εἶπον ὦ παῖς ὁ παρ ἄνθρωπος μανθάνω
Δηιάνειρα,ἄζηλον οὕτως ἔργον εἰργάσθαι με φής;,745.0,745.0,ἄζηλος οὕτως ἔργον ἐργάζομαι ἐγώ φημί
Ὕλλος,αὐτὸς βαρεῖαν ξυμφορὰν ἐν ὄμμασιν,,746.0,αὐτός βαρύς συμφορά ἐν ὄμμα
Ὕλλος,πατρὸς δεδορκὼς κοὐ κατὰ γλῶσσαν κλύων.,,747.0,πατήρ δέρκομαι οὐ κατά γλῶσσα κλύω
Δηιάνειρα,ποῦ δ᾽ ἐμπελάζεις τἀνδρὶ καὶ παρίστασαι;,,748.0,ποῦ δ ἐμπελάζω ἀνήρ καί παρίστημι
Ὕλλος,"εἰ χρὴ μαθεῖν σε, πάντα δὴ φωνεῖν χρεών.",,749.0,εἰ χρή μανθάνω σύ πᾶς δή φωνέω χρεών
Ὕλλος,"ὅθ᾽ εἷρπε κλεινὴν Εὐρύτου πέρσας πόλιν,",750.0,750.0,ὅθ ἕρπω κλεινὴν Εὔρυτος πέρθω πόλις
Ὕλλος,"νίκης ἄγων τροπαῖα κἀκροθίνια,",,751.0,νίκη ἄγω τροπαῖος ἀκροθίνιον
Ὕλλος,ἀκτή τις ἀμφίκλυστος Εὐβοίας ἄκρον,,752.0,ἀκτή τις ἀμφίκλυστος Εὔβοια ἄκρος
Ὕλλος,"Κήναιόν ἐστιν, ἔνθα πατρῴῳ Διὶ",,753.0,Κήναιόν εἰμί ἔνθα πατρῷος Ζεύς
Ὕλλος,βωμοὺς ὁρίζει τεμενίαν τε φυλλάδα:,,754.0,βωμός ὁρίζω τεμένιος τε φυλλάς
Ὕλλος,οὗ νιν τὰ πρῶτ᾽ ἐσεῖδον ἄσμενος πόθῳ.,755.0,755.0,ἵημι νιν ὁ πρῶτ εἰσοράω ἄσμενος πόθος
Ὕλλος,μέλλοντι δ᾽ αὐτῷ πολυθύτους τεύχειν σφαγὰς,,756.0,μέλλω δ αὐτός πολύθυτος τεύχω σφαγή
Ὕλλος,"κῆρυξ ἀπ᾽ οἴκων ἵκετ᾽ οἰκεῖος Λίχας,",,757.0,κῆρυξ ἀπό οἶκος ἵκετ οἰκεῖος Λίχας
Ὕλλος,"τὸ σὸν φέρων δώρημα, θανάσιμον πέπλον:",,758.0,ὁ σός φέρω δώρημα θανάσιμος πέπλος
Ὕλλος,"ὃν κεῖνος ἐνδύς, ὡς σὺ προυξεφίεσο,",,759.0,ὅς ἐκεῖνος ἐνδύω ὡς σύ προεξεφίεμαι
Ὕλλος,ταυροκτονεῖ μὲν δώδεκ᾽ ἐντελεῖς ἔχων,760.0,760.0,ταυροκτονέω μέν δώδεκ ἐντελής ἔχω
Ὕλλος,λείας ἀπαρχὴν βοῦς: ἀτὰρ τὰ πάνθ᾽ ὁμοῦ,,761.0,λεία ἀπαρχή βοῦς ἀτάρ ὁ πάνθ ὁμοῦ
Ὕλλος,ἑκατὸν προσῆγε συμμιγῆ βοσκήματα.,,762.0,ἑκατόν προσάγω συμμιγής βόσκημα
Ὕλλος,"καὶ πρῶτα μὲν δείλαιος ἵλεῳ φρενί,",,763.0,καί πρῶτος μέν δείλαιος ἴλαος φρήν
Ὕλλος,"κόσμῳ τε χαίρων καὶ στολῇ, κατηύχετο:",,764.0,κόσμος τε χαίρω καί στολή κατεύχομαι
Ὕλλος,ὅπως δὲ σεμνῶν ὀργίων ἐδαίετο,765.0,765.0,ὅπως δέ σεμνός ὄργια δαίω
Ὕλλος,"φλὸξ αἱματηρὰ κἀπὸ πιείρας δρυός,",,766.0,φλόξ αἱματηρός ἀπό πίειρα δρῦς
Ὕλλος,"ἱδρὼς ἀνῄει χρωτί, καὶ προσπτύσσεται",,767.0,ἱδρώς ἄνειμι χρώς καί ποτιπτύσσω
Ὕλλος,"πλευραῖσιν ἀρτίκολλος, ὥστε τέκτονος,",,768.0,πλευρά ἀρτίκολλος ὥστε τέκτων
Ὕλλος,χιτὼν ἅπαν κατ᾽ ἄρθρον: ἦλθε δ᾽ ὀστέων,,769.0,χιτών ἅπας κατά ἄρθρον ἔρχομαι δ ὀστέον
Ὕλλος,ἀδαγμὸς ἀντίσπαστος: εἶτα φοινίας,770.0,770.0,ὀδαγμός ἀντίσπαστος εἶτα φοίνιος
Ὕλλος,ἐχθρᾶς ἐχίδνης ἰὸς ὣς ἐδαίνυτο.,,771.0,ἐχθρός ἔχιδνα ἰός ὡς δαίνυμι
Ὕλλος,ἐνταῦθα δὴ 'βόησε τὸν δυσδαίμονα,,772.0,ἐνταῦθα δή βοάω ὁ δυσδαίμων
Ὕλλος,"Λίχαν, τὸν οὐδὲν αἴτιον τοῦ σοῦ κακοῦ,",,773.0,Λίχας ὁ οὐδείς αἴτιος ὁ σύ κακός
Ὕλλος,ποίαις ἐνέγκοι τόνδε μηχαναῖς πέπλον:,,774.0,ποῖος φέρω ὅδε μηχανή πέπλος
Ὕλλος,ὁ δ᾽ οὐδὲν εἰδὼς δύσμορος τὸ σὸν μόνης,775.0,775.0,ὁ δ οὐδείς οἶδα δύσμορος ὁ σός μόνος
Ὕλλος,"δώρημ᾽ ἔλεξεν, ὥσπερ ἦν ἐσταλμένον.",,776.0,δώρημ λέγω ὥσπερ εἰμί στέλλω
Ὕλλος,κἀκεῖνος ὡς ἤκουσε καὶ διώδυνος,,777.0,ἐκεῖνος ὡς ἀκούω καί διώδυνος
Ὕλλος,"σπαραγμὸς αὐτοῦ πλευμόνων ἀνθήψατο,",,778.0,σπαραγμὸς αὐτός πλεύμων ἀνθάπτομαι
Ὕλλος,"μάρψας ποδός νιν, ἄρθρον ᾗ λυγίζεται,",,779.0,μάρπτω πούς νιν ἄρθρον ἵημι λυγίζομαι
Ὕλλος,ῥιπτεῖ πρὸς ἀμφίκλυστον ἐκ πόντου πέτραν:,780.0,780.0,ῥίπτω πρός ἀμφίκλυστος ἐκ πόντος πέτρα
Ὕλλος,"κόμης δὲ λευκὸν μυελὸν ἐκραίνει, μέσου",,781.0,κόμη δέ λευκός μυελός ἐκραίνω μέσος
Ὕλλος,κρατὸς διασπαρέντος αἵματός θ᾽ ὁμοῦ.,,782.0,κράς διασπείρω αἷμα θ ὁμοῦ
Χορός,τί σῖγ᾽ ἀφέρπεις; οὐ κάτοισθ᾽ ὁθούνεκα,,783.0,τίς σῖγ ἀφέρπω οὐ κάτοισθ ὁθούνεκα
Χορός,ξυνηγορεῖς σιγῶσα τῷ κατηγόρῳ;,,784.0,συνηγορέω σιγάω ὁ κατήγορος
Ὕλλος,ἐᾶτ᾽ ἀφέρπειν: οὖρος ὀφθαλμῶν ἐμῶν,815.0,815.0,ἐᾶτ ἀφέρπω οὖρος ὀφθαλμός ἐμός
Ὕλλος,αὐτῇ γένοιτ᾽ ἄπωθεν ἑρπούσῃ καλός.,,816.0,αὐτός γένοιτ ἄπωθεν ἕρπω καλός
Ὕλλος,ὄγκον γὰρ ἄλλως ὀνόματος τί δεῖ τρέφειν,,817.0,ὄγκος γάρ ἄλλως ὄνομα τίς δεῖ τρέφω
Ὕλλος,"μητρῷον, ἥτις μηδὲν ὡς τεκοῦσα δρᾷ;",,818.0,μητρῷος ὅστις μηδείς ὡς τίκτω δράω
Ὕλλος,ἀλλ᾽ ἑρπέτω χαίρουσα: τὴν δὲ τέρψιν ἣν,,819.0,ἀλλ ἕρπω χαίρω ὁ δέ τέρψις ὅς
Ὕλλος,"τὠμῷ δίδωσι πατρί, τήνδ᾽ αὐτὴ λάβοι.",820.0,820.0,ἐμός δίδωμι πατήρ τήνδ αὐτός λαμβάνω
Χορός,"ἴδ᾽ οἷον, ὦ παῖδες, προσέμιξεν ἄφαρ",,821.0,ἴδ οἷος ὦ παῖς προσμείγνυμι ἄφαρ
Χορός,τοὔπος τὸ θεοπρόπον ἡμῖν,,822.0,ἔπος ὁ θεοπρόπος ἐγώ
Χορός,"τᾶς παλαιφάτου προνοίας,",,823.0,ὁ παλαίφατος πρόνοια
Χορός,"ὅ τ᾽ ἔλακεν, ὁπότε τελεόμηνος ἐκφέροι",,824.0,ὁ τ λάσκω ὁπότε τελεόμηνος ἐκφέρω
Χορός,"δωδέκατος ἄροτος, ἀναδοχὰν τελεῖν πόνων",825.0,825.0,δωδέκατος ἄροτος ἀναδοχή τελέω πόνος
Χορός,τῷ Διὸς αὐτόπαιδι: καὶ τάδ᾽ ὀρθῶς,,826.0,ὁ Ζεύς αὐτόπαις καί τάδ ὀρθός
Χορός,ἔμπεδα κατουρίζει.  πῶς γὰρ ἂν ὁ μὴ λεύσσων,,827.0,ἔμπεδος κατουρίζω  πῶς γάρ ἄν ὁ μή λεύσσω
Χορός,ἔτι ποτ᾽ ἔτ᾽ ἐπίπονον πόνων ἔχοι θανὼν λατρείαν;,830.0,830.0,ἔτι ποτ ἔτ ἐπίπονος πόνος ἔχω θνήσκω λατρεία
Χορός,εἰ γάρ σφε Κενταύρου φονίᾳ νεφέλᾳ,,831.0,εἰ γάρ σφεῖς Κενταύρου φόνιος νεφέλη
Χορός,χρίει δολοποιὸς ἀνάγκα,,832.0,χρίω δολοποιὸς ἀνάγκη
Χορός,"πλευρά, προστακέντος ἰοῦ,",,833.0,πλευρόν προστήκομαι ἰάομαι
Χορός,"ὃν τέκετο θάνατος, ἔτρεφε δ᾽ αἰόλος δράκων,",,834.0,ὅς τίκτω θάνατος τρέφω δ αἰόλος δράκων
Χορός,"πῶς ὅδ᾽ ἂν ἀέλιον ἕτερον ἢ τανῦν ἴδοι,",835.0,835.0,πῶς ὅδ ἄν ἥλιος ἕτερος ἤ τανῦν εἶδον
Χορός,δεινοτάτῳ μὲν ὕδρας προστετακὼς,,836.0,δεινός μέν ὕδρα προστετακὼς
Χορός,φάσματι; μελαγχαίτα δ᾽ ἄμμιγά νιν αἰκίζει,,837.0,φάσμα μελαγχαίτης δ ἀνάμιγα νιν αἰκίζω
Χορός,Νέσσου ὑποφόνια δολιόμυθα κέντρ᾽ ἐπιζέσαντα.,840.0,840.0,Νέσσος ὑποφόνιος δολιόμυθος κέντρ ἐπιζέω
Χορός,ὧν ἅδ᾽ ἁ τλάμων ἄοκνος μεγάλαν προορῶσα,,841.0,ὅς ἅδ ὁ τλήμων ἄοκνος μέγας προοράω
Χορός,δόμοισι βλάβαν νέων,,842.0,δόμος βλάβη νέος
Χορός,"ἀΐσσουσαν γάμων τὰ μὲν αὐτὰ προσέβαλε, τὰ",,843.0,ἀίσσω γάμος ὁ μέν αὐτός προσβάλλω ὁ
Χορός,δ᾽ ἀπ᾽ ἀλλόθρου,,844.0,δ ἀπό ἀλλόθροος
Χορός,γνώμας μολόντ᾽ ὀλεθρίαισι συναλλαγαῖς,845.0,845.0,γνώμη μολόντ ὀλέθριος συναλλαγή
Χορός,"ἦ που ὀλοὰ στένει,",,846.0,εἰμί πού ὀλοός στένω
Χορός,ἦ που ἀδινῶν χλωρὰν,,847.0,εἰμί πού ἀδινός χλωρός
Χορός,τέγγει δακρύων ἄχναν.,,848.0,τέγγω δάκρυον ἄχνη
Χορός,ἁ δ᾽ ἐρχομένα μοῖρα προφαίνει δολίαν,850.0,850.0,ὁ δ ἔρχομαι μοῖρα προφαίνω δόλιος
Χορός,καὶ μεγάλαν ἄταν.,,851.0,καί μέγας ἄτη
Χορός,"ἔρρωγεν παγὰ δακρύων:  κέχυται νόσος, ὦ πόποι,",,852.0,ῥήγνυμι πηγή δάκρυον  χέω νόσος ὦ πόποι
Χορός,οἷον ἀναρσίων,,853.0,οἷος ἀνάρσιος
Χορός,οὔπω Ἡρακλέους ἀγακλειτὸν ἐπέμολε πάθος οἰκτίσαι.,,854.0,οὔπω Ἡρακλῆς ἀγακλειτός ἐπιμολεῖν πάθος οἰκτίζω
Χορός,"ἰὼ κελαινὰ λόγχα προμάχου δορός,",855.0,855.0,ἰώ κελαινός λόγχη προμάχομαι δόρυ
Χορός,ἃ τότε θοὰν νύμφαν,,856.0,ὅς τότε θοὰν νύμφη
Χορός,ἄγαγες ἀπ᾽ αἰπεινᾶς,,857.0,ἄγω ἀπό αἰπεινός
Χορός,τάνδ᾽ Οἰχαλίας αἰχμᾷ:,,858.0,τάνδ Οἰχαλίας αἰχμή
Χορός,ἁ δ᾽ ἀμφίπολος Κύπρις ἄναυδος φανερὰ,860.0,860.0,ὁ δ ἀμφίπολος Κύπρις ἄναυδος φανερός
Χορός,τῶνδ᾽ ἐφάνη πράκτωρ.,,861.0,τῶνδ φαίνω πράκτωρ
Ἡμιχόριον 1,"πότερον ἐγὼ μάταιος, ἢ κλύω τινὸς",,862.0,πότερος ἐγώ μάταιος ἤ κλύω τις
Ἡμιχόριον 1,οἴκτου δι᾽ οἴκων ἀρτίως ὁρμωμένου;τί φημι;,,863.0,οἶκτος δι οἶκος ἄρτιος ὁρμωμένουτί φημί
Ἡμιχόριον 2,"ἠχεῖ τις οὐκ ἄσημον, ἀλλὰ δυστυχῆ",,864.0,ἠχέω τις οὐ ἄσημος ἀλλά δυστυχής
Ἡμιχόριον 2,"κωκυτὸν εἴσω, καί τι καινίζει στέγη.",,865.0,κωκυτός εἴσω καί τις καινίζω στέγη
Ἡμιχόριον,ξύνες δὲ,,866.0,συνίημι δέ
Ἡμιχόριον,τήνδ᾽ ὡς κατηφὴς καὶ συνωφρυωμένη,,867.0,τήνδ ὡς κατηφής καί συνοφρυόομαι
Ἡμιχόριον,χωρεῖ πρὸς ἡμᾶς γραῖα σημανοῦσά τι.,870.0,870.0,χωρέω πρός ἐγώ γραῖα σημαίνω τις
Τροφός,"ὦ παῖδες, ὡς ἄρ᾽ ἡμὶν οὐ σμικρῶν κακῶν",,871.0,ὦ παῖς ὡς ἄρα ἐγώ οὐ μικρός κακός
Τροφός,ἦρξεν τὸ δῶρον Ἡρακλεῖ τὸ πόμπιμον.,,872.0,ἄρχω ὁ δῶρον Ἡρακλέης ὁ πόμπιμος
Χορός,"τί δ᾽, ὦ γεραιά, καινοποιηθὲν λέγεις;",,873.0,τίς δ ὦ γεραιός καινοποιέω λέγω
Τροφός,βέβηκε Δῃάνειρα τὴν πανυστάτην,,874.0,βαίνω Δηιάνειρα ὁ πανύστατος
Τροφός,ὁδῶν ἁπασῶν ἐξ ἀκινήτου ποδός.,875.0,875.0,ὁδός ἅπας ἐκ ἀκίνητος πούς
Χορός,οὐ δή ποθ᾽ ὡς θανοῦσα;,,876.0,οὐ δή ποθ ὡς θνήσκω
Τροφός,πάντ᾽ ἀκήκοας.,,877.0,πάντ ἀκούω
Χορός,τέθνηκεν ἡ τάλαινα;,,878.0,θνήσκω ὁ τάλας
Τροφός,δεύτερον κλύεις.,,879.0,δεύτερος κλύω
Χορός,τάλαιν᾽ ὀλεθρία: τίνι τρόπῳ θανεῖν σφε φής;,,880.0,τάλαιν ὀλέθριος τίς τρόπος θνήσκω σφεῖς φημί
Τροφός,σχετλιώτατά γε πρὸς πρᾶξιν.,,881.0,σχέτλιος γε πρός πρᾶξις
Χορός,"εἰπὲ τῷ μόρῳ,",,882.0,εἶπον ὁ μόρος
Χορός,"γύναι, ξυντρέχει.",880.0,880.5,γυνή συντρέχω
Τροφός,αὑτὴν διηΐστωσε.,,881.5,ἑαυτοῦ διαιστόω
Χορός,τίς θυμὸς ἢ τίνες νόσοι,,882.5,τις θυμός ἤ τίς νόσος
Χορός,τάνδ᾽ αἰχμᾷ βέλεος κακοῦ ξυνεῖλε; πως ἐμήσατο,,883.0,τάνδ αἰχμή βέλος κακός συναιρέω πως μήδομαι
Χορός,πρὸς θανάτῳ θάνατον ἀνύσασα μόνα;,885.0,885.0,πρός θάνατος θάνατος ἀνύω μόνος
Τροφός,στονόεντος ἐν τομᾷ σιδάρου.,,886.0,στονόεις ἐν τομή σίδηρος
Χορός,"ἐπεῖδες, ὦ ματαία, τάνδε τὴν ὕβριν;",,887.0,ἐπεῖδον ὦ μάταιος ὅδε ὁ ὕβρις
Τροφός,"ἐπεῖδον, ὡς δὴ πλησία παραστάτις.",,888.0,ἐπεῖδον ὡς δή πλήσιος παραστάτις
Χορός,τίς ἦν; πῶς; φέρ᾽ εἰπέ.,890.0,890.0,τις εἰμί πῶς φέρ εἶπον
Τροφός,αὐτὴ πρὸς αὑτῆς χειροποιεῖται τάδε.,,891.0,αὐτός πρός ἑαυτοῦ χειροποιέω ὅδε
Χορός,τί φωνεῖς;,,892.0,τίς φωνέω
Τροφός,σαφηνῆ.,,893.0,σαφηνής
Χορός,ἔτεκεν ἔτεκε δὴ μεγάλαν,,894.0,τίκτω τίκτω δή μέγας
Χορός,ἁ νέορτος ἅδε νύμφα,,895.0,ὁ νέορτος ὅδε νύμφη
Χορός,δόμοισι τοῖσδ᾽ ἐρινύν.,895.0,895.5,δόμος τοῖσδ Ἐρινύς
Τροφός,"ἄγαν γε: μᾶλλον δ᾽, εἰ παροῦσα πλησία",,896.0,ἄγαν γε μᾶλλον δ εἰ πάρειμι πλήσιος
Τροφός,"ἔλευσσες οἷ᾽ ἔδρασε, κάρτ᾽ ἂν ᾤκτισας.",,897.0,λεύσσω ἕ δράω κάρτ ἄν οἰκτίζω
Χορός,καὶ ταῦτ᾽ ἔτλη τις χεὶρ γυναικεία κτίσαι;,,898.0,καί ταῦτ τλάω τις χείρ γυναικεῖος κτίζω
Τροφός,"δεινῶς γε: πεύσει δ᾽, ὥστε μαρτυρεῖν ἐμοί.",,899.0,δεινός γε πυνθάνομαι δ ὥστε μαρτυρέω ἐγώ
Τροφός,ἐπεὶ γὰρ ἦλθε δωμάτων εἴσω μόνη,900.0,900.0,ἐπεί γάρ ἔρχομαι δῶμα εἴσω μόνος
Τροφός,καὶ παῖδ᾽ ἐν αὐλαῖς εἶδε κοῖλα δέμνια,,901.0,καί παῖδ ἐν αὐλή εἶδον κοῖλος δέμνιον
Τροφός,"στορνύνθ᾽, ὅπως ἄψορρον ἀντῴη πατρί,",,902.0,στορνύνθ ὅπως ἄψορρος ἀντάω πατήρ
Τροφός,"κρύψασ᾽ ἑαυτὴν ἔνθα μή τις εἰσίδοι,",,903.0,κρύψασ ἑαυτοῦ ἔνθα μή τις εἰσοράω
Τροφός,βρυχᾶτο μὲν βωμοῖσι προσπίπτουσ᾽ ὅτι,,904.0,βρυχάομαι μέν βωμός προσπίπτουσ ὅτι
Τροφός,"γένοιντ᾽ ἔρημοι, 'κλαιε δ᾽ ὀργάνων ὅτου",905.0,905.0,γένοιντ ἐρῆμος κλαίω δ ὄργανον ὅστις
Τροφός,ψαύσειεν οἷς ἐχρῆτο δειλαία πάρος:,,906.0,ψαύω ὅς χράομαι δείλαιος πάρος
Τροφός,"ἄλλῃ δὲ κἄλλῃ δωμάτων στρωφωμένη,",,907.0,ἄλλῃ δέ ἄλλῃ δῶμα στρωφάω
Τροφός,"εἴ του φίλων βλέψειεν οἰκετῶν δέμας,",,908.0,εἰ τις φίλος βλέπω οἰκέτης δέμας
Τροφός,"ἔκλαιεν ἡ δύστηνος εἰσορωμένη,",,909.0,κλαίω ὁ δύστηνος εἰσοράω
Τροφός,αὐτὴ τὸν αὑτῆς δαίμον᾽ ἀνακαλουμένη,910.0,910.0,αὐτός ὁ ἑαυτοῦ δαίμον ἀνακαλέω
Τροφός,καὶ τὰς ἄπαιδας ἐς τὸ λοιπὸν οὐσίας.,,911.0,καί ὁ ἄπαις εἰς ὁ λοιπός οὐσία
Τροφός,"ἐπεὶ δὲ τῶνδ᾽ ἔληξεν, ἐξαίφνης σφ᾽ ὁρῶ",,912.0,ἐπεί δέ τῶνδ λήγω ἐξαίφνης σφ ὁράω
Τροφός,τὸν Ἡράκλειον θάλαμον εἰσορμωμένην.,,913.0,ὁ Ἡράκλειος θάλαμος εἰσορμάω
Τροφός,κἀγὼ λαθραῖον ὄμμ᾽ ἐπεσκιασμένη,,914.0,ἐγώ λαθραῖος ὄμμ ἐπισκιάζω
Τροφός,φρούρουν: ὁρῶ δὲ τὴν γυναῖκα δεμνίοις,915.0,915.0,φρουρέω ὁράω δέ ὁ γυνή δέμνιον
Τροφός,τοῖς Ἡρακλείοις στρωτὰ βάλλουσαν φάρη.,,916.0,ὁ Ἡράκλειος στρωτός βάλλω φᾶρος
Τροφός,"ὅπως δ᾽ ἐτέλεσε τοῦτ᾽, ἐπενθοροῦσ᾽ ἄνω",,917.0,ὅπως δ τελέω τοῦτ ἐπενθοροῦσ ἄνω
Τροφός,"καθέζετ᾽ ἐν μέσοισιν εὐνατηρίοις,",,918.0,καθέζετ ἐν μέσος εὐνατήριον
Τροφός,καὶ δακρύων ῥήξασα θερμὰ νάματα,,919.0,καί δάκρυον ῥήγνυμι θερμός νᾶμα
Τροφός,"ἔλεξεν: ὦ λέχη τε καὶ νυμφεῖ᾽ ἐμά,",920.0,920.0,λέγω ὦ λέχος τε καί νυμφεῖ ἐμός
Τροφός,"τὸ λοιπὸν ἤδη χαίρεθ᾽, ὡς ἔμ᾽ οὔποτε",,921.0,ὁ λοιπός ἤδη χαίρεθ ὡς ἐν οὔποτε
Τροφός,δέξεσθ᾽ ἔτ᾽ ἐν κοίταισι ταῖσδ᾽ εὐνάτριαν.,,922.0,δέξεσθ ἔτ ἐν κοίτη ταῖσδ εὐνήτης
Τροφός,τοσαῦτα φωνήσασα συντόνῳ χερὶ,,923.0,τοσοῦτος φωνέω σύντονος χείρ
Τροφός,"λύει τὸν αὑτῆς πέπλον, ᾗ χρυσήλατος",,924.0,λύω ὁ ἑαυτοῦ πέπλος ἵημι χρυσήλατος
Τροφός,"προύκειτο μαστῶν περονίς, ἐκ δ᾽ ἐλώπισεν",925.0,925.0,πρόκειμαι μαστός περονίς ἐκ δ λωπίζω
Τροφός,πλευρὰν ἅπασαν ὠλένην τ᾽ εὐώνυμον.,,926.0,πλευρά ἅπας ὠλένη τ εὐώνυμος
Τροφός,"κἀγὼ δρομαία βᾶσ᾽, ὅσονπερ ἔσθενον,",,927.0,ἐγώ δρομαῖος βᾶσ ὅσος σθένω
Τροφός,τῷ παιδὶ φράζω τῆς τεχνωμένης τάδε.,,928.0,ὁ παῖς φράζω ὁ τεχνάομαι ὅδε
Τροφός,"κἀν ᾧ τὸ κεῖσε δεῦρό τ᾽ ἐξορμώμεθα,",,929.0,ἐν ὅς ὁ ἐκεῖσε δεῦρο τ ἐξορμάω
Τροφός,ὁρῶμεν αὐτὴν ἀμφιπλῆγι φασγάνῳ,930.0,930.0,ὁράω αὐτός ἀμφιπλήj φάσγανον
Τροφός,πλευρὰν ὑφ᾽ ἧπαρ καὶ φρένας πεπληγμένην.,,931.0,πλευρά ὑπό ἧπαρ καί φρήν πλήσσω
Τροφός,ἰδὼν δ᾽ ὁ παῖς ᾤμωξεν: ἔγνω γὰρ τάλας,,932.0,εἶδον δ ὁ παῖς οἰμώζω γιγνώσκω γάρ τάλας
Τροφός,"τοὔργον κατ᾽ ὀργὴν ὡς ἐφάψειεν τόδε,",,933.0,ἔργον κατά ὀργή ὡς ἐφάπτω ὅδε
Τροφός,ὄψ᾽ ἐκδιδαχθεὶς τῶν κατ᾽ οἶκον οὕνεκα,,934.0,ὄψ ἐκδιδάσκω ὁ κατά οἶκος οὕνεκα
Τροφός,ἄκουσα πρὸς τοῦ θηρὸς ἔρξειεν τάδε.,935.0,935.0,ἀκούω πρός ὁ θήρ ἔρδω ὅδε
Τροφός,κἀνταῦθ᾽ ὁ παῖς δύστηνος οὔτ᾽ ὀδυρμάτων,,936.0,κἀνταῦθ ὁ παῖς δύστηνος οὔτ ὄδυρμα
Τροφός,"ἐλείπετ᾽ οὐδέν, ἀμφί νιν γοώμενος,",,937.0,ἐλείπετ οὐδείς ἀμφί νιν γοάω
Τροφός,"οὔτ᾽ ἀμφιπίπτων στόμασιν, ἀλλὰ πλευρόθεν",,938.0,οὔτ ἀμφιπίπτω στόμα ἀλλά πλευρόθεν
Τροφός,"πλευρὰν παρεὶς ἔκειτο πόλλ᾽ ἀναστένων,",,939.0,πλευρά παρίημι κεῖμαι πόλλ ἀναστένω
Τροφός,"ὥς νιν ματαίως αἰτίᾳ βάλοι κακῇ,",940.0,940.0,ὡς νιν μάταιος αἰτία βάλλω κακός
Τροφός,"κλαίων ὁθούνεκ᾽ ἐκ δυοῖν ἔσοιθ᾽ ἅμα,",,941.0,κλαίω ὁθούνεκα ἐκ δύο εἰμί ἅμα
Τροφός,"πατρός τ᾽ ἐκείνης τ᾽, ὠρφανισμένος βίον.",,942.0,πατήρ τ ἐκεῖνος τ ὀρφανίζω βίος
Τροφός,τοιαῦτα τἀνθάδ᾽ ἐστίν: ὥστ᾽ εἴ τις δύο,,943.0,τοιοῦτος τἀνθάδ εἰμί ὥστ εἰ τις δύο
Τροφός,"ἢ καί τι πλείους ἡμέρας λογίζεται,",,944.0,ἤ καί τις πλείων ἡμέρα λογίζομαι
Τροφός,"μάταιός ἐστιν: οὐ γὰρ ἔσθ᾽ ἥ γ᾽ αὔριον,",945.0,945.0,μάταιος εἰμί οὐ γάρ εἰμί ὅς γε αὔριον
Τροφός,πρὶν εὖ πάθῃ τις τὴν παροῦσαν ἡμέραν.,,946.0,πρίν εὖ πάσχω τις ὁ παρόω ἡμέρα
Χορός,"πότερα πρότερον ἐπιστένω,",,947.0,πότερος πρότερος ἐπιστένω
Χορός,"πότερα μέλεα περαιτέρω,",,948.0,πότερος μέλεος περαίτερος
Χορός,δύσκριτ᾽ ἔμοιγε δυστάνῳ.,,949.0,δύσκριτ ἐγώ δύστηνος
Χορός,"τάδε μὲν ἔχομεν ὁρᾶν δόμοις,",950.0,950.0,ὅδε μέν ἔχω ὁράω δόμος
Χορός,τάδε δὲ μένομεν ἐπ᾽ ἐλπίσιν:,,951.0,ὅδε δέ μένω ἐπί ἐλπίς
Χορός,κοινὰ δ᾽ ἔχειν τε καὶ μέλλειν.,,952.0,κοινός δ ἔχω τε καί μέλλω
Χορός,εἴθ᾽ ἀνεμόεσσά τις,,953.0,εἴθ ἠνεμόεις τις
Χορός,"γένοιτ᾽ ἔπουρος ἑστιῶτις αὔρα,",955.0,955.0,γένοιτ ἔπουρος ἑστιῶτις αὔρα
Χορός,"ἥτις μ᾽ ἀποικίσειεν ἐκ τόπων, ὅπως",,956.0,ὅστις μ ἀποικίζω ἐκ τόπος ὅπως
Χορός,τὸν Δῖον ἄλκιμον γόνον,,957.0,ὁ δῖος ἄλκιμος γόνος
Χορός,μὴ ταρβαλέα θάνοιμι,960.0,960.0,μή ταρβαλέος θνήσκω
Χορός,μοῦνον εἰσιδοῦσ᾽ ἄφαρ:,,961.0,μόνος εἰσιδοῦσ ἄφαρ
Χορός,ἐπεὶ ἐν δυσαπαλλάκτοις ὀδύναις,,962.0,ἐπεί ἐν δυσαπάλλακτος ὀδύνη
Χορός,χωρεῖν πρὸ δόμων λέγουσιν,,963.0,χωρέω πρό δόμος λέγω
Χορός,ἄσπετόν τι θαῦμα.,,964.0,ἄσπετος τις θαῦμα
Χορός,ἀγχοῦ δ᾽ ἄρα κοὐ μακρὰν,965.0,965.0,ἀγχοῦ δ ἄρα οὐ μακράν
Χορός,"προύκλαιον, ὀξύφωνος ὡς ἀηδών.",,966.0,προκλαίω ὀξύφωνος ὡς ἀηδών
Χορός,ξένων γὰρ ἐξόμιλος ἥδε τις βάσις.,,967.0,ξένος γάρ ἐξόμιλος ὅδε τις βάσις
Χορός,πᾷ δ᾽ αὖ φορεῖ νιν; ὡς φίλου,,968.0,πῆ δ αὖ φορέω νιν ὡς φίλος
Χορός,προκηδομένα βαρεῖαν,,969.0,προκήδομαι βαρύς
Χορός,ἄψοφον φέρει βάσιν.,,970.0,ἄψοφος φέρω βάσις
Χορός,"αἰαῖ, ὅδ᾽ ἀναύδατος φέρεται.",,971.0,αἰαῖ ὅδ ἀναύδητος φέρω
Χορός,τί χρὴ θανόντα νιν ἢ καθ᾽,970.0,970.5,τίς χρή θνήσκω νιν ἤ κατά
Χορός,ὕπνον ὄντα κρῖναι;,,971.5,ὕπνος εἰμί κρίνω
Ὕλλος,"οἴμοι ἐγὼ σοῦ,",,972.0,οἴμοι ἐγώ σύ
Ὕλλος,"πάτερ, οἴμοι ἐγὼ σοῦ μέλεος.",,973.0,πάτηρ οἴμοι ἐγώ σύ μέλεος
Ὕλλος,τί πάθω; τί δὲ μήσομαι; οἴμοι.,,974.0,τίς πάσχω τίς δέ μήδομαι οἴμοι
Πρέσβυς,"σίγα, τέκνον, μὴ κινήσῃς",,975.0,σιγάω τέκνον μή κινέω
Πρέσβυς,ἀγρίαν ὀδύνην πατρὸς ὠμόφρονος:,975.0,975.5,ἄγριος ὀδύνη πατήρ ὠμόφρων
Πρέσβυς,ζῇ γὰρ προπετής: ἀλλ᾽ ἴσχε δακὼνστόμα σόν.,,976.0,ζάω γάρ προπετής ἀλλ ἴσχω δακὼνστόμα σός
Ὕλλος,"πῶς φής, γέρον; ἦ ζῇ;",,977.0,πῶς φημί γέρων εἰμί ζάω
Πρέσβυς,οὐ μὴ 'ξεγερεῖς τὸν ὕπνῳ κάτοχον,,978.0,οὐ μή ἐξεγείρω ὁ ὕπνος κάτοχος
Πρέσβυς,κἀκκινήσεις κἀναστήσεις,,979.0,ἐκκινέω ἀνίστημι
Πρέσβυς,"φοιτάδα δεινὴννόσον, ὦ τέκνον.",980.0,980.0,φοιτάς δεινὴννόσον ὦ τέκνον
Ὕλλος,ἀλλ᾽ ἐπί μοι μελέῳ,,981.0,ἀλλ ἐπί ἐγώ μέλεος
Ὕλλος,βάρος ἄπλετον: ἐμμέμονεν φρήν.,,982.0,βάρος ἄπλετος ἐμμέμονα φρήν
Ἡρακλῆς,"ὦ Ζεῦ,",,983.0,ὦ Ζεύς
Ἡρακλῆς,ποῖ γᾶς ἥκω; παρὰ τοῖσι βροτῶν,,984.0,ποῖ γῆ ἵημι παρά ὁ βροτός
Ἡρακλῆς,κεῖμαι πεπονημένος ἀλλήκτοις,985.0,985.0,κεῖμαι πονέω ἄλληκτος
Ἡρακλῆς,ὀδύναις; οἴμοι μοι ἐγὼ τλάμων:,,986.0,ὀδύνη οἴμοι ἐγώ ἐγώ τλήμων
Ἡρακλῆς,ἡ δ᾽ αὖ μιαρὰ βρύκει. φεῦ.,,987.0,ὁ δ αὖ μιαρὰ βρύκω φεῦ
Πρέσβυς,ἆρ᾽ ἐξῄδη σ᾽ ὅσον ἦν κέρδος,,988.0,ἆρ ἔξοιδα σ ὅσος εἰμί κέρδος
Πρέσβυς,σιγῇ κεύθειν καὶ μὴ σκεδάσαι,,989.0,σιγή κεύθω καί μή σκεδάννυμι
Πρέσβυς,τῷδ᾽ ἀπὸ κρατὸςβλεφάρων θ᾽ ὕπνον;,990.0,990.0,τῷδ ἀπό κρατὸςβλεφάρων θ ὕπνος
Ὕλλος,οὐ γὰρ ἔχω πῶς ἂν,,991.0,οὐ γάρ ἔχω πῶς ἄν
Ὕλλος,στέρξαιμι κακὸν τόδε λεύσσων.,,992.0,στέργω κακός ὅδε λεύσσω
Ἡρακλῆς,"ὦ Κηναία κρηπὶς βωμῶν,",,993.0,ὦ Κηναῖος κρηπίς βωμός
Ἡρακλῆς,ἱερῶν οἵαν οἵων ἐπί μοι,,994.0,ἱερόν οἷος οἷος ἐπί ἐγώ
Ἡρακλῆς,μελέῳ χάριν ἠνύσω: ὦ Ζεῦ.,995.0,995.0,μέλεος χάρις ἀνύω ὦ Ζεύς
Ἡρακλῆς,"οἵαν μ᾽ ἄρ᾽ ἔθου λώβαν, οἵαν:",,996.0,οἷος μ ἄρα τίθημι λώβη οἷος
Ἡρακλῆς,ἣν μή ποτ᾽ ἐγὼ προσιδεῖν ὁ τάλας,,997.0,ὅς μή ποτ ἐγώ προσεῖδον ὁ τάλας
Ἡρακλῆς,"ὤφελον ὄσσοις, τόδ᾽ ἀκήλητον",,998.0,ὀφείλω ὄσσε τόδ ἀκήλητος
Ἡρακλῆς,μανίας ἄνθος καταδερχθῆναι.,,999.0,μανία ἄνθος καταδέρκομαι
Ἡρακλῆς,"τίς γὰρ ἀοιδός, τίς ὁ χειροτέχνης",1000.0,1000.0,τις γάρ ἀοιδός τις ὁ χειροτέχνης
Ἡρακλῆς,"ἰατορίας, ὃς τήνδ᾽ ἄτην",,1001.0,ἰατορία ὅς τήνδ ἄτη
Ἡρακλῆς,χωρὶς Ζηνὸς κατακηλήσει;,,1002.0,χωρίς Ζεύς κατακηλέω
Ἡρακλῆς,θαῦμ᾽ ἂν πόρρωθεν ἰδοίμην.,,1003.0,θαῦμ ἄν πρόσωθεν εἶδον
Ἡρακλῆς,"ἒ ἔ,",,1004.0,ἒ εἰμί
Ἡρακλῆς,"ἐᾶτέ μ᾽, ἐᾶτέ με δύσμορον ὕστατον,",1005.0,1005.0,ἐάω μ ἐάω ἐγώ δύσμορος ὕστερος
Ἡρακλῆς,ἐᾶθ᾽ ὕστατον εὐνᾶσθαι.,,1006.0,ἐᾶθ ὕστερος εὐνάω
Ἡρακλῆς,πᾷ πᾷ μου ψαύεις; ποῖ κλίνεις;,,1007.0,πῆ πῆ ἐγώ ψαύω ποῖ κλίνω
Ἡρακλῆς,"ἀπολεῖς μ᾽, ἀπολεῖς.",,1008.0,ἀπόλλυμι μ ἀπόλλυμι
Ἡρακλῆς,ἀνατέτροφας ὅ τι καὶ μύσῃ.,,1009.0,ἀνατρέπω ὁ τις καί μύω
Ἡρακλῆς,"ἧπταί μου, τοτοτοῖ, ἥδ᾽ αὖθ᾽ ἕρπει.  πόθεν ἔστ᾽, ὦ",1010.0,1010.0,ἅπτω ἐγώ τοτοῖ ἥδ αὖθ ἕρπω  πόθεν εἰμί ὦ
Ἡρακλῆς,"πάντων Ἑλλάνων ἀδικώτατοι ἀνέρες, οὓς δὴ",,1011.0,πᾶς Ἕλλην ἄδικος ἀνήρ ὅς δή
Ἡρακλῆς,πολλὰ μὲν ἐν πόντῳ κατά τε δρία πάντα καθαίρων,,1012.0,πολύς μέν ἐν πόντος κατά τε δρίος πᾶς καθαίρω
Ἡρακλῆς,"ὠλεκόμαν ὁ τάλας, καὶ νῦν ἐπὶ τῷδε νοσοῦντι",,1013.0,ὀλέκω ὁ τάλας καί νῦν ἐπί ὅδε νοσέω
Ἡρακλῆς,"οὐ πῦρ, οὐκ ἔγχος τις ὀνήσιμον οὐκ ἐπιτρέψει;",,1014.0,οὐ πῦρ οὐ ἔγχος τις ὀνήσιμος οὐ ἐπιτρέπω
Ἡρακλῆς,"ἒ ἔ,",,1015.0,ἒ εἰμί
Ἡρακλῆς,οὐδ᾽ ἀπαράξαι κρᾶτα βίᾳ θέλει,1015.0,1015.5,οὐδ ἀπαράσσω κράς βία ἐθέλω
Ἡρακλῆς,μολὼν τοῦ στυγεροῦ; φεῦ φεῦ.,,1016.0,βλώσκω ὁ στυγερός φεῦ φεῦ
Πρέσβυς,"ὦ παῖ τοῦδ᾽ ἀνδρός, τοὔργον τόδε μεῖζον ἀνήκει",,1017.0,ὦ παῖς τοῦδ ἀνήρ ἔργον ὅδε μέγας ἀνήκω
Πρέσβυς,ἢ κατ᾽ ἐμὰν ῥώμαν: σὺ δὲ σύλλαβε.  σοὶ γὰρ ἑτοίμα,,1018.0,ἤ κατά ἐμός ῥώμη σύ δέ συλλαμβάνω  σύ γάρ ἑτοῖμος
Πρέσβυς,ἐς πλέον ἢ δι᾽ ἐμοῦ σῴζειν.,,1019.0,εἰς πλείων ἤ δι ἐγώ σώζω
Ὕλλος,"ψαύω μὲν ἔγωγε,",1020.0,1020.0,ψαύω μέν ἐγώ
Ὕλλος,λαθίπονον δ᾽ ὀδυνᾶν οὔτ᾽ ἔνδοθεν οὔτε θύραθεν,,1021.0,λαθίπονος δ ὀδύνη οὔτ ἔνδοθεν οὔτε θύραθεν
Ὕλλος,ἔστι μοι ἐξανύσαι βίοτον: τοιαῦτα νέμει Ζεύς.,,1022.0,εἰμί ἐγώ ἐξανύω βίοτος τοιοῦτος νέμω Ζεύς
Ἡρακλῆς,"ὦ παῖ, ποῦ ποτ᾽ εἶ; τᾷδέ με τᾷδέ με",,1023.0,ὦ παῖς ποῦ ποτ εἶμι ὅδε ἐγώ ὅδε ἐγώ
Ἡρακλῆς,"πρόσλαβε κουφίσας. ἒ ἔ, ἰὼ δαῖμον.",1025.0,1025.0,προσλαμβάνω κουφίζω ἒ εἰμί ἰώ δαίμων
Ἡρακλῆς,"θρῴσκει δ᾽ αὖ, θρῴσκει δειλαία",,1026.0,θρῴσκω δ αὖ θρῴσκω δείλαιος
Ἡρακλῆς,διολοῦσ᾽ ἡμᾶς,,1027.0,διολοῦσ ἐγώ
Ἡρακλῆς,ἀποτίβατος ἀγρία νόσος.,1030.0,1030.0,ἀπρόσβατος ἄγριος νόσος
Ἡρακλῆς,"ὦ Παλλὰς Παλλάς, τόδε μ᾽ αὖ λωβᾶται.  ἰὼ παῖ,",,1031.0,ὦ Παλλάς Παλλάς ὅδε μ αὖ λωβάομαι  ἰώ παῖς
Ἡρακλῆς,"τὸν φύτορ᾽ οἰκτίρας, ἀνεπίφθονον εἴρυσον ἔγχος,",,1032.0,ὁ φύτορ οἰκτείρω ἀνεπίφθονος ἐρύω ἔγχος
Ἡρακλῆς,"παῖσον ἐμᾶς ὑπὸ κλῇδος:  ἀκοῦ δ᾽ ἄχος, ᾧ μ᾽ ἐχόλωσεν",1035.0,1035.0,παίω ἐμός ὑπό κλείς  ἀκέομαι δ ἄχος ὅς μ χολόω
Ἡρακλῆς,"σὰ μάτηρ ἄθεος, τὰν ὧδ᾽ ἐπίδοιμι πεσοῦσαν",,1036.0,σός μήτηρ ἄθεος ὁ ὧδ ἐπεῖδον πίπτω
Ἡρακλῆς,"αὔτως, ὧδ᾽ αὔτως ὥς μ᾽ ὤλεσεν. ὦ γλυκὺς Ἅιδας,",1040.0,1040.0,αὔτως ὧδ αὔτως ὡς μ ὄλλυμι ὦ γλυκύς ᾍδης
Ἡρακλῆς,"ὦ Διὸς αὐθαίμων, εὔνασον εὔνασον μ᾽",,1041.0,ὦ Ζεύς αὐθαίμων εὐνάζω εὐνάζω μ
Ἡρακλῆς,ὠκυπέτᾳ μόρῳ τὸν μέλεον φθίσας.,,1042.0,ὠκυπέτης μόρος ὁ μέλεος φθίω
Χορός,"κλύουσ᾽ ἔφριξα τάσδε συμφοράς, φίλαι,",,1043.0,κλύουσ φρίσσω ὅδε συμφορά φίλος
Χορός,"ἄνακτος, οἵαις οἷος ὢν ἐλαύνεται.",1045.0,1045.0,ἄναξ οἷος οἷος εἰμί ἐλαύνω
Ἡρακλῆς,ὦ πολλὰ δὴ καὶ θερμὰ κοὐ λόγῳ κακὰ,,1046.0,ὦ πολύς δή καί θερμός οὐ λόγος κακός
Ἡρακλῆς,καὶ χερσὶ καὶ νώτοισι μοχθήσας ἐγώ:,,1047.0,καί χείρ καί νῶτον μοχθέω ἐγώ
Ἡρακλῆς,κοὔπω τοιοῦτον οὔτ᾽ ἄκοιτις ἡ Διὸς,,1048.0,οὔπω τοιοῦτος οὔτ ἄκοιτις ὁ Ζεύς
Ἡρακλῆς,"προύθηκεν οὔθ᾽ ὁ στυγνὸς Εὐρυσθεὺς ἐμοί,",,1049.0,προτίθημι οὔθ ὁ στυγνός Εὐρυσθεύς ἐγώ
Ἡρακλῆς,οἷον τόδ᾽ ἡ δολῶπις Οἰνέως κόρη,1050.0,1050.0,οἷος τόδ ὁ δολῶπις Οἰνεύς κόρη
Ἡρακλῆς,καθῆψεν ὤμοις τοῖς ἐμοῖς Ἐρινύων,,1051.0,καθάπτω ὦμος ὁ ἐμός Ἐρινύς
Ἡρακλῆς,"ὑφαντὸν ἀμφίβληστρον, ᾧ διόλλυμαι.",,1052.0,ὑφαντός ἀμφίβληστρον ὅς διόλλυμι
Ἡρακλῆς,πλευραῖσι γὰρ προσμαχθὲν ἐκ μὲν ἐσχάτας,,1053.0,πλευρά γάρ προσμάσσω ἐκ μέν ἔσχατος
Ἡρακλῆς,"βέβρωκε σάρκας, πλεύμονός τ᾽ ἀρτηρίας",,1054.0,βιβρώσκω σάρξ πλεύμων τ ἀρτηρία
Ἡρακλῆς,"ῥοφεῖ ξυνοικοῦν, ἐκ δὲ χλωρὸν αἷμά μου",1055.0,1055.0,ῥοφέω συνοικέω ἐκ δέ χλωρός αἷμα ἐγώ
Ἡρακλῆς,"πέπωκεν ἤδη, καὶ διέφθαρμαι δέμας",,1056.0,πίνω ἤδη καί διαφθείρω δέμας
Ἡρακλῆς,"τὸ πᾶν, ἀφράστῳ τῇδε χειρωθεὶς πέδῃ.",,1057.0,ὁ πᾶς ἄφραστος ὅδε χειρόω πέδη
Ἡρακλῆς,"κοὐ ταῦτα λόγχη πεδιάς, οὔθ᾽ ὁ γηγενὴς",,1058.0,οὐ οὗτος λόγχη πεδιάς οὔθ ὁ γηγενής
Ἡρακλῆς,"στρατὸς Γιγάντων οὔτε θήρειος βία,",,1059.0,στρατός γίγας οὔτε θήρειος βία
Ἡρακλῆς,οὔθ᾽ Ἑλλὰς οὔτ᾽ ἄγλωσσος οὔθ᾽ ὅσην ἐγὼ,1060.0,1060.0,οὔθ Ἑλλάς οὔτ ἄγλωσσος οὔθ ὅσος ἐγώ
Ἡρακλῆς,"γαῖαν καθαίρων ἱκόμην, ἔδρασέ πω:",,1061.0,γαῖα καθαίρω ἱκνέομαι ἔδρασέ πω
Ἡρακλῆς,"γυνὴ δέ, θῆλυς φῦσα κοὐκ ἀνδρὸς φύσιν,",,1062.0,γυνή δέ θῆλυς φύω οὐ ἀνήρ φύσις
Ἡρακλῆς,μόνη με δὴ καθεῖλε φασγάνου δίχα.,,1063.0,μόνος ἐγώ δή καθαιρέω φάσγανον δίχα
Ἡρακλῆς,"ὦ παῖ, γενοῦ μοι παῖς ἐτήτυμος γεγώς,",,1064.0,ὦ παῖς γίγνομαι ἐγώ παῖς ἐτήτυμος γίγνομαι
Ἡρακλῆς,καὶ μὴ τὸ μητρὸς ὄνομα πρεσβεύσῃς πλέον.,1065.0,1065.0,καί μή ὁ μήτηρ ὄνομα πρεσβεύω πλείων
Ἡρακλῆς,δός μοι χεροῖν σαῖν αὐτὸς ἐξ οἴκου λαβὼν,,1066.0,δίδωμι ἐγώ χείρ σός αὐτός ἐκ οἶκος λαμβάνω
Ἡρακλῆς,"ἐς χεῖρα τὴν τεκοῦσαν, ὡς εἰδῶ σάφα",,1067.0,εἰς χείρ ὁ τίκτω ὡς οἶδα σάφα
Ἡρακλῆς,εἰ τοὐμὸν ἀλγεῖς μᾶλλον ἢ κείνης ὁρῶν,,1068.0,εἰ ἐμός ἀλγέω μᾶλλον ἤ ἐκεῖνος ὁράω
Ἡρακλῆς,λωβητὸν εἶδος ἐν δίκῃ κακούμενον.,,1069.0,λωβητός εἶδος ἐν δίκη κακόω
Ἡρακλῆς,"ἴθ᾽, ὦ τέκνον, τόλμησον:  οἴκτιρόν τέ με",1070.0,1070.0,εἶμι ὦ τέκνον τολμάω  οἰκτείρω τε ἐγώ
Ἡρακλῆς,"πολλοῖσιν οἰκτρόν, ὅστις ὥστε παρθένος",,1071.0,πολύς οἰκτρός ὅστις ὥστε παρθένος
Ἡρακλῆς,"βέβρυχα κλαίων, καὶ τόδ᾽ οὐδ᾽ ἂν εἷς ποτε",,1072.0,βρυχάομαι κλαίω καί τόδ οὐδ ἄν εἷς ποτέ
Ἡρακλῆς,"τόνδ᾽ ἄνδρα φαίη πρόσθ᾽ ἰδεῖν δεδρακότα,",,1073.0,τόνδ ἀνήρ φημί πρόσθ εἶδον δράω
Ἡρακλῆς,ἀλλ᾽ ἀστένακτος αἰὲν εἱπόμην κακοῖς.,,1074.0,ἀλλ ἀστένακτος ἀεί ἕπομαι κακός
Ἡρακλῆς,νῦν δ᾽ ἐκ τοιούτου θῆλυς ηὕρημαι τάλας.,1075.0,1075.0,νῦν δ ἐκ τοιοῦτος θῆλυς εὑρίσκω τάλας
Χορός,"ὦ τλῆμον Ἑλλάς, πένθος οἷον εἰσορῶ",,1076.0,ὦ τλήμων Ἑλλάς πένθος οἷος εἰσοράω
Χορός,"ἕξουσαν, ἀνδρὸς τοῦδέ γ᾽ εἰ σφαλήσεται.",,1077.0,ἔχω ἀνήρ ὅδε γε εἰ σφάλλω
Ὕλλος,"ἐπεὶ παρέσχες ἀντιφωνῆσαι, πάτερ,",,1078.0,ἐπεί παρέχω ἀντιφωνέω πάτηρ
Ὕλλος,"σιγὴν παρασχὼν κλῦθί μου, νοσῶν ὅμως:",1115.0,1115.0,σιγή παρέχω κλύω ἐγώ νοσέω ὅμως
Ὕλλος,αἰτήσομαι γάρ σ᾽ ὧν δίκαια τυγχάνειν.,,1116.0,αἰτέω γάρ σ ὅς δίκαιος τυγχάνω
Ὕλλος,"δός μοι σεαυτόν, μὴ τοσοῦτον ὡς δάκνει",,1117.0,δίδωμι ἐγώ σεαυτοῦ μή τοσοῦτος ὡς δάκνω
Ὕλλος,θυμῷ δύσοργος: οὐ γὰρ ἂν γνοίης ἐν οἷς,,1118.0,θυμός δύσοργος οὐ γάρ ἄν γιγνώσκω ἐν ὅς
Ὕλλος,χαίρειν προθυμεῖ κἀν ὅτοις ἀλγεῖς μάτην.,,1119.0,χαίρω προθυμέομαι ἐν ὅστις ἀλγέω μάτην
Ἡρακλῆς,εἰπὼν ὃ χρῄζεις λῆξον: ὡς ἐγὼ νοσῶν,1120.0,1120.0,εἶπον ὁ χρῄζω λήγω ὡς ἐγώ νοσέω
Ἡρακλῆς,οὐδὲν ξυνίημ᾽ ὧν σὺ ποικίλλεις πάλαι.,,1121.0,οὐδείς ξυνίημ ὅς σύ ποικίλλω πάλαι
Ὕλλος,τῆς μητρὸς ἥκω τῆς ἐμῆς φράσων ἐν οἷς,,1122.0,ὁ μήτηρ ἵημι ὁ ἐμός φράζω ἐν ὅς
Ὕλλος,νῦν ἐστιν ὥς θ᾽ ἥμαρτεν οὐχ ἑκουσία.,,1123.0,νῦν εἰμί ὡς θ ἁμαρτάνω οὐ ἑκούσιος
Ἡρακλῆς,"ὦ παγκάκιστε, καὶ παρεμνήσω γὰρ αὖ",,1124.0,ὦ πάγκακος καί παραμιμνήσκομαι γάρ αὖ
Ἡρακλῆς,"τῆς πατροφόντου μητρός, ὡς κλύειν ἐμέ;",1125.0,1125.0,ὁ πατροφόνος μήτηρ ὡς κλύω ἐγώ
Ὕλλος,ἔχει γὰρ οὕτως ὥστε μὴ σιγᾶν πρέπειν.,,1126.0,ἔχω γάρ οὕτως ὥστε μή σιγάω πρέπω
Ἡρακλῆς,οὐ δῆτα τοῖς γε πρόσθεν ἡμαρτημένοις.,,1127.0,οὐ δῆτα ὁ γε πρόσθεν ἁμαρτάνω
Ὕλλος,ἀλλ᾽ οὐδὲ μὲν δὴ τοῖς γ᾽ ἐφ᾽ ἡμέραν ἐρεῖς.,,1128.0,ἀλλ οὐδέ μέν δή ὁ γε ἐπί ἡμέρα ἐρῶ
Ἡρακλῆς,"λέγ᾽, εὐλαβοῦ δὲ μὴ φανῇς κακὸς γεγώς.",,1129.0,λέγ εὐλαβέομαι δέ μή φαίνω κακός γίγνομαι
Ὕλλος,λέγω: τέθνηκεν ἀρτίως νεοσφαγής.,1130.0,1130.0,λέγω θνήσκω ἄρτιος νεοσφαγής
Ἡρακλῆς,πρὸς τοῦ; τέρας τοι διὰ κακῶν ἐθέσπισας.,,1131.0,πρός ὁ τέρας σύ διά κακός θεσπίζω
Ὕλλος,"αὐτὴ πρὸς αὑτῆς, οὐδενὸς πρὸς ἐκτόπου.",,1132.0,αὐτός πρός ἑαυτοῦ οὐδείς πρός ἔκτοπος
Ἡρακλῆς,οἴμοι: πρὶν ὡς χρῆν σφ᾽ ἐξ ἐμῆς θανεῖν χερός;,,1133.0,οἴμοι πρίν ὡς χρή σφ ἐκ ἐμός θνήσκω χείρ
Ὕλλος,"κἂν σοῦ στραφείη θυμός, εἰ τὸ πᾶν μάθοις.",,1134.0,κἀν σύ στρέφω θυμός εἰ ὁ πᾶς μανθάνω
Ἡρακλῆς,δεινοῦ λόγου κατῆρξας: εἰπὲ δ᾽ ᾗ νοεῖς.,1135.0,1135.0,δεινός λόγος κατάρχω εἶπον δ ἵημι νοέω
Ὕλλος,"ἅπαν τὸ χρῆμ᾽, ἥμαρτε χρηστὰ μωμένη.",,1136.0,ἅπας ὁ χρῆμ ἁμαρτάνω χρηστός μῶμαι
Ἡρακλῆς,"χρήστ᾽, ὦ κάκιστε, πατέρα σὸν κτείνασα δρᾷ;",,1137.0,χρήστ ὦ κακός πατήρ σός κτείνω δράω
Ὕλλος,στέργημα γὰρ δοκοῦσα προσβαλεῖν σέθεν,,1138.0,στέργημα γάρ δοκέω προσβάλλω σύ
Ὕλλος,"ἀπήμπλαχ᾽, ὡς προσεῖδε τοὺς ἔνδον γάμους.",,1139.0,ἀπήμπλαχ ὡς προσεῖδον ὁ ἔνδον γάμος
Ἡρακλῆς,καὶ τίς τοσοῦτος φαρμακεὺς Τραχινίων;,1140.0,1140.0,καί τις τοσοῦτος φαρμακεύς Τραχίς
Ὕλλος,Νέσσος πάλαι Κένταυρος ἐξέπεισέ νιν,,1141.0,Νέσσος πάλαι Κένταυρος ἐξέπεισέ νιν
Ὕλλος,τοιῷδε φίλτρῳ τὸν σὸν ἐκμῆναι πόθον.,,1142.0,τοιόσδε φίλτρον ὁ σός ἐκμαίνω πόθος
Ἡρακλῆς,"ἰοὺ ἰοὺ δύστηνος, οἴχομαι τάλας:",,1143.0,ἰού ἰού δύστηνος οἴχομαι τάλας
Ἡρακλῆς,"ὄλωλ᾽ ὄλωλα, φέγγος οὐκέτ᾽ ἔστι μοι.",,1144.0,ὄλωλ ὄλλυμι φέγγος οὐκέτ εἰμί ἐγώ
Ἡρακλῆς,"οἴμοι, φρονῶ δὴ ξυμφορᾶς ἵν᾽ ἕσταμεν.",1145.0,1145.0,οἴμοι φρονέω δή συμφορά ἵνα ἵστημι
Ἡρακλῆς,"ἴθ᾽, ὦ τέκνον, πατὴρ γὰρ οὐκέτ᾽ ἔστι σοι:",,1146.0,εἶμι ὦ τέκνον πατήρ γάρ οὐκέτ εἰμί σύ
Ἡρακλῆς,"κάλει τὸ πᾶν μοι σπέρμα σῶν ὁμαιμόνων,",,1147.0,καλέω ὁ πᾶς ἐγώ σπέρμα σός ὁμαίμων
Ἡρακλῆς,"κάλει δὲ τὴν τάλαιναν Ἀλκμήνην, Διὸς",,1148.0,καλέω δέ ὁ τάλας Ἀλκμήνη Ζεύς
Ἡρακλῆς,"μάτην ἄκοιτιν, ὡς τελευταίαν ἐμοῦ",,1149.0,μάτην ἄκοιτις ὡς τελευταῖος ἐγώ
Ἡρακλῆς,φήμην πύθησθε θεσφάτων ὅσ᾽ οἶδ᾽ ἐγώ.,1150.0,1150.0,φήμη πυνθάνομαι θέσφατος ὅσ οἶδ ἐγώ
Ὕλλος,"ἀλλ᾽ οὔτε μήτηρ ἐνθάδ᾽, ἀλλ᾽ ἐπακτίᾳ",,1151.0,ἀλλ οὔτε μήτηρ ἐνθάδ ἀλλ ἐπάκτιος
Ὕλλος,Τίρυνθι συμβέβηκεν ὥστ᾽ ἔχειν ἕδραν.,,1152.0,Τίρυνς συμβαίνω ὥστ ἔχω ἕδρα
Ὕλλος,"παίδων δὲ τοὺς μὲν ξυλλαβοῦσ᾽ αὐτὴ τρέφει,",,1153.0,παῖς δέ ὁ μέν ξυλλαβοῦσ αὐτός τρέφω
Ὕλλος,τοὺς δ᾽ ἂν τὸ Θήβης ἄστυ ναίοντας μάθοις:,,1154.0,ὁ δ ἄν ὁ Θήβη ἄστυ ναίω1 μανθάνω
Ὕλλος,"ἡμεῖς δ᾽ ὅσοι πάρεσμεν, εἴ τι χρή, πάτερ,",1155.0,1155.0,ἐγώ δ ὅσος πάρειμι εἰ τις χρή πάτηρ
Ὕλλος,"πράσσειν, κλύοντες ἐξυπηρετήσομεν.",,1156.0,πράσσω κλύω ἐξυπηρετέω
Ἡρακλῆς,σὺ δ᾽ οὖν ἄκουε τοὔργον:  ἐξήκεις δ᾽ ἵνα,,1157.0,σύ δ οὖν ἀκούω ἔργον  ἐξήκω δ ἵνα
Ἡρακλῆς,φανεῖς ὁποῖος ὢν ἀνὴρ ἐμὸς καλεῖ.,,1158.0,φαίνω ὁποῖος εἰμί ἀνήρ ἐμός καλέω
Ἡρακλῆς,"ἐμοὶ γὰρ ἦν πρόφαντον ἐκ πατρὸς πάλαι,",,1159.0,ἐγώ γάρ εἰμί πρόφαντος ἐκ πατήρ πάλαι
Ἡρακλῆς,"τῶν ἐμπνεόντων μηδενὸς θανεῖν ὕπο,",1160.0,1160.0,ὁ ἐμπνέω μηδείς θνήσκω ὑπό
Ἡρακλῆς,ἀλλ᾽ ὅστις Ἅιδου φθίμενος οἰκήτωρ πέλοι.,,1161.0,ἀλλ ὅστις ᾍδης φθίω οἰκήτωρ πέλω
Ἡρακλῆς,"ὅδ᾽ οὖν ὁ θὴρ Κένταυρος, ὡς τὸ θεῖον ἦν",,1162.0,ὅδ οὖν ὁ θήρ Κένταυρος ὡς ὁ θεῖος εἰμί
Ἡρακλῆς,"πρόφαντον, οὕτω ζῶντά μ᾽ ἔκτεινεν θανών.",,1163.0,πρόφαντος οὕτως ζάω μ κτείνω θνήσκω
Ἡρακλῆς,φανῶ δ᾽ ἐγὼ τούτοισι συμβαίνοντ᾽ ἴσα,,1164.0,φαίνω δ ἐγώ οὗτος συμβαίνοντ ἴσος
Ἡρακλῆς,"μαντεῖα καινά, τοῖς πάλαι ξυνήγορα,",1165.0,1165.0,μαντεῖον καινός ὁ πάλαι συνήγορος
Ἡρακλῆς,ἃ τῶν ὀρείων καὶ χαμαικοιτῶν ἐγὼ,,1166.0,ὅς ὁ ὄρειος καί χαμαικοίτης ἐγώ
Ἡρακλῆς,Σελλῶν ἐσελθὼν ἄλσος εἰσεγραψάμην,,1167.0,Σελλοί εἰσέρχομαι ἄλσος εἰσγράφω
Ἡρακλῆς,"πρὸς τῆς πατρῴας καὶ πολυγλώσσου δρυός,",,1168.0,πρός ὁ πατρῷος καί πολύγλωσσος δρῦς
Ἡρακλῆς,ἥ μοι χρόνῳ τῷ ζῶντι καὶ παρόντι νῦν,,1169.0,ὅς ἐγώ χρόνος ὁ ζάω καί πάρειμι νῦν
Ἡρακλῆς,ἔφασκε μόχθων τῶν ἐφεστώτων ἐμοὶ,1170.0,1170.0,φάσκω μόχθος ὁ ἐφίστημι ἐγώ
Ἡρακλῆς,λύσιν τελεῖσθαι: κἀδόκουν πράξειν καλῶς.,,1171.0,λύσις τελέω δοκέω πράσσω καλός
Ἡρακλῆς,τὸ δ᾽ ἦν ἄρ᾽ οὐδὲν ἄλλο πλὴν θανεῖν ἐμέ.,,1172.0,ὁ δ εἰμί ἄρα οὐδείς ἄλλος πλήν θνήσκω ἐγώ
Ἡρακλῆς,τοῖς γὰρ θανοῦσι μόχθος οὐ προσγίγνεται.,,1173.0,ὁ γάρ θνήσκω μόχθος οὐ προσγίγνομαι
Ἡρακλῆς,"ταῦτ᾽ οὖν ἐπειδὴ λαμπρὰ συμβαίνει, τέκνον,",,1174.0,ταῦτ οὖν ἐπεί λαμπρός συμβαίνω τέκνον
Ἡρακλῆς,δεῖ σ᾽ αὖ γενέσθαι τῷδε τἀνδρὶ σύμμαχον,1175.0,1175.0,δεῖ σ αὖ γίγνομαι ὅδε ἀνήρ σύμμαχος
Ἡρακλῆς,"καὶ μὴ 'πιμεῖναι τοὐμὸν ὀξῦναι στόμα,",,1176.0,καί μή ἐπιμένω ἐμός ὀξύνω στόμα
Ἡρακλῆς,"ἀλλ᾽ αὐτὸν εἰκαθόντα συμπράσσειν, νόμον",,1177.0,ἀλλ αὐτός εἴκω συμπράσσω νόμος
Ἡρακλῆς,"κάλλιστον ἐξευρόντα, πειθαρχεῖν πατρί.",,1178.0,καλός ἐξευρίσκω πειθαρχέω πατήρ
Ὕλλος,"ἀλλ᾽, ὦ πάτερ, ταρβῶ μὲν εἰς λόγου στάσιν",,1179.0,ἀλλ ὦ πάτηρ ταρβέω μέν εἰς λόγος στάσις
Ὕλλος,"τοιάνδ᾽ ἐπελθών, πείσομαι δ᾽ ἅ σοι δοκεῖ.",1180.0,1180.0,τοιάνδ ἐπέρχομαι πείθω δ ὅς σύ δοκέω
Ἡρακλῆς,ἔμβαλλε χεῖρα δεξιὰν πρώτιστά μοι:,,1181.0,ἐμβάλλω χείρ δεξιός πρώτιστος ἐγώ
Ὕλλος,ὡς πρὸς τί πίστιν τήνδ᾽ ἄγαν ἐπιστρέφεις;,,1182.0,ὡς πρός τίς πίστις τήνδ ἄγαν ἐπιστρέφω
Ἡρακλῆς,οὐ θᾶσσον οἴσεις μηδ᾽ ἀπιστήσεις ἐμοί;,,1183.0,οὐ ταχύς φέρω μηδ ἀπιστέω ἐγώ
Ὕλλος,"ἰδοὺ προτείνω, κοὐδὲν ἀντειρήσεται.",,1184.0,ἰδού προτείνω οὐδείς ἀντερῶ
Ἡρακλῆς,"ὄμνυ Διός νυν τοῦ με φύσαντος κάρα,",1185.0,1185.0,ὄμνυμι Ζεύς νῦν ὁ ἐγώ φύω κάρα
Ὕλλος,ἦ μὴν τί δράσειν; καὶ τόδ᾽ ἐξειρήσεται;,,1186.0,εἰμί μήν τίς δράω καί τόδ ἐξερέω
Ἡρακλῆς,ἦ μὴν ἐμοὶ τὸ λεχθὲν ἔργον ἐκτελεῖν.,,1187.0,εἰμί μήν ἐγώ ὁ λέγω ἔργον ἐκτελέω
Ὕλλος,"ὄμνυμ᾽ ἔγωγε, Ζῆν᾽ ἔχων ἐπώμοτον.",,1188.0,ὄμνυμ ἐγώ Ζεύς ἔχω ἐπώμοτος
Ἡρακλῆς,"εἰ δ᾽ ἐκτὸς ἔλθοις, πημονὰς εὔχου λαβεῖν.",,1189.0,εἰ δ ἐκτός ἔρχομαι πημονή εὔχομαι λαμβάνω
Ὕλλος,οὐ μὴ λάβω: δράσω γάρ: εὔχομαι δ᾽ ὅμως:,1190.0,1190.0,οὐ μή λαμβάνω δράω γάρ εὔχομαι δ ὅμως
Ἡρακλῆς,οἶσθ᾽ οὖν τὸν Οἴτης Ζηνὸς ὕψιστον πάγον;,,1191.0,οἶσθ οὖν ὁ Οἴτη Ζεύς ὕψιστος πάγος
Ὕλλος,"οἶδ᾽, ὡς θυτήρ γε πολλὰ δὴ σταθεὶς ἄνω.",,1192.0,οἶδ ὡς θυτήρ γε πολύς δή ἵστημι ἄνω
Ἡρακλῆς,ἐνταῦθά νυν χρὴ τοὐμὸν ἐξάραντά σε,,1193.0,ἐνταῦθα νῦν χρή ἐμός ἐξαίρω σύ
Ἡρακλῆς,σῶμ᾽ αὐτόχειρα καὶ ξὺν οἷς χρῄζεις φίλων.,,1194.0,σῶμ αὐτόχειρ καί σύν ὅς χρῄζω φίλος
Ἡρακλῆς,πολλὴν μὲν ὕλην τῆς βαθυρρίζου δρυὸς,1195.0,1195.0,πολύς μέν ὕλη ὁ βαθύρριζος δρῦς
Ἡρακλῆς,"κείραντα, πολλὸν δ᾽ ἄρσεν᾽ ἐκτεμόνθ᾽ ὁμοῦ",,1196.0,κείρω πολύς δ ἄρσην ἐκτεμόνθ ὁμοῦ
Ἡρακλῆς,"ἄγριον ἔλαιον, σῶμα τοὐμὸν ἐμβαλεῖν,",,1197.0,ἄγριος ἔλαιον σῶμα ἐμός ἐμβάλλω
Ἡρακλῆς,καὶ πευκίνης λαβόντα λαμπάδος σέλας,,1198.0,καί πεύκινος λαμβάνω λαμπάς σέλας
Ἡρακλῆς,"πρῆσαι. γόου δὲ μηδὲν εἰσίτω δάκρυ,",,1199.0,πίμπρημι γόος δέ μηδείς εἴσειμι δάκρυον
Ἡρακλῆς,"ἀλλ᾽ ἀστένακτος κἀδάκρυτος, εἴπερ εἶ",1200.0,1200.0,ἀλλ ἀστένακτος ἀδάκρυτος εἴπερ εἶμι
Ἡρακλῆς,"τοῦδ᾽ ἀνδρός, ἔρξον: εἰ δὲ μή, μενῶ σ᾽ ἐγὼ",,1201.0,τοῦδ ἀνήρ ἔρδω εἰ δέ μή μένω σ ἐγώ
Ἡρακλῆς,καὶ νέρθεν ὢν ἀραῖος εἰσαεὶ βαρύς.,,1202.0,καί ἔνερθε εἰμί ἀραῖος εἰσαεί βαρύς
Ὕλλος,"οἴμοι, πάτερ, τί δ᾽ εἶπας; οἷά μ᾽ εἴργασαι.",,1203.0,οἴμοι πάτηρ τίς δ εἶπον οἷος μ ἐργάζομαι
Ἡρακλῆς,"ὁποῖα δραστέ᾽ ἐστίν: εἰ δὲ μή, πατρὸς",,1204.0,ὁποῖος δραστέ εἰμί εἰ δέ μή πατήρ
Ἡρακλῆς,ἄλλου γενοῦ του μηδ᾽ ἐμὸς κληθῇς ἔτι.,1205.0,1205.0,ἄλλος γίγνομαι τις μηδ ἐμός καλέω ἔτι
Ὕλλος,"οἴμοι μάλ᾽ αὖθις, οἷά μ᾽ ἐκκαλεῖ, πάτερ,",,1206.0,οἴμοι μάλ αὖθις οἷος μ ἐκκαλέω πάτηρ
Ὕλλος,φονέα γενέσθαι καὶ παλαμναῖον σέθεν.,,1207.0,φονεύς γίγνομαι καί παλαμναῖος σύ
Ἡρακλῆς,"οὐ δῆτ᾽ ἔγωγ᾽, ἀλλ᾽ ὧν ἔχω παιώνιον",,1208.0,οὐ δῆτ ἔγωγ ἀλλ ὅς ἔχω παιώνιος
Ἡρακλῆς,καὶ μοῦνον ἰατῆρα τῶν ἐμῶν κακῶν.,,1209.0,καί μόνος ἰατήρ ὁ ἐμός κακός
Ὕλλος,καὶ πῶς ὑπαίθων σῶμ᾽ ἂν ἰῴμην τὸ σόν;,1210.0,1210.0,καί πῶς ὑπαίθω σῶμ ἄν ἰάομαι ὁ σός
Ἡρακλῆς,"ἀλλ᾽ εἰ φοβεῖ πρὸς τοῦτο, τἄλλα γ᾽ ἔργασαι.",,1211.0,ἀλλ εἰ φοβέω πρός οὗτος ἄλλος γε ἐργάζομαι
Ὕλλος,φορᾶς γέ τοι φθόνησις οὐ γενήσεται.,,1212.0,φορά γε σύ φθόνησις οὐ γίγνομαι
Ἡρακλῆς,ἦ καὶ πυρᾶς πλήρωμα τῆς εἰρημένης;,,1213.0,εἰμί καί πυρά πλήρωμα ὁ ἐρῶ
Ὕλλος,ὅσον γ᾽ ἂν αὐτὸς μὴ ποτιψαύων χεροῖν:,,1214.0,ὅσος γε ἄν αὐτός μή προσψαύω χείρ
Ὕλλος,τὰ δ᾽ ἄλλα πράξω κοὐ καμεῖ τοὐμὸν μέρος.,1215.0,1215.0,ὁ δ ἄλλος πράσσω οὐ κάμνω ἐμός μέρος
Ἡρακλῆς,ἀλλ᾽ ἀρκέσει καὶ ταῦτα: πρόσνειμαι δέ μοι,,1216.0,ἀλλ ἀρκέω καί οὗτος προσνέμω δέ ἐγώ
Ἡρακλῆς,χάριν βραχεῖαν πρὸς μακροῖς ἄλλοις διδούς.,,1217.0,χάρις βραχύς πρός μακρός ἄλλος δίδωμι
Ὕλλος,"εἰ καὶ μακρὰ κάρτ᾽ ἐστίν, ἐργασθήσεται.",,1218.0,εἰ καί μακρός κάρτ εἰμί ἐργάζομαι
Ἡρακλῆς,τὴν Εὐρυτείαν οἶσθα δῆτα παρθένον;,,1219.0,ὁ Εὐρύτειος οἶδα δῆτα παρθένος
Ὕλλος,"Ἰόλην ἔλεξας, ὥς γ᾽ ἐπεικάζειν ἐμέ.",1220.0,1220.0,Ἰόλη λέγω ὡς γε ἐπεικάζω ἐγώ
Ἡρακλῆς,"ἔγνως.  τοσοῦτον δή σ᾽ ἐπισκήπτω, τέκνον:",,1221.0,γιγνώσκω  τοσοῦτος δή σ ἐπισκήπτω τέκνον
Ἡρακλῆς,"ταύτην ἐμοῦ θανόντος, εἴπερ εὐσεβεῖν",,1222.0,οὗτος ἐγώ θνήσκω εἴπερ εὐσεβέω
Ἡρακλῆς,"βούλει, πατρῴων ὁρκίων μεμνημένος,",,1223.0,βούλομαι πατρῷος ὅρκιον μιμνήσκω
Ἡρακλῆς,"προσθοῦ δάμαρτα, μηδ᾽ ἀπιστήσῃς πατρί:",,1224.0,προστίθημι δάμαρ μηδ ἀπιστέω πατήρ
Ἡρακλῆς,μηδ᾽ ἄλλος ἀνδρῶν τοῖς ἐμοῖς πλευροῖς ὁμοῦ,1225.0,1225.0,μηδ ἄλλος ἀνήρ ὁ ἐμός πλευρόν ὁμοῦ
Ἡρακλῆς,"κλιθεῖσαν αὐτὴν ἀντὶ σοῦ λάβῃ ποτέ,",,1226.0,κλίνω αὐτός ἀντί σύ λαμβάνω ποτέ
Ἡρακλῆς,"ἀλλ᾽ αὐτός, ὦ παῖ, τοῦτο κήδευσον λέχος.",,1227.0,ἀλλ αὐτός ὦ παῖς οὗτος κηδεύω λέχος
Ἡρακλῆς,πείθου: τὸ γάρ τοι μεγάλα πιστεύσαντ᾽ ἐμοὶ,,1228.0,πείθω ὁ γάρ σύ μέγας πιστεύσαντ ἐγώ
Ἡρακλῆς,σμικροῖς ἀπιστεῖν τὴν πάρος συγχεῖ χάριν.,,1229.0,μικρός ἀπιστέω ὁ πάρος συγχέω χάρις
Ὕλλος,"οἴμοι: τὸ μὲν νοσοῦντι θυμοῦσθαι κακόν,",1230.0,1230.0,οἴμοι ὁ μέν νοσέω θυμόω κακός
Ὕλλος,τὸ δ᾽ ὧδ᾽ ὁρᾶν φρονοῦντα τίς ποτ᾽ ἂν φέροι;,,1231.0,ὁ δ ὧδ ὁράω φρονέω τις ποτ ἄν φέρω
Ἡρακλῆς,ὡς ἐργασείων οὐδὲν ὧν λέγω θροεῖς.,,1232.0,ὡς ἐργασείω οὐδείς ὅς λέγω θροέω
Ὕλλος,"τίς γάρ ποθ᾽, ἥ μοι μητρὶ μὲν θανεῖν μόνη",,1233.0,τις γάρ ποθ ὅς ἐγώ μήτηρ μέν θνήσκω μόνος
Ὕλλος,"μεταίτιος σοί τ᾽ αὖθις ὡς ἔχεις ἔχειν,",,1234.0,μεταίτιος σύ τ αὖθις ὡς ἔχω ἔχω
Ὕλλος,"τίς ταῦτ᾽ ἄν, ὅστις μὴ 'ξ ἀλαστόρων νοσοῖ,",1235.0,1235.0,τις ταῦτ ἀνά ὅστις μή ἐκ ἀλάστωρ νοσέω
Ὕλλος,"ἕλοιτο; κρεῖσσον κἀμέ γ᾽, ὦ πάτερ, θανεῖν",,1236.0,αἱρέω κρείσσων ἐγώ γε ὦ πάτηρ θνήσκω
Ὕλλος,ἢ τοῖσιν ἐχθίστοισι συνναίειν ὁμοῦ.,,1237.0,ἤ ὁ ἔχθιστος συνναίω ὁμοῦ
Ἡρακλῆς,"ἁνὴρ ὅδ᾽, ὡς ἔοικεν, οὐ νεμεῖν ἐμοὶ",,1238.0,ἀνήρ ὅδ ὡς ἔοικα οὐ νέμω ἐγώ
Ἡρακλῆς,φθίνοντι μοῖραν: ἀλλά τοι θεῶν ἀρὰ,,1239.0,φθίω μοῖρα ἀλλά σύ θεός ἀρά
Ἡρακλῆς,μενεῖ σ᾽ ἀπιστήσαντα τοῖς ἐμοῖς λόγοις.,1240.0,1240.0,μένω σ ἀπιστέω ὁ ἐμός λόγος
Ὕλλος,"ὤμοι, τάχ᾽, ὡς ἔοικας, ὡς νοσεῖς φράσεις.",,1241.0,ὤμοι τάχ ὡς ἔοικα ὡς νοσέω φράζω
Ἡρακλῆς,σὺ γάρ μ᾽ ἀπ᾽ εὐνασθέντος ἐκκινεῖς κακοῦ.,,1242.0,σύ γάρ μ ἀπό εὐνάζω ἐκκινέω κακός
Ὕλλος,"δείλαιος, ὡς ἐς πολλὰ τἀπορεῖν ἔχω.",,1243.0,δείλαιος ὡς εἰς πολύς ἀπορέω ἔχω
Ἡρακλῆς,οὐ γὰρ δικαιοῖς τοῦ φυτεύσαντος κλύειν.,,1244.0,οὐ γάρ δικαιόω ὁ φυτεύω κλύω
Ὕλλος,"ἀλλ᾽ ἐκδιδαχθῶ δῆτα δυσσεβεῖν, πάτερ;",1245.0,1245.0,ἀλλ ἐκδιδάσκω δῆτα δυσσεβέω πάτηρ
Ἡρακλῆς,"οὐ δυσσέβεια, τοὐμὸν εἰ τέρψεις κέαρ.",,1246.0,οὐ δυσσέβεια ἐμός εἰ τέρπω κῆρ
Ὕλλος,πράσσειν ἄνωγας οὖν με πανδίκως τάδε;,,1247.0,πράσσω ἄνωγα οὖν ἐγώ πάνδικος ὅδε
Ἡρακλῆς,ἔγωγε: τούτων μάρτυρας καλῶ θεούς.,,1248.0,ἐγώ οὗτος μάρτυς καλέω θεός
Ὕλλος,"τοιγὰρ ποήσω κοὐκ ἀπώσομαι, τὸ σὸν",,1249.0,τοιγάρ ποιέω οὐ ἀπωθέω ὁ σός
Ὕλλος,θεοῖσι δεικνὺς ἔργον: οὐ γὰρ ἄν ποτε,1250.0,1250.0,θεός δείκνυμι ἔργον οὐ γάρ ἀνά ποτέ
Ὕλλος,"κακὸς φανείην σοί γε πιστεύσας, πάτερ.",,1251.0,κακός φαίνω σύ γε πιστεύω πάτηρ
Ἡρακλῆς,"καλῶς τελευτᾷς, κἀπὶ τοῖσδε τὴν χάριν",,1252.0,καλός τελευτάω ἐπί ὅδε ὁ χάρις
Ἡρακλῆς,"ταχεῖαν, ὦ παῖ, πρόσθες, ὡς πρὶν ἐμπεσεῖν",,1253.0,ταχύς ὦ παῖς προστίθημι ὡς πρίν ἐμπίτνω
Ἡρακλῆς,"σπαραγμὸν ἤ τιν᾽ οἶστρον, ἐς πυράν με θῇς.",,1254.0,σπαραγμὸν ἤ τιν οἶστρος εἰς πυρή ἐγώ τίθημι
Ἡρακλῆς,"ἄγ᾽ ἐγκονεῖτ᾽, αἴρεσθε: παῦλά τοι κακῶν",1255.0,1255.0,ἀνά ἐγκονεῖτ αἴρω παῦλα σύ κακός
Ἡρακλῆς,"αὕτη, τελευτὴ τοῦδε τἀνδρὸς ὑστάτη.",,1256.0,οὗτος τελευτή ὅδε ἀνήρ ὕστατος
Ὕλλος,"ἀλλ᾽ οὐδὲν εἴργει σοὶ τελειοῦσθαι τάδε,",,1257.0,ἀλλ οὐδείς ἔργω σύ τελειόω ὅδε
Ὕλλος,"ἐπεὶ κελεύεις κἀξαναγκάζεις, πάτερ.",,1258.0,ἐπεί κελεύω ἐξαναγκάζω πάτηρ
Ἡρακλῆς,"ἄγε νυν, πρὶν τήνδ᾽ ἀνακινῆσαι",,1259.0,ἄγε νῦν πρίν τήνδ ἀνακινέω
Ἡρακλῆς,"νόσον, ὦ ψυχὴ σκληρά, χάλυβος",1260.0,1260.0,νόσος ὦ ψυχή σκληρός χάλυψ
Ἡρακλῆς,"λιθοκόλλητον στόμιον παρέχουσ᾽,",,1261.0,λιθοκόλλητος στόμιον παρέχουσ
Ἡρακλῆς,"ἀνάπαυε βοήν, ὡς ἐπίχαρτον",,1262.0,ἀναπαύω βοή ὡς ἐπίχαρτος
Ἡρακλῆς,τελέουσ᾽ ἀεκούσιον ἔργον.,,1263.0,τελέουσ ἀεκούσιος ἔργον
Ὕλλος,"αἴρετ᾽, ὀπαδοί, μεγάλην μὲν ἐμοὶ",,1264.0,αἴρετ ὀπηδός μέγας μέν ἐγώ
Ὕλλος,"τούτων θέμενοι συγγνωμοσύνην,",1265.0,1265.0,οὗτος τίθημι συγγνωμοσύνη
Ὕλλος,μεγάλην δὲ θεῶν ἀγνωμοσύνην,,1266.0,μέγας δέ θεός ἀγνωμοσύνη
Ὕλλος,"εἰδότες ἔργων τῶν πρασσομένων,",,1267.0,οἶδα ἔργον ὁ πράσσω
Ὕλλος,οἳ φύσαντες καὶ κλῃζόμενοι,,1268.0,ὁ φύω καί κλῄζω
Ὕλλος,πατέρες τοιαῦτ᾽ ἐφορῶσι πάθη.,,1269.0,πατήρ τοιαῦτ ἐφοράω πάθος
Ὕλλος,"τὰ μὲν οὖν μέλλοντ᾽ οὐδεὶς ἐφορᾷ,",1270.0,1270.0,ὁ μέν οὖν μέλλοντ οὐδείς ἐφοράω
Ὕλλος,"τὰ δὲ νῦν ἑστῶτ᾽ οἰκτρὰ μὲν ἡμῖν,",,1271.0,ὁ δέ νῦν ἑστῶτ οἰκτρός μέν ἐγώ
Ὕλλος,"αἰσχρὰ δ᾽ ἐκείνοις,",,1272.0,αἰσχρός δ ἐκεῖνος
Ὕλλος,χαλεπώτατα δ᾽ οὖν ἀνδρῶν πάντων,,1273.0,χαλεπός δ οὖν ἀνήρ πᾶς
Ὕλλος,τῷ τήνδ᾽ ἄτην ὑπέχοντι.,,1274.0,ὁ τήνδ ἄτη ὑπέχω
Ὕλλος,"λείπου μηδὲ σύ, παρθέν᾽, ἀπ᾽ οἴκων,",1275.0,1275.0,λείπω μηδέ σύ παρατίθημι ἀπό οἶκος
Ὕλλος,"μεγάλους μὲν ἰδοῦσα νέους θανάτους,",,1276.0,μέγας μέν εἶδον νέος θάνατος
Ὕλλος,"πολλὰ δὲ πήματα καὶ καινοπαθῆ,",,1277.0,πολύς δέ πῆμα καί καινοπαθής
Ὕλλος,κοὐδὲν τούτων ὅ τι μὴ Ζεύς.,,1278.0,οὐδείς οὗτος ὁ τις μή Ζεύς
