Name,Speech,Lemmas,verse_number,inferred_verse_number
Δηιάνειρα,"λόγος μέν ἐστ᾽ ἀρχαῖος ἀνθρώπων φανείς,",λόγος μέν ἔστε ἀρχαῖος ἄνθρωπος φαίνω,1,1.0
Δηιάνειρα,"ὡς οὐκ ἂν αἰῶν᾽ ἐκμάθοις βροτῶν, πρὶν ἂν",ὅς οὐ ἄν αἰών ἐκμανθάνω βρότος πρίν ἄν,,2.0
Δηιάνειρα,"θάνῃ τις, οὔτ᾽ εἰ χρηστὸς οὔτ᾽ εἴ τῳ κακός:",θνήσκω τίς οὔτε εἰ χρηστός οὔτε εἰ ὁ κακός,,3.0
Δηιάνειρα,"ἐγὼ δὲ τὸν ἐμόν, καὶ πρὶν εἰς Ἅιδου μολεῖν,",ἐγώ δέ ὁ ἐμός καί πρίν εἶμι Ἅιδης βλώσκω,,4.0
Δηιάνειρα,"ἔξοιδ᾽ ἔχουσα δυστυχῆ τε καὶ βαρύν,",ἔξοιδα ἔχω δυστυχέω σύ καί βαρύς,5,5.0
Δηιάνειρα,ἥτις πατρὸς μὲν ἐν δόμοισιν Οἰνέως,ὅστις πατήρ μέν ἐν δόμος Οἰνεύς,,6.0
Δηιάνειρα,ναίουσ᾽ ἔτ᾽ ἐν Πλευρῶνι νυμφείων ὄκνον,ναίω ἔτης ἐν Πλευρών νυμφεῖος ὄκνος,,7.0
Δηιάνειρα,"ἄλγιστον ἔσχον, εἴ τις Αἰτωλὶς γυνή.",ἀλγίων ἔχω εἰ τίς γυνή,,8.0
Δηιάνειρα,"μνηστὴρ γὰρ ἦν μοι ποταμός, Ἀχελῷον λέγω,",μνηστήρ γάρ ἐάν ἐγώ ποταμός Ἀχελώιος λέγος,,9.0
Δηιάνειρα,"ὅς μ᾽ ἐν τρισὶν μορφαῖσιν ἐξῄτει πατρός,",ὅς ἐγώ ἐν τρεῖς μορφάω ἐξαιτέω πατήρ,10,10.0
Δηιάνειρα,"φοιτῶν ἐναργὴς ταῦρος, ἄλλοτ᾽ αἰόλος",φοίτης ἐναργής ταῦρος ἄλλοτε Αἴολος,,11.0
Δηιάνειρα,"δράκων ἑλικτός, ἄλλοτ᾽ ἀνδρείῳ κύτει",δέρκομαι ἑλικτός ἄλλοτε ἀνδρεῖος κύτος,,12.0
Δηιάνειρα,βούπρῳρος: ἐκ δὲ δασκίου γενειάδος,βούπρῳρος ἐκ δέ δάσκιος γενειάς,,13.0
Δηιάνειρα,κρουνοὶ διερραίνοντο κρηναίου ποτοῦ.,Κρουνοί διαρραίνομαι κρηναῖος πότης,,14.0
Δηιάνειρα,τοιόνδ᾽ ἐγὼ μνηστῆρα προσδεδεγμένη,τοιόσδε ἐγώ μνηστήρ προσδέχομαι,15,15.0
Δηιάνειρα,"δύστηνος αἰεὶ κατθανεῖν ἐπηυχόμην,",δύστηνος ἀεί καταθνήσκω ἐπεύχομαι,,16.0
Δηιάνειρα,πρὶν τῆσδε κοίτης ἐμπελασθῆναί ποτε.,πρίν ὅδε κοίτη ἐμπελάζω πότε,,17.0
Δηιάνειρα,"χρόνῳ δ᾽ ἐν ὑστέρῳ μέν, ἀσμένῃ δέ μοι,",χρόνος δέ ἐν ὕστερον μέν ἄσμενος δέ ἐγώ,,18.0
Δηιάνειρα,ὁ κλεινὸς ἦλθε Ζηνὸς Ἀλκμήνης τε παῖς:,ὅς κλεινός ἔρχομαι Ζεύς Ἀλκμήνη σύ πᾶς,,19.0
Δηιάνειρα,ὃς εἰς ἀγῶνα τῷδε συμπεσὼν μάχης,ὅς εἶμι ἄγωνος ὅδε συμπίτνω μάχη,20,20.0
Δηιάνειρα,ἐκλύεταί με: καὶ τρόπον μὲν ἂν πόνων,ἐκλύω ἐγώ καί τρόπος μέν ἄν πόνος,,21.0
Δηιάνειρα,οὐκ ἂν διείποιμ᾽: οὐ γὰρ οἶδ᾽: ἀλλ᾽ ὅστις ἦν,οὐ ἄν διεῖπον οὐ γάρ οἶδα ἄλλος ὅστις ἐάν,,22.0
Δηιάνειρα,"θακῶν ἀταρβὴς τῆς θέας, ὅδ᾽ ἂν λέγοι:",θᾶκος ἀταρβής ὁ θέα ὅδε ἄν λέγος,,23.0
Δηιάνειρα,ἐγὼ γὰρ ἥμην ἐκπεπληγμένη φόβῳ,ἐγώ γάρ ἧμαι ἐκπλήσσω φόβος,,24.0
Δηιάνειρα,μή μοι τὸ κάλλος ἄλγος ἐξεύροι ποτέ.,μή ἐγώ ὁ κάλλος ἄλγος ἐξευρίσκω πότε,25,25.0
Δηιάνειρα,"τέλος δ᾽ ἔθηκε Ζεὺς ἀγώνιος καλῶς,",τέλος δέ τίθημι Ζεύς ἀγώνιος κάλως,,26.0
Δηιάνειρα,εἰ δὴ καλῶς. λέχος γὰρ Ἡρακλεῖ κριτὸν,εἰ Δεύς κάλως λέχος γάρ Ἡρακλῆς κριτός,,27.0
Δηιάνειρα,"ξυστᾶσ᾽ ἀεί τιν᾽ ἐκ φόβου φόβον τρέφω,",συνίστημι ἀεί τίνω ἐκ φόβος φόβος τρέφω,,28.0
Δηιάνειρα,κείνου προκηραίνουσα: νὺξ γὰρ εἰσάγει,ἐκεῖνος προκηραίνω νύξ γάρ εἰσάγω,,29.0
Δηιάνειρα,καὶ νὺξ ἀπωθεῖ διαδεδεγμένη πόνον.,καί νύξ ἀπωθέω διαδέχομαι πόνος,30,30.0
Δηιάνειρα,"κἀφύσαμεν δὴ παῖδας, οὓς κεῖνός ποτε,",ἀφύσσω Δεύς παῖς ὅς ἐκεῖνος πότε,,31.0
Δηιάνειρα,"γῄτης ὅπως ἄρουραν ἔκτοπον λαβών,",γηίτης ὅπως ἄρουρα ἔκτοπος λαβή,,32.0
Δηιάνειρα,σπείρων μόνον προσεῖδε κἀξαμῶν ἅπαξ.,σπείρω μόνος προσεῖδον ἐξαμάω ἅπαξ,,33.0
Δηιάνειρα,τοιοῦτος αἰὼν εἰς δόμους τε κἀκ δόμων,τοιοῦτος αἰάζω εἶμι δόμος σύ ἐκ δόμος,,34.0
Δηιάνειρα,αἰεὶ τὸν ἄνδρ᾽ ἔπεμπε λατρεύοντά τῳ.,ἀεί ὁ ἀνδρίς πέμπω λατρεύω ὁ,35,35.0
Δηιάνειρα,"νῦν δ᾽ ἡνίκ᾽ ἄθλων τῶνδ᾽ ὑπερτελὴς ἔφυ,",νῦν δέ ἑνίζω ἆθλον ὅδε ὑπερτέλλω φύω,,36.0
Δηιάνειρα,ἐνταῦθα δὴ μάλιστα ταρβήσασ᾽ ἔχω.,ἐνταῦθα Δεύς μάλιστα ταρβέω ἔχω,,37.0
Δηιάνειρα,"ἐξ οὗ γὰρ ἔκτα κεῖνος Ἰφίτου βίαν,",ἐξ ἕ γάρ κτείνω ἐκεῖνος Ἴφιτος Βίας,,38.0
Δηιάνειρα,ἡμεῖς μὲν ἐν Τραχῖνι τῇδ᾽ ἀνάστατοι,ἐγώ μέν ἐν Τραχίς ὅδε ἀνάστατος,,39.0
Δηιάνειρα,"ξένῳ παρ᾽ ἀνδρὶ ναίομεν, κεῖνος δ᾽ ὅπου",ξένος Πάρις ἀνδρίς ναίω ἐκεῖνος δέ ὅπου,40,40.0
Δηιάνειρα,βέβηκεν οὐδεὶς οἶδε: πλὴν ἐμοὶ πικρὰς,βαίνω οὐδείς οἶδα πλέω ἐγώ πίκρα,,41.0
Δηιάνειρα,ὠδῖνας αὐτοῦ προσβαλὼν ἀποίχεται.,ὠδίς αὐτός προσβάλλω ἀποίχομαι,,42.0
Δηιάνειρα,σχεδὸν δ᾽ ἐπίσταμαί τι πῆμ᾽ ἔχοντά νιν:,σχεδόν δέ ἐφίστημι τίς πῆμα ἔχω νιν,,43.0
Δηιάνειρα,"χρόνον γὰρ οὐχὶ βαιόν, ἀλλ᾽ ἤδη δέκα",χρόνος γάρ οὐ βάιον ἄλλος ἤδη δέκα,,44.0
Δηιάνειρα,μῆνας πρὸς ἄλλοις πέντ᾽ ἀκήρυκτος μένει.,μαίνομαι πρός ἄλλος πέντε ἀκήρυκτος μένος,45,45.0
Δηιάνειρα,κἀστίν τι δεινὸν πῆμα: τοιαύτην ἐμοὶ,εἰμί τίς δεῖνος πῆμα τοιοῦτος ἐγώ,,46.0
Δηιάνειρα,"δέλτον λιπὼν ἔστειχε, τὴν ἐγὼ θαμὰ",δέλτος λείπω στείχω ὁ ἐγώ θαμά,,47.0
Δηιάνειρα,θεοῖς ἀρῶμαι πημονῆς ἄτερ λαβεῖν.,θέω ἀράομαι πημονή ἄτερ λαμβάνω,,48.0
Θεράπαινα,"δέσποινα Δῃάνειρα, πολλὰ μέν σ᾽ ἐγὼ",δέσποινα Δηιάνειρα πολύς μέν σός ἐγώ,,49.0
Θεράπαινα,κατεῖδον ἤδη πανδάκρυτ᾽ ὀδύρματα,κατεῖδον ἤδη πανδάκρυτος ὄδυρμα,50,50.0
Θεράπαινα,τὴν Ἡράκλειον ἔξοδον γοωμένην:,ὁ Ἡράκλειος ἔξοδος γοάω,,51.0
Θεράπαινα,"νῦν δ᾽, εἰ δίκαιον τοὺς ἐλευθέρους φρενοῦν",νῦν δέ εἰ δίκαιος ὁ ἐλεύθερος φρενόω,,52.0
Θεράπαινα,"γνώμαισι δούλαις, κἀμὲ χρὴ φράσαι τὸ σόν:",γνώμη δούλη ἁμός χράω φράζω ὁ σός,,53.0
Θεράπαινα,"πῶς παισὶ μὲν τοσοῖσδε πληθύεις, ἀτὰρ",πῶς πᾶς μέν τοσόσδε πληθύω ἀτάρ,,54.0
Θεράπαινα,"ἀνδρὸς κατὰ ζήτησιν οὐ πέμπεις τινά,",ἀνήρ κάτος ζήτησις οὐ πέμπω τίς,55,55.0
Θεράπαινα,"μάλιστα δ᾽ ὅνπερ εἰκὸς Ὕλλον, εἰ πατρὸς",μάλιστα δέ ὅς ἔοικα Ὕλλος εἰ πατήρ,,56.0
Θεράπαινα,νέμοι τιν᾽ ὤραν τοῦ καλῶς πράσσειν δοκεῖν;,νέμω τίνω ὤρα ὁ κάλως πράσσω δοκέω,,57.0
Θεράπαινα,"ἐγγὺς δ᾽ ὅδ᾽ αὐτὸς ἀρτίπους θρῴσκει δόμους,",ἐγγύς δέ ὅδε αὐτός ἀρτίπους θρῴσκω δόμος,,58.0
Θεράπαινα,"ὥστ᾽ εἴ τί σοι πρὸς καιρὸν ἐννέπειν δοκῶ,",ὥστε εἰ τίς σός πρός καῖρος ἐνέπω δόκος,,59.0
Θεράπαινα,πάρεστι χρῆσθαι τἀνδρὶ τοῖς τ᾽ ἐμοῖς λόγοις.,πάρειμι χράομαι ἀνδρίς ὁ σύ ἐμέω λόγος,60,60.0
Δηιάνειρα,"ὦ τέκνον, ὦ παῖ, κἀξ ἀγεννήτων ἄρα",εἰμί τέκνον εἰμί παῖς ἐξ ἀγέννητος ἄρα,,61.0
Δηιάνειρα,μῦθοι καλῶς πίπτουσιν: ἥδε γὰρ γυνὴ,μῦθος κάλως πίπτω ὅδε γάρ γυνή,,62.0
Δηιάνειρα,"δούλη μέν, εἴρηκεν δ᾽ ἐλεύθερον λόγον.",δούλη μέν ἐρῶ δέ ἐλεύθερος λόγος,,63.0
Ὕλλος,"ποῖον; δίδαξον, μῆτερ, εἰ διδακτά μοι.",ποῖος διδάσκω μήτηρ εἰ διδακτός ἐγώ,,64.0
Δηιάνειρα,σὲ πατρὸς οὕτω δαρὸν ἐξενωμένου,σός πατήρ οὕτως δηρός ξενόω,65,65.0
Δηιάνειρα,"τὸ μὴ πυθέσθαι ποῦ 'στιν, αἰσχύνην φέρειν.",ὁ μή πύθω πού εἰμί αἰσχύνη φέρω,,66.0
Ὕλλος,"ἀλλ᾽ οἶδα, μύθοις εἴ τι πιστεύειν χρεών.",ἄλλος οἶδα μῦθος εἰ τίς πιστεύω χράω2,,67.0
Δηιάνειρα,"καὶ ποῦ κλύεις νιν, τέκνον, ἱδρῦσθαι χθονός;",καί πού κλύω νιν τέκνον ἱδρύω χθών,,68.0
Ὕλλος,τὸν μὲν παρελθόντ᾽ ἄροτον ἐν μήκει χρόνου,ὁ μέν παρέρχομαι ἄροτος ἐν μῆκος χρόνος,,69.0
Ὕλλος,Λυδῇ γυναικί φασί νιν λάτριν πονεῖν.,Λυδός γυνή Φᾶσις νιν λάτρις πονέω,70,70.0
Δηιάνειρα,"πᾶν τοίνυν, εἰ καὶ τοῦτ᾽ ἔτλη, κλύοι τις ἄν.",Πάν τοίνυν εἰ καί οὗτος τλάω κλύω τίς ἄν,,71.0
Ὕλλος,"ἀλλ᾽ ἐξαφεῖται τοῦδέ γ᾽, ὡς ἐγὼ κλύω.",ἄλλος ἐξαφίημι ὅδε γε ὅς ἐγώ κλύω,,72.0
Δηιάνειρα,ποῦ δῆτα νῦν ζῶν ἢ θανὼν ἀγγέλλεται;,πού δῆτα νῦν ζάω εἰμί θνήσκω ἀγγέλλω,,73.0
Ὕλλος,"Εὐβοΐδα χώραν φασίν, Εὐρύτου πόλιν,",Εὐβοικός χώρα φάσις Εὔρυτος πόλις,,74.0
Ὕλλος,ἐπιστρατεύειν αὐτὸν ἢ μέλλειν ἔτι.,ἐπιστρατεύω αὐτός εἰμί μέλλω ἔτι,75,75.0
Δηιάνειρα,"ἆρ᾽ οἶσθα δῆτ᾽, ὦ τέκνον, ὡς ἔλειπέ μοι",ἄρα οἶδα δέομαι εἰμί τέκνον ὅς λείπω ἐγώ,,76.0
Δηιάνειρα,μαντεῖα πιστὰ τῆσδε τῆς χώρας πέρι;,μαντεία πιστόν ὅδε ὁ χώρα περί,,77.0
Ὕλλος,"τὰ ποῖα, μῆτερ; τὸν λόγον γὰρ ἀγνοῶ.",ὁ Ποίας μήτηρ ὁ λόγος γάρ ἀγνοέω,,78.0
Δηιάνειρα,ὡς ἢ τελευτὴν τοῦ βίου μέλλει τελεῖν,ὅς εἰμί τελευτάω ὁ βίος μέλλω τέλλω,,79.0
Δηιάνειρα,ἢ τοῦτον ἄρας ἆθλον εἰς τό γ᾽ ὕστερον,εἰμί οὗτος ἀρά ἆθλον εἶμι ὁ γε ὕστερον,80,80.0
Δηιάνειρα,τὸν λοιπὸν ἤδη βίοτον εὐαίων᾽ ἔχειν.,ὁ λοιπός ἤδη βίοτος εὐαίων ἔχω,,81.0
Δηιάνειρα,"ἐν οὖν ῥοπῇ, τοιᾷδε κειμένῳ, τέκνον,",ἐν οὖν ῥοπή τοιόσδε κεῖμαι τέκνον,,82.0
Δηιάνειρα,"οὐκ εἶ ξυνέρξων, ἡνίκ᾽ ἢ σεσώσμεθα",οὐ εἰ συνέρδω ἑνίζω εἰμί σώζω,,83.0
Δηιάνειρα,ἢ πίπτομεν σοῦ πατρὸς ἐξολωλότος,εἰμί πίπτω σεύω πατήρ ἐξόλλυμι,,84.0
Δηιάνειρα,"κείνου βίον σώσαντος, ἢ οἰχόμεσθ᾽ ἅμα;",ἐκεῖνος βίος σώζω εἰμί οἴχομαι ἅμα,85,85.0
Ὕλλος,"ἀλλ᾽ εἶμι, μῆτερ: εἰ δὲ θεσφάτων ἐγὼ",ἄλλος εἶμι μήτηρ εἰ δέ θέσφατος ἐγώ,,86.0
Ὕλλος,"βάξιν κατῄδη τῶνδε, κἂν πάλαι παρῆ:",βάξις κάτοιδα ὅδε κἀν πάλα πάρειμι,,87.0
Ὕλλος,νῦν δ᾽ ὁ ξυνήθης πότμος οὐκ εἴα πατρὸς,νῦν δέ ὅς ἠθέω πότμος οὐ ἐάω πατήρ,,88.0
Ὕλλος,ἡμᾶς προταρβεῖν οὐδὲ δειμαίνειν ἄγαν.,ἐγώ προταρβέω οὐδέ δειμαίνω ἄγαν,,89.0
Ὕλλος,"νῦν δ᾽ ὡς ξυνίημ᾽, οὐδὲν ἐλλείψω τὸ μὴ οὐ",νῦν δέ ὅς συνίημι οὐδείς ἐλλείπω ὁ μή οὐ,90,90.0
Ὕλλος,πᾶσαν πυθέσθαι τῶνδ᾽ ἀλήθειαν πέρι.,πάσσω πύθω ὅδε ἀλήθεια περί,,91.0
Δηιάνειρα,"χώρει νυν, ὦ παῖ: καὶ γὰρ ὑστέρῳ τό γ᾽ εὖ",χωρέω νῦν εἰμί παῖς καί γάρ ὕστερον ὁ γε εὖ,,92.0
Δηιάνειρα,"πράσσειν, ἐπεὶ πύθοιτο, κέρδος ἐμπολᾷ.",πράσσω ἔπειμι πύθω κέρδος ἐμπολάω,,93.0
Χορός,ὃν αἰόλα νὺξ ἐναριζομένα,ὅς αἰόλος νύξ ἐναρίζω,,94.0
Χορός,"τίκτει κατευνάζει τε, φλογιζόμενον",τίκτω κατευνάζω σύ φλογίζω,95,95.0
Χορός,Ἅλιον Ἅλιον αἰτῶ,Ἅλιος Ἅλιος αἰτέω,,96.0
Χορός,"τοῦτο καρῦξαι, τὸν Ἀλκμήνας πόθι μοι πόθι παῖς",οὗτος καρύσσω ὁ Ἀλκμήνη πόθι ἐγώ πόθι πᾶς,,97.0
Χορός,"ναίει ποτ᾽, ὦ λαμπρᾷ στεροπᾷ φλεγέθων,",ναίω πότε εἰμί λαμπρός στερόπης φλεγέθω,,98.0
Χορός,"ἢ ποντίας αὐλῶνος ἢ δισσαῖσιν ἀπείροις κλιθείς,",εἰμί πόντιος αὐλών εἰμί δισσός ἄπειρος κλίνω,100,100.0
Χορός,"εἴπ᾽, ὦ κρατιστεύων κατ᾽ ὄμμα.",εἶπον εἰμί κρατιστεύω κάτος ὄμμα,,101.0
Χορός,ποθουμένᾳ γὰρ φρενὶ πυνθάνομαι,ποθέω γάρ φρήν πυνθάνομαι,,102.0
Χορός,"τὰν ἀμφινεικῆ Δηιάνειραν ἀεί,",ὁ ἀμφινεικής Δηιάνειρα ἀεί,,103.0
Χορός,"οἷά τιν᾽ ἄθλιον ὄρνιν,",οἷος τίνω ἄθλιος ὄρνις,105,105.0
Χορός,"οὔποτ᾽ εὐνάζειν ἀδακρύτων βλεφάρων πόθον, ἀλλ᾽",οὔποτε εὐνάζω ἀδάκρυτος βλέφαρον πόθος ἄλλος,,106.0
Χορός,εὔμναστον ἀνδρὸς δεῖμα τρέφουσαν ὁδοῦ,εὔμνηστος ἀνήρ δέμω τρέφω ὁδάω,,107.0
Χορός,"ἐνθυμίοις εὐναῖς ἀνανδρώτοισι τρύχεσθαι, κακὰν",ἐνθύμιος εὐνάω ἀνάνδρωτος τρύχω κάκη,110,110.0
Χορός,δύστανον ἐλπίζουσαν αἶσαν.,δύστηνος ἐλπίζω Αἶσα,,111.0
Χορός,πολλὰ γὰρ ὥστ᾽ ἀκάμαντος ἢ νότου ἢ βορέα τις,πολύς γάρ ὥστε Ἀκάμας εἰμί Νότος εἰμί Βορέας τίς,,112.0
Χορός,"κύματ᾽ ἂν εὐρέϊ πόντῳ βάντ᾽ ἐπιόντα τ᾽ ἴδοι,",κῦμα ἄν εὖρος πόντος βάζω ἔπειμι σύ εἶδον,,113.0
Χορός,"οὕτῶ δὲ τὸν Καδμογενῆ στρέφει, τὸ δ᾽ αὔξει,",οὕτως δέ ὁ Καδμογενής στρέφω ὁ δέ αὖξις,,114.0
Χορός,βιότου πολύπονον ὥσπερ πέλαγος,βίοτος πολύπονος ὥσπερ πέλαγος,,115.0
Χορός,Κρήσιον.  ἀλλά τις θεῶν αἰὲν ἀναμπλάκητον Ἅιδα,Κρής ἄλλος τίς θέα ἀεί ἀναμπλάκητος Ἅιδης,120,120.0
Χορός,σφε δόμων ἐρύκει.,σφεῖς δόμος ἐρύκω,,121.0
Χορός,"ὧν ἐπιμεμφομένα σ᾽ αἰδοῖα μέν, ἀντία δ᾽ οἴσω.",ὅς ἐπιμέμφομαι σός αἰδοῖον μέν ἀντίον δέ φέρω,,122.0
Χορός,φαμὶ γὰρ οὐκ ἀποτρύειν ἐλπίδα τὰν ἀγαθὰν,φῆμις γάρ οὐ ἀποτρύω ἐλπίς ὁ ἀγαθός,125,125.0
Χορός,χρῆναί σ᾽: ἀνάλγητα γὰρ οὐδ᾽ ὁ πάντα κραίνων βασιλεὺς ἐπέβαλε θνατοῖς Κρονίδας:,χρή σός ἀνάλγητος γάρ οὐδέ ὅς πάντῃ κραίνω βασιλεύς ἐπιβάλλω θνητός Κρονίδης,,126.0
Χορός,"ἀλλ᾽ ἐπὶ πῆμα καὶ χαρὰ πᾶσι κυκλοῦσιν, οἷον",ἄλλος ἐπί πῆμα καί χαρά πᾶς κυκλέω οἷος,,127.0
Χορός,ἄρκτου στροφάδες κέλευθοι.,ἄρκτος στροφάς κέλευθος,130,130.0
Χορός,μένει γὰρ οὔτ᾽ αἰόλα,μένος γάρ οὔτε αἰόλος,,131.0
Χορός,νὺξ βροτοῖσιν οὔτε κῆρες,νύξ βρότος οὔτε Κήρ,,132.0
Χορός,"οὔτε πλοῦτος, ἀλλ᾽ ἄφαρ",οὔτε πλοῦτος ἄλλος ἄφαρ,,133.0
Χορός,"βέβακε, τῷ δ᾽ ἐπέρχεται",βάζω ὁ δέ ἐπέρχομαι,,134.0
Χορός,χαίρειν τε καὶ στέρεσθαι.,χαίρω σύ καί στέρομαι,135,135.0
Χορός,ἃ καὶ σὲ τὰν ἄνασσαν ἐλπίσιν λέγω,ὅς καί σός ὁ ἄνασσα ἐλπίς λέγος,,136.0
Χορός,τάδ᾽ αἰὲν ἴσχειν: ἐπεὶ τίς ὧδε,ὅδε ἀεί ἴσχω ἔπειμι τίς ὧδε,,137.0
Χορός,τέκνοισι Ζῆν᾽ ἄβουλον εἶδεν;,τέκνον Ζεύς ἄβουλος εἶδον,140,140.0
Δηιάνειρα,"πεπυσμένη μέν, ὡς ἀπεικάσαι, πάρει",πυνθάνομαι μέν ὅς ἀπεικάζω πάρειμι,,141.0
Δηιάνειρα,"πάθημα τοὐμόν:  ὡς δ᾽ ἐγὼ θυμοφθορῶ,",πάθημα ἐμός ὅς δέ ἐγώ θυμοφθόρος,,142.0
Δηιάνειρα,μήτ᾽ ἐκμάθοις παθοῦσα νῦν τ᾽ ἄπειρος εἶ.,μάομαι ἐκμανθάνω πάσχω νῦν σύ ἄπειρος εἰ,,143.0
Δηιάνειρα,τὸ γὰρ νεάζον ἐν τοιοῖσδε βόσκεται,ὁ γάρ νεάζω ἐν τοιόσδε βόσκω,,144.0
Δηιάνειρα,"χώροισιν αὑτοῦ, καί νιν οὐ θάλπος θεοῦ",χῶρος ἑαυτοῦ καί νιν οὐ θάλπος θεάομαι,145,145.0
Δηιάνειρα,"οὐδ᾽ ὄμβρος οὐδὲ πνευμάτων οὐδὲν κλονεῖ,",οὐδέ ὄμβρος οὐδέ πνεῦμα οὐδείς κλονέω,,146.0
Δηιάνειρα,ἀλλ᾽ ἡδοναῖς ἄμοχθον ἐξαίρει βίον,ἄλλος ἡδονή ἄμοχθος ἐξαίρω βίος,,147.0
Δηιάνειρα,ἐς τοῦθ᾽ ἕως τις ἀντὶ παρθένου γυνὴ,εἰς οὗτος ἕως τίς ἀντί Παρθένος γυνή,,148.0
Δηιάνειρα,"κληθῇ λάβῃ τ᾽ ἐν νυκτὶ φροντίδων μέρος,",καλέω λάπτω σύ ἐν νύξ φροντίς μέρος,,149.0
Δηιάνειρα,ἤτοι πρὸς ἀνδρὸς ἢ τέκνων φοβουμένη.,ἤτοι πρός ἀνήρ εἰμί τέκνον φοβέω,150,150.0
Δηιάνειρα,"τότ᾽ ἄν τις εἰσίδοιτο, τὴν αὑτοῦ σκοπῶν",τότε ἄν τίς εἶδον ὁ ἑαυτοῦ σκοπάω,,151.0
Δηιάνειρα,"πρᾶξιν, κακοῖσιν οἷς ἐγὼ βαρύνομαι.",πρᾶξις κακός ὅς ἐγώ βαρύνω,,152.0
Δηιάνειρα,πάθη μὲν οὖν δὴ πόλλ᾽ ἔγωγ᾽ ἐκλαυσάμην:,πάθη μέν οὖν Δεύς πολύς ἐγώ κλαίω,,153.0
Δηιάνειρα,"ἓν δ᾽, οἷον οὔπω πρόσθεν, αὐτίκ᾽ ἐξερῶ.",εἷς δέ οἷος οὔπω πρόσθεν αὐτίκα ἐξεράω,,154.0
Δηιάνειρα,ὁδὸν γὰρ ἦμος τὴν τελευταίαν ἄναξ,ὁδός γάρ ἦμος ὁ τελευταῖος Ἄνακες,155,155.0
Δηιάνειρα,"ὡρμᾶτ᾽ ἀπ᾽ οἴκων Ἡρακλῆς, τότ᾽ ἐν δόμοις",ὁρμάω Ἆπις οἶκος Ἡρακλῆς τότε ἐν δόμος,,156.0
Δηιάνειρα,λείπει παλαιὰν δέλτον ἐγγεγραμμένην,λείπω παλαιός δέλτος ἐγγράφω,,157.0
Δηιάνειρα,"ξυνθήμαθ᾽, ἁμοὶ πρόσθεν οὐκ ἔτλη ποτέ,",σύνθημα ἁμός πρόσθεν οὐ τλάω πότε,,158.0
Δηιάνειρα,"πολλοὺς ἀγῶνας ἐξιών, οὔπω φράσαι,",πολύς ἀγών ἔξειμι2 οὔπω φράζω,,159.0
Δηιάνειρα,ἀλλ᾽ ὥς τι δράσων εἷρπε κοὐ θανούμενος.,ἄλλος ὅς τίς δράω ἕρπω οὐ θνήσκω,160,160.0
Δηιάνειρα,νῦν δ᾽ ὡς ἔτ᾽ οὐκ ὢν εἶπε μὲν λέχους ὅ τι,νῦν δέ ὅς ἔτης οὐ εἰμί εἶπον μέν λέχος ὅς τίς,,161.0
Δηιάνειρα,χρείη μ᾽ ἑλέσθαι κτῆσιν εἶπε δ᾽ ἣν τέκνοις,χρέος ἐγώ αἱρέω κτάομαι εἶπον δέ ὅς τέκνον,,162.0
Δηιάνειρα,"μοῖραν πατρῴας γῆς διαιρετὸν νέμοι,",μοῖρα πατρώιος γῆ διαίρω νέμω,,163.0
Δηιάνειρα,χρόνον προτάξας ὡς τρίμηνον ἡνίκα,χρόνος προσάγω ὅς τρίμηνος ἑνίζω,,164.0
Δηιάνειρα,"χώρας ἀπείη κἀνιαύσιον βεβώς,",χώρα ἄπειμι ἐνιαύσιος βαίνω,165,165.0
Δηιάνειρα,τότ᾽ ἢ θανεῖν χρείη σφε τῷδε τῷ χρόνῳ,τότε εἰμί θνήσκω χρέος σφεῖς ὅδε ὁ χρόνος,,166.0
Δηιάνειρα,ἢ τοῦθ᾽ ὑπεκδραμόντα τοῦ χρόνου τέλος,εἰμί οὗτος ὑπεκτρέχω ὁ χρόνος τέλος,,167.0
Δηιάνειρα,τὸ λοιπὸν ἤδη ζῆν ἀλυπήτῳ βίῳ.,ὁ λοιπός ἤδη Ζεύς ἀλύπητος βίος,,168.0
Δηιάνειρα,τοιαῦτ᾽ ἔφραζε πρὸς θεῶν εἱμαρμένα,τοιοῦτος φράζω πρός θέα μείρομαι,,169.0
Δηιάνειρα,"τῶν Ἡρακλείων ἐκτελευτᾶσθαι πόνων,",ὁ Ἡράκλειος ἐκτελευτάω πόνος,170,170.0
Δηιάνειρα,ὡς τὴν παλαιὰν φηγὸν αὐδῆσαί ποτε,ὅς ὁ παλαιός φηγός αὐδάω πότε,,171.0
Δηιάνειρα,Δωδῶνι δισσῶν ἐκ Πελειάδων ἔφη.,Δωδώνη δισσός ἐκ πελειάς φημί,,172.0
Δηιάνειρα,καὶ τῶνδε ναμέρτεια συμβαίνει χρόνου,καί ὅδε νημέρτεια συμβαίνω χρόνος,,173.0
Δηιάνειρα,"τοῦ νῦν παρόντος, ὡς τελεσθῆναι χρεών:",ὁ νῦν πάρειμι ὅς τελέω χράω2,,174.0
Δηιάνειρα,ὥσθ᾽ ἡδέως εὕδουσαν ἐκπηδᾶν ἐμὲ,ὥστε ἡδέως εὕδω ἐκπηδάω ἐγώ,175,175.0
Δηιάνειρα,"φόβῳ, φίλαι, ταρβοῦσαν, εἴ με χρὴ μένειν",φόβος φίλος ταρβέω εἰ ἐγώ χράω μένω,,176.0
Δηιάνειρα,πάντων ἀρίστου φωτὸς ἐστερημένην.,πᾶς ἄριστον φάος στερέω,,177.0
Χορός,εὐφημίαν νῦν ἴσχ᾽: ἐπεὶ καταστεφῆ,εὐφημία νῦν ἴσκε ἔπειμι καταστεφής,,178.0
Χορός,στείχονθ᾽ ὁρῶ τιν᾽ ἄνδρα πρὸς χαρὰν λόγων.,στείχω ὅρος τίνω ἀνήρ πρός χαρά λόγος,,179.0
Χορός,ἀνολολυξάτω δόμοις ἐφεστίοις,ἀνολολύζω δόμος ἐφέστιος,205,205.0
Χορός,"ἀλαλαγαῖς ἁ μελλόνυμφος, ἐν δὲ",ἀλαλαγή ὅς μελλόνυμφος ἐν δέ,,206.0
Χορός,κοινὸς ἀρσένων ἴτω,κοινός ἄρσην εἶμι,,207.0
Χορός,κλαγγὰ τὸν εὐφαρέτραν,κλαγγάζω ὁ εὐφαρέτρης,,208.0
Χορός,Ἀπόλλω προστάταν: ὁμοῦ δὲ,Ἀπόλλων προστάτης ὁμός δέ,,209.0
Χορός,"παιᾶνα παιᾶν᾽ ἀνάγετ᾽, ὦ παρθένοι,",Παιάν Παιάν ἀνάγω εἰμί παρθένος,210,210.0
Χορός,βοᾶτε τὰν ὁμόσπορον,βοάω ὁ ὁμόσπορος,,211.0
Χορός,Ἄρτεμιν Ὀρτυγίαν,Ἄρτεμις Ὀρτυγία,,212.0
Χορός,"ἐλαφαβόλον ἀμφίπυρον,",ἐλαφαβόλος ἀμφίπυρος,,213.0
Χορός,γείτονάς τε Νύμφας.,γείτων σύ νύμφη,,214.0
Χορός,ἀείρομαι οὐδ᾽ ἀπώσομαι,ἀείρω οὐδέ ἀπωθέω,215,215.0
Χορός,"τὸν αὐλόν, ὦ τύραννε τᾶς ἐμᾶς φρενός.",ὁ αὐλός εἰμί τύραννος ὁ ἐμός φρήν,,216.0
Χορός,"ἰδού μ᾽ ἀναταράσσει,",Ἴδης ἐγώ ἀναταράσσω,,217.0
Χορός,"εὐοῖ μ᾽,",εὐοῖ ἐγώ,,218.0
Χορός,ὁ κισσὸς ἄρτι βακχίαν,ὅς κισσός ἄρτι Βάκχειος,,219.0
Χορός,ὑποστρέφων ἅμιλλαν.  ἰὼ ἰὼ Παιάν.,ὑποστρέφω ἅμιλλα Ἰώ Ἰώ Παιάν,220,220.0
Χορός,"ἴδ᾽, ὦ φίλα γύναι,",εἶδον εἰμί φίλος γυνή,,221.0
Χορός,τάδ᾽ ἀντίπρῳρα δή σοι,ὅδε ἀντίπρῳρος Δεύς σός,,222.0
Χορός,βλέπειν πάρεστ᾽ ἐναργῆ.,βλέπω πάρειμι ἐναργής,,223.0
Δηιάνειρα,"ὁρῶ, φίλαι γυναῖκες, οὐδέ μ᾽ ὄμματος",ὅρος φίλος γυνή οὐδέ ἐγώ ὄμμα,225,225.0
Δηιάνειρα,"φρουρὰν παρῆλθε, τόνδε μὴ λεύσσειν στόλον:",φρουρά παρέρχομαι ὅδε μή λεύσσω στόλος,,226.0
Δηιάνειρα,"χαίρειν δὲ τὸν κήρυκα προυννέπω, χρόνῳ",χαίρω δέ ὁ κῆρυξ προεννέπω χρόνος,,227.0
Δηιάνειρα,"πολλῷ φανέντα, χαρτὸν εἴ τι καὶ φέρεις.",πολύς φαίνω χαρτός εἰ τίς καί φέρω,,228.0
Λίχας,"ἀλλ᾽ εὖ μὲν ἵγμεθ᾽, εὖ δὲ προσφωνούμεθα,",ἄλλος εὖ μέν ἱκνέομαι εὖ δέ προσφωνέω,,229.0
Λίχας,"γύναι, κατ᾽ ἔργου κτῆσιν: ἄνδρα γὰρ καλῶς",γυνή κάτος ἔργνυμι κτάομαι ἀνήρ γάρ κάλως,230,230.0
Λίχας,πράσσοντ᾽ ἀνάγκη χρηστὰ κερδαίνειν ἔπη.,πράσσω ἀνάγκη χρήστης κερδαίνω ἔπειμι,,231.0
Δηιάνειρα,"ὦ φίλτατ᾽ ἀνδρῶν, πρῶθ᾽ ἃ πρῶτα βούλομαι",εἰμί φίλτατος ἀνδρόω πρότερος ὅς πρότερος βούλομαι,,232.0
Δηιάνειρα,"δίδαξον, εἰ ζῶνθ᾽ Ἡρακλῆ προσδέξομαι.",διδάσκω εἰ ζάω προσδέχομαι,,233.0
Λίχας,ἔγωγέ τοι σφ᾽ ἔλειπον ἰσχύοντά τε,ἐγώ ὁ ἕπομαι λείπω ἰσχύω σύ,,234.0
Λίχας,καὶ ζῶντα καὶ θάλλοντα κοὐ νόσῳ βαρύν.,καί ζάω καί θάλλω οὐ νόσος βαρύς,235,235.0
Δηιάνειρα,ποῦ γῆς; πατρῴας εἴτε βαρβάρου; λέγε.,πού γῆ πατρώιος εἴτε βάρβαρος λέγος,,236.0
Λίχας,"ἀκτή τις ἔστ᾽ Εὐβοιίς, ἔνθ᾽ ὁρίζεται",ἀκτέα τίς ἔστε Εὐβοικός ἔνθα ὁρίζω,,237.0
Λίχας,βωμοὺς τέλη τ᾽ ἔγκαρπα Κηναίῳ Διί.,βωμός τέλος σύ ἔγκαρπος Ζεύς,,238.0
Δηιάνειρα,εὐκταῖα φαίνων ἢ ἀπὸ μαντείας τινός;,εὐκταῖος Φαίνων εἰμί ἀπό μαντεία τίς,,239.0
Λίχας,εὐχαῖς ὅθ᾽ ᾕρει τῶνδ᾽ ἀνάστατον δορὶ,εὐχή ὅθι αἱρέω ὅδε ἀνάστατος δόρυ,240,240.0
Λίχας,χώραν γυναικῶν ὧν ὁρᾷς ἐν ὄμμασιν.,χώρα γυναικόω ὅς ὁράω ἐν ὄμμα,,241.0
Δηιάνειρα,"αὗται δέ, πρὸς θεῶν, τοῦ ποτ᾽ εἰσὶ καὶ τίνες;",ἑαυτοῦ δέ πρός θέα ὁ πότε εἶμι καί τίνω,,242.0
Δηιάνειρα,"οἰκτραὶ γάρ, εἰ μὴ ξυμφοραὶ κλέπτουσί με.",οἰκτρός γάρ εἰ μή συμφορά κλέπτω ἐγώ,,243.0
Λίχας,ταύτας ἐκεῖνος Εὐρύτου πέρσας πόλιν,οὗτος ἐκεῖνος Εὔρυτος Πέρσης πόλις,,244.0
Λίχας,ἐξείλεθ᾽ αὑτῷ κτῆμα καὶ θεοῖς κριτόν.,ἐξαιρέω ἑαυτοῦ κτῆμα καί θέω κριτός,245,245.0
Δηιάνειρα,ἦ κἀπὶ ταύτῃ τῇ πόλει τὸν ἄσκοπον,εἰμί ἐπί οὗτος ὁ πόλις ὁ ἄσκοπος,,246.0
Δηιάνειρα,χρόνον βεβὼς ἦν ἡμερῶν ἀνήριθμον;,χρόνος βαίνω ἐάν ἥμερος ἀνάριθμος,,247.0
Λίχας,"οὔκ, ἀλλὰ τὸν μὲν πλεῖστον ἐν Λυδοῖς χρόνον",οὐ ἄλλος ὁ μέν πλεῖστος ἐν Λυδός χρόνος,,248.0
Λίχας,"κατείχεθ᾽, ὥς φησ᾽ αὐτός, οὐκ ἐλεύθερος,",κατέχω ὅς φημί αὐτός οὐ ἐλεύθερος,,249.0
Λίχας,"ἀλλ᾽ ἐμποληθείς: τοῦ λόγου δ᾽ οὐ χρὴ φθόνον,",ἄλλος ἐμπολάω ὁ λόγος δέ οὐ χράω φθόνος,250,250.0
Λίχας,"γύναι, προσεῖναι, Ζεὺς ὅτου πράκτωρ φανῇ.",γυνή πρόσειμι Ζεύς ὅστις πράκτωρ φαίνω,,251.0
Λίχας,κεῖνος δὲ πραθεὶς Ὀμφάλῃ τῇ βαρβάρῳ,ἐκεῖνος δέ πιπράσκω ὁ βάρβαρος,,252.0
Λίχας,"ἐνιαυτὸν ἐξέπλησεν, ὡς αὐτὸς λέγει.",ἐνιαυτός ἐκπίμπλημι ὅς αὐτός λέγω,,253.0
Λίχας,χοὔτως ἐδήχθη τοῦτο τοὔνειδος λαβὼν,οὕτως δάκνω οὗτος ὄνειδος λαβή,,254.0
Λίχας,"ὥσθ᾽ ὅρκον αὑτῷ προσβαλὼν διώμοσεν,",ὥστε ὅρκος ἑαυτοῦ προσβάλλω διόμνυμι,255,255.0
Λίχας,ἦ μὴν τὸν ἀγχιστῆρα τοῦδε τοῦ πάθους,εἰμί μείς ὁ ἀγχιστήρ ὅδε ὁ πάθος,,256.0
Λίχας,ξὺν παιδὶ καὶ γυναικὶ δουλώσειν ἔτι.,σύν παῖς καί γυνή δουλόω ἔτι,,257.0
Λίχας,"κοὐχ ἡλίωσε τοὔπος, ἀλλ᾽ ὅθ᾽ ἁγνὸς ἦν,",οὐ ἁλιόω ἔπος ἄλλος ὅθι ἁγνός ἐάν,,258.0
Λίχας,στρατὸν λαβὼν ἐπακτὸν ἔρχεται πόλιν,στρατός λαβή ἐπακτός ἔρχομαι πόλις,,259.0
Λίχας,τὴν Εὐρυτείαν.  τόνδε γὰρ μεταίτιον,ὁ ὅδε γάρ μεταίτιος,260,260.0
Λίχας,μόνον βροτῶν ἔφασκε τοῦδ᾽ εἶναι πάθους:,μόνος βρότος φάσκω ὅδε εἰμί πάθος,,261.0
Λίχας,"ὃς αὐτὸν ἐλθόντ᾽ ἐς δόμους ἐφέστιον,",ὅς αὐτός ἔρχομαι εἰς δόμος ἐφέστιος,,262.0
Λίχας,"ξένον παλαιὸν ὄντα, πολλὰ μὲν λόγοις",ξένος παλαίω εἰμί πολύς μέν λόγος,,263.0
Λίχας,"ἐπερρόθησε, πολλὰ δ᾽ ἀτηρᾷ φρενί,",ἐπιρροθέω πολύς δέ ἀτηρός φρήν,,264.0
Λίχας,λέγων χεροῖν μὲν ὡς ἄφυκτ᾽ ἔχων βέλη,λέγος χείρ μέν ὅς ἄφυκτος ἔχω βέλος,265,265.0
Λίχας,"τῶν ὧν τέκνων λείποιτο πρὸς τόξου κρίσιν,",ὁ ὅς τέκνον λείπω πρός τόξον κρίσις,,266.0
Λίχας,φωνεῖ δὲ δοῦλος ἀνδρὸς ὡς ἐλευθέρου,φωνέω δέ δοῦλος ἀνήρ ὅς ἐλεύθερος,,267.0
Λίχας,"ῥαίοιτο: δείπνοις δ᾽ ἡνίκ᾽ ἦν ᾠνωμένος,",ῥαίω δεῖπνον δέ ἑνίζω ἐάν οἰνόω,,268.0
Λίχας,"ἔρριψεν ἐκτὸς αὐτόν.  ὧν ἔχων χόλον,",ῥίπτω ἐκτός αὐτός ὅς ἔχω χόλος,,269.0
Χορός,"ἄνασσα, νῦν σοι τέρψις ἐμφανὴς κυρεῖ,",ἄνασσα νῦν σός τέρψις ἐμφαίνω κῦρος,,270.0
Χορός,"τῶν μὲν παρόντων, τὰ δὲ πεπυσμένῃ λόγῳ.",ὁ μέν πάρειμι ὁ δέ πυνθάνομαι λόγος,,271.0
Δηιάνειρα,"πῶς δ᾽ οὐκ ἐγὼ χαίροιμ᾽ ἄν, ἀνδρὸς εὐτυχῆ",πῶς δέ οὐ ἐγώ χαίρω ἄν ἀνήρ εὐτυχέω,,272.0
Δηιάνειρα,"κλύουσα πρᾶξιν τήνδε, πανδίκῳ φρενί;",κλύω πρᾶξις ὅδε πάνδικος φρήν,,273.0
Δηιάνειρα,πολλή 'στ᾽ ἀνάγκη τῇδε τοῦτο συντρέχειν.,πολύς ἀστή ἀνάγκη ὅδε οὗτος συντρέχω,295,295.0
Δηιάνειρα,ὅμως δ᾽ ἔνεστι τοῖσιν εὖ σκοπουμένοις,ὅμως δέ εἰμί ὁ εὖ σκοπάω,,296.0
Δηιάνειρα,"ταρβεῖν τὸν εὖ πράσσοντα, μὴ σφαλῇ ποτε.",ταρβέω ὁ εὖ πράσσω μή σφάλλω πότε,,297.0
Δηιάνειρα,"ἐμοὶ γὰρ οἶκτος δεινὸς εἰσέβη, φίλαι,",ἐγώ γάρ οἶκτος δεῖνα εἰσβαίνω φίλος,,298.0
Δηιάνειρα,ταύτας ὁρώσῃ δυσπότμους ἐπὶ ξένης,οὗτος ὁράω δύσποτμος ἐπί ξένη,,299.0
Δηιάνειρα,"χώρας ἀοίκους ἀπάτοράς τ᾽ ἀλωμένας,",χώρα ἄοικος ἀπάτωρ σύ ἀλάομαι,300,300.0
Δηιάνειρα,αἳ πρὶν μὲν ἦσαν ἐξ ἐλευθέρων ἴσως,ὅς πρίν μέν ἀσάω ἐξ Ἐλευθεραί ἴσος,,301.0
Δηιάνειρα,"ἀνδρῶν, τανῦν δὲ δοῦλον ἴσχουσιν βίον.",ἀνδρόω τανῦν δέ δοῦλος ἴσχω βίος,,302.0
Δηιάνειρα,"ὦ Ζεῦ τροπαῖε, μή ποτ᾽ εἰσίδοιμί σε",εἰμί Ζεύς τροπαῖος μή πότε εἶδον σός,,303.0
Δηιάνειρα,"πρὸς τοὐμὸν οὕτω σπέρμα χωρήσαντά ποι,",πρός ἐμός οὕτως σπέρμα χωρέω ποι,,304.0
Δηιάνειρα,"μηδ᾽, εἴ τι δράσεις, τῆσδέ γε ζώσης ἔτι.",Μῆδος εἰ τίς δράω ὅδε γε ζάω ἔτι,305,305.0
Δηιάνειρα,οὕτως ἐγὼ δέδοικα τάσδ᾽ ὁρωμένη.,οὕτως ἐγώ δείδω ὅδε ὁράω,,306.0
Δηιάνειρα,"ὦ δυστάλαινα, τίς ποτ᾽ εἶ νεανίδων;",εἰμί δυστάλας τίς πότε εἰ νεᾶνις,,307.0
Δηιάνειρα,ἄνανδρος ἢ τεκνοῦσσα; πρὸς μὲν γὰρ φύσιν,ἄνανδρος εἰμί τεκνοῦς πρός μέν γάρ φύς,,308.0
Δηιάνειρα,"πάντων ἄπειρος τῶνδε, γενναία δέ τις.",πᾶς ἄπειρος ὅδε γενναῖος δέ τίς,,309.0
Δηιάνειρα,"Λίχα, τίνος ποτ᾽ ἐστὶν ἡ ξένη βροτῶν;",λιχάς τίς πότε εἰμί ἧ ξένη βρότος,310,310.0
Δηιάνειρα,"τίς ἡ τεκοῦσα, τίς δ᾽ ὁ φιτύσας πατήρ;",τίς ἧ τίκτω τίς δέ ὅς φιτύω πατήρ,,311.0
Δηιάνειρα,ἔξειπ᾽:  ἐπεί νιν τῶνδε πλεῖστον ᾤκτισα,ἐξεῖπον ἔπειμι νιν ὅδε πλεῖστος οἰκτίζω,,312.0
Δηιάνειρα,"βλέπουσ᾽, ὅσῳπερ καὶ φρονεῖν οἶδεν μόνη.",βλέπω ὅσος καί φρονέω οἶδα μόνος,,313.0
Λίχας,"τί δ᾽ οἶδ᾽ ἐγώ, τί δ᾽ ἄν με καὶ κρίνοις; ἴσως",τίς δέ οἶδα ἐγώ τίς δέ ἄν ἐγώ καί κρίνον ἴσος,,314.0
Λίχας,γέννημα τῶν ἐκεῖθεν οὐκ ἐν ὑστάτοις.,γέννημα ὁ ἐκεῖθεν οὐ ἐν ὕστατος,315,315.0
Δηιάνειρα,μὴ τῶν τυράννων; Εὐρύτου σπορά τις ἦν;,μή ὁ τύραννος Εὔρυτος σπορά τίς ἐάν,,316.0
Λίχας,οὐκ οἶδα: καὶ γὰρ οὐδ᾽ ἀνιστόρουν μακράν.,οὐ οἶδα καί γάρ οὐδέ ἀνιστορέω μάκρα,,317.0
Δηιάνειρα,οὐδ᾽ ὄνομα πρός του τῶν ξυνεμπόρων ἔχεις;,οὐδέ ὄνομα πρός ὁ ὁ πορόω ἔχις,,318.0
Λίχας,ἥκιστα:  σιγῇ τοὐμὸν ἔργον ἤνυτον.,ἥκιστος σιγάω ἐμός ἔργνυμι ἀνύω,,319.0
Δηιάνειρα,"εἴπ᾽, ὦ τάλαιν᾽, ἀλλ᾽ ἡμὶν ἐκ σαυτῆς, ἐπεὶ",εἶπον εἰμί τάλας ἄλλος ἐγώ ἐκ ἔπειμι,320,320.0
Δηιάνειρα,καὶ ξυμφορά τοι μὴ εἰδέναι σέ γ᾽ ἥτις εἶ.,καί σύμφορος ὁ μή οἶδα σός γε ὅστις εἰ,,321.0
Λίχας,οὔ τἄρα τῷ γε πρόσθεν οὐδὲν ἐξ ἴσου,οὐ ἄρα ὁ γε πρόσθεν οὐδείς ἐξ ἴσος,,322.0
Λίχας,"χρόνῳ διήσει γλῶσσαν, ἥτις οὐδαμὰ",χρόνος διίημι γλῶσσα ὅστις οὐδαμῆ,,323.0
Λίχας,"προύφηνεν οὔτε μείζον᾽ οὔτ᾽ ἐλάσσονα,",ὑφαίνω οὔτε μέγας οὔτε ἐλάσσων,,324.0
Λίχας,ἀλλ᾽ αἰὲν ὠδίνουσα συμφορᾶς βάρος,ἄλλος ἀεί ὠδίνω συμφορά βάρος,325,325.0
Λίχας,"δακρυρροεῖ δύστηνος, ἐξ ὅτου πάτραν",δακρυρροέω δύστηνος ἐξ ὅστις φράτρα,,326.0
Λίχας,διήνεμον λέλοιπεν: ἡ δέ τοι τύχη,διήνεμος λείπω ἧ δέ ὁ τύχη,,327.0
Λίχας,"κακὴ μὲν αὐτῇ γ᾽, ἀλλὰ συγγνώμην ἔχει.",κάκη μέν αὐτός γε ἄλλος συγγνώμη ἔχις,,328.0
Δηιάνειρα,"ἡ δ᾽ οὖν ἐάσθω, καὶ πορευέσθω στέγας",ἧ δέ οὖν ἐάω καί πορεύω στέγη,,329.0
Δηιάνειρα,"οὕτως ὅπως ἥδιστα, μηδὲ πρὸς κακοῖς",οὕτως ὅπως ἡδύς Μῆδος πρός κακός,330,330.0
Δηιάνειρα,τοῖς οὖσιν ἄλλην πρός γ᾽ ἐμοῦ λύπην λάβῃ:,ὁ εἰμί ἄλλος πρός γε ἐγώ λύπη λάπτω,,331.0
Δηιάνειρα,ἅλις γὰρ ἡ παροῦσα.  πρὸς δὲ δώματα,ἅλις γάρ ἧ πάρειμι πρός δέ δῶμα,,332.0
Δηιάνειρα,"χωρῶμεν ἤδη πάντες, ὡς σύ θ᾽ οἷ θέλεις",χωράζω ἤδη πᾶς ὅς σύ σύ ἕ ἐθέλω,,333.0
Δηιάνειρα,"σπεύδῃς, ἐγώ τε τἄνδον ἐξαρκῆ τιθῶ.",σπεύδω ἐγώ σύ ἀναδίδωμι ἐξαρκέω τίθημι,,334.0
Ἄγγελος,"αὐτοῦ γε πρῶτον βαιὸν ἀμμείνασ᾽, ὅπως",αὐτός γε πρότερος βάιον ἀναμένω ὅπως,335,335.0
Ἄγγελος,"μάθῃς ἄνευ τῶνδ᾽, οὕστινάς τ᾽ ἄγεις ἔσω,",μάθη ἄνευ ὅδε ὅστις σύ ἄγνυμι ἔσω,,336.0
Ἄγγελος,ὧν τ᾽ οὐδὲν εἰσήκουσας ἐκμάθῃς ἃ δεῖ:,ὅς σύ οὐδείς εἰσακούω ἐκμανθάνω ὅς Δεύς,,337.0
Ἄγγελος,τούτων ἔχω γὰρ πάντ᾽ ἐπιστήμην ἐγώ.,οὗτος ἔχω γάρ πάντῃ ἐπιστήμη ἐγώ,,338.0
Δηιάνειρα,τί δ᾽ ἐστί; τοῦ με τήνδ᾽ ἐφίστασαι βάσιν;,τίς δέ εἰμί ὁ ἐγώ ὅδε ἐφίστημι βάσις,,339.0
Ἄγγελος,σταθεῖσ᾽ ἄκουσον: καὶ γὰρ οὐδὲ τὸν πάρος,ἵστημι ἀκούω καί γάρ οὐδέ ὁ Πάρος,340,340.0
Ἄγγελος,"μῦθον μάτην ἤκουσας, οὐδὲ νῦν δοκῶ.",μῦθος μάτη ἀκούω οὐδέ νῦν δόκος,,341.0
Δηιάνειρα,πότερον ἐκείνους δῆτα δεῦρ᾽ αὖθις πάλιν,πότερος ἐκεῖνος δῆτα δεῦρο αὖθις πάλιν,,342.0
Δηιάνειρα,"καλῶμεν, ἢ 'μοὶ ταῖσδέ τ᾽ ἐξειπεῖν θέλεις;",καλέω εἰμί ἐγώ ὅδε σύ ἐξεῖπον ἐθέλω,,343.0
Ἄγγελος,"σοὶ ταῖσδέ τ᾽ οὐδὲν εἴργεται, τούτους δ᾽ ἔα.",σός ὅδε σύ οὐδείς ἔργω οὗτος δέ ἔα,,344.0
Δηιάνειρα,"καὶ δὴ βεβᾶσι, χὠ λόγος σημαινέτω.",καί Δεύς βαίνω ἵημι λόγος σημαίνω,345,345.0
Ἄγγελος,ἁνὴρ ὅδ᾽ οὐδὲν ὧν ἔλεξεν ἀρτίως,ἀνήρ ὅδε οὐδείς ὅς λέγω ἄρτιος,,346.0
Ἄγγελος,"φωνεῖ δίκης ἐς ὀρθόν, ἀλλ᾽ ἢ νῦν κακὸς",φωνέω δίκη εἰς ὀρθός ἄλλος εἰμί νῦν κακός,,347.0
Ἄγγελος,ἢ πρόσθεν οὐ δίκαιος ἄγγελος παρῆν.,εἰμί πρόσθεν οὐ δίκαιος ἄγγελος πάρειμι,,348.0
Δηιάνειρα,τί φής; σαφῶς μοι φράζε πᾶν ὅσον νοεῖς.,τίς φημί σαφής ἐγώ φράζω Πάν ὅσος νοέω,,349.0
Δηιάνειρα,ἃ μὲν γὰρ ἐξείρηκας ἀγνοία μ᾽ ἔχει.,ὅς μέν γάρ ἐξερέω ἄγνοια ἐγώ ἔχις,350,350.0
Ἄγγελος,"τούτου λέγοντος τἀνδρὸς εἰσήκουσ᾽ ἐγώ,",οὗτος λέγω ἀνήρ εἰσακούω ἐγώ,,351.0
Ἄγγελος,"πολλῶν παρόντων μαρτύρων, ὡς τῆς κόρης",πολύς πάρειμι μάρτυρος ὅς ὁ Κόρα,,352.0
Ἄγγελος,ταύτης ἕκατι κεῖνος Εὔρυτόν θ᾽ ἕλοι,οὗτος ἕκητι ἐκεῖνος Εὔρυτος σύ αἱρέω,,353.0
Ἄγγελος,"τήν θ᾽ ὑψίπυργον Οἰχαλίαν, Ἔρως δέ νιν",ὁ σύ ὑψίπυργος Οἰχαλία ἔρος δέ νιν,,354.0
Ἄγγελος,"μόνος θεῶν θέλξειεν αἰχμάσαι τάδε,",μόνος θέα θέλγω αἰχμάζω ὅδε,355,355.0
Ἄγγελος,οὐ τἀπὶ Λυδοῖς οὐδ᾽ ὑπ᾽ Ὀμφάλῃ πόνων,οὐ ἐπί Λυδός οὐδέ ὑπό πόνος,,356.0
Ἄγγελος,λατρεύματ᾽ οὐδ᾽ ὁ ῥιπτὸς Ἰφίτου μόρος:,λάτρευμα οὐδέ ὅς ῥιπτός Ἴφιτος μόρος,,357.0
Ἄγγελος,ὃν νῦν παρώσας οὗτος ἔμπαλιν λέγει.,ὅς νῦν παρόω οὗτος ἔμπαλιν λέγω,,358.0
Ἄγγελος,ἀλλ᾽ ἡνίκ᾽ οὐκ ἔπειθε τὸν φυτοσπόρον,ἄλλος ἑνίζω οὐ πείθω ὁ φυτόσπορος,,359.0
Ἄγγελος,"τὴν παῖδα δοῦναι, κρύφιον ὡς ἔχοι λέχος,",ὁ παῖς δίδωμι κρύφιος ὅς ἔχω λέχος,360,360.0
Ἄγγελος,ἔγκλημα μικρὸν αἰτίαν θ᾽ ἑτοιμάσας,ἔγκλημα μικρός αἴτιος σύ ἑτοιμάζω,,361.0
Ἄγγελος,"ἐπιστρατεύει πατρίδα τὴν ταύτης, ἐν ᾗ",ἐπιστρατεύω πατρίς ὁ οὗτος ἐν ᾗ,,362.0
Ἄγγελος,"τὸν Εὔρυτον τόνδ᾽ εἶπε δεσπόζειν θρόνων,",ὁ Εὔρυτος ὅδε εἶπον δεσπόζω θρόνον,,363.0
Ἄγγελος,κτείνει τ᾽ ἄνακτα πατέρα τῆσδε καὶ πόλιν,κτείνω σύ ἄναξ πατήρ ὅδε καί πόλις,,364.0
Ἄγγελος,"ἔπερσε.  καὶ νῦν, ὡς ὁρᾷς, ἥκει δόμους",πέρθω καί νῦν ὅς ὁράω ἥκω δόμος,365,365.0
Ἄγγελος,"ὡς τούσδε πέμπων οὐκ ἀφροντίστως, γύναι,",ὅς ὅδε πέμπω οὐ ἀφρόντιστος γυνή,,366.0
Ἄγγελος,οὐδ᾽ ὥστε δούλην: μηδὲ προσδόκα τόδε:,οὐδέ ὥστε δούλη Μῆδος προσδοκάω ὅδε,,367.0
Ἄγγελος,"οὐδ᾽ εἰκός, εἴπερ ἐντεθέρμανται πόθῳ.",οὐδέ ἔοικα εἴπερ ἐνθερμαίνω πόθος,,368.0
Ἄγγελος,"ἔδοξεν οὖν μοι πρὸς σὲ δηλῶσαι τὸ πᾶν,",δοκέω οὖν ἐγώ πρός σός δηλόω ὁ Πάν,,369.0
Ἄγγελος,"δέσποιν᾽, ὃ τοῦδε τυγχάνω μαθὼν πάρα.",δέσποινα ὅς ὅδε τυγχάνω μάθη παρά,370,370.0
Ἄγγελος,καὶ ταῦτα πολλοὶ πρὸς μέσῃ Τραχινίων,καί οὗτος πολύς πρός μέση Τραχίς,,371.0
Ἄγγελος,"ἀγορᾷ συνεξήκουον ὡσαύτως ἐμοί,",ἀγορά συνεξακούω ὡσαύτως ἐγώ,,372.0
Ἄγγελος,"ὥστ᾽ ἐξελέγχειν: εἰ δὲ μὴ λέγω φίλα,",ὥστε ἐξελέγχω εἰ δέ μή λέγος φίλος,,373.0
Ἄγγελος,"οὐχ ἥδομαι, τὸ δ᾽ ὀρθὸν ἐξείρηχ᾽ ὅμως.",οὐ ἥδομαι ὁ δέ ὀρθός ἐξερέω ὅμως,,374.0
Δηιάνειρα,"οἴμοι τάλαινα, ποῦ ποτ᾽ εἰμὶ πράγματος;",οἴμοι τάλας πού πότε εἶμι πρᾶγμα,375,375.0
Δηιάνειρα,τίν᾽ εἰσδέδεγμαι πημονὴν ὑπόστεγον,τίνω εἰσδέχομαι πημονή ὑπόστεγος,,376.0
Δηιάνειρα,λαθραῖον; ὦ δύστηνος: ἆρ᾽ ἀνώνυμος,λαθραῖος εἰμί δύστηνος ἄρα ἀνώνυμος,,377.0
Δηιάνειρα,"πέφυκεν, ὥσπερ οὑπάγων διώμνυτο;",φύω ὥσπερ ἐπάγω διόμνυμι,,378.0
Ἄγγελος,"ἦ κάρτα λαμπρὰ καὶ κατ᾽ ὄνομα καὶ φύσιν,",εἰμί κάρτα λαμπρός καί κάτος ὄνομα καί φύς,,379.0
Ἄγγελος,πατρὸς μὲν οὖσα γένεσιν Εὐρύτου ποτὲ,πατήρ μέν εἰμί γένεσις Εὔρυτος πότε,380,380.0
Ἄγγελος,"Ἰόλη 'καλεῖτο, τῆς ἐκεῖνος οὐδαμὰ",καλέω ὁ ἐκεῖνος οὐδαμῆ,,381.0
Ἄγγελος,"βλάστας ἐφώνει, δῆθεν οὐδὲν ἱστορῶν.",βλάστη φωνέω δέομαι οὐδείς ἵστωρ,,382.0
Χορός,"ὄλοιντο—μή τι πάντες οἱ κακοί, τὰ δὲ",ὄλλυμι μή τίς πᾶς ἕ κακός ὁ δέ,,383.0
Χορός,λαθραῖ᾽ ὃς ἀσκεῖ μὴ πρέποντ᾽ αὐτῷ κακά.,λαθραῖος ὅς ἀσκέω μή πρέπω αὐτός κάκη,,384.0
Δηιάνειρα,"τί χρὴ ποεῖν, γυναῖκες; ὡς ἐγὼ λόγοις",τίς χράω ποιέω γυνή ὅς ἐγώ λόγος,385,385.0
Δηιάνειρα,τοῖς νῦν παροῦσιν ἐκπεπληγμένη κυρῶ.,ὁ νῦν πάρειμι ἐκπλήσσω κυρέω,,386.0
Χορός,"πεύθου μολοῦσα τἀνδρός, ὡς τάχ᾽ ἂν σαφῆ",πεύθομαι βλώσκω ἀνήρ ὅς τάχα ἄν σαφής,,387.0
Χορός,"λέξειεν, εἴ νιν πρὸς βίαν κρίνειν θέλοις.",λέγω εἰ νιν πρός Βίας κρίνω ἐθέλω,,388.0
Δηιάνειρα,ἀλλ᾽ εἶμι: καὶ γὰρ οὐκ ἀπὸ γνώμης λέγεις.,ἄλλος εἶμι καί γάρ οὐ ἀπό γνώμη λέγω,,389.0
Ἄγγελος,ἡμεῖς δὲ προσμένωμεν; ἢ τί χρὴ ποεῖν;,ἐγώ δέ προσμένω εἰμί τίς χράω ποιέω,390,390.0
Δηιάνειρα,"μίμν᾽, ὡς ὅδ᾽ ἀνὴρ οὐκ ἐμῶν ὑπ᾽ ἀγγέλων,",μίμνω ὅς ὅδε ἀνήρ οὐ ἐμέω ὑπό ἄγγελος,,391.0
Δηιάνειρα,ἀλλ᾽ αὐτόκλητος ἐκ δόμων πορεύεται.,ἄλλος αὐτόκλητος ἐκ δόμος πορεύω,,392.0
Λίχας,"τί χρή, γύναι, μολόντα μ᾽ Ἡρακλεῖ λέγειν;",τίς χράω γυνή βλώσκω ἐγώ Ἡρακλῆς λέγω,,393.0
Λίχας,"δίδαξον, ὡς ἕρποντος, ὡς ὁρᾷς, ἐμοῦ.",διδάσκω ὅς ἕρπω ὅς ὁράω ἐγώ,,394.0
Δηιάνειρα,ὡς ἐκ ταχείας σὺν χρόνῳ βραδεῖ μολὼν,ὅς ἐκ ταχύς σύν χρόνος βράδος βλώσκω,395,395.0
Δηιάνειρα,"ᾁσσεις, πρὶν ἡμᾶς κἀννεώσασθαι λόγους.",ἀίσσω πρίν ἐγώ ἀνανεόομαι λόγος,,396.0
Λίχας,"ἀλλ᾽ εἴ τι χρῄζεις ἱστορεῖν, πάρειμ᾽ ἐγώ.",ἄλλος εἰ τίς χρῄζω ἱστορέω πάρειμι ἐγώ,,397.0
Δηιάνειρα,ἦ καὶ τὸ πιστὸν τῆς ἀληθείας νέμεις;,εἰμί καί ὁ πιστόν ὁ ἀλήθεια νέμω,,398.0
Λίχας,"ἴστω μέγας Ζεύς, ὧν γ᾽ ἂν ἐξειδὼς κυρῶ.",οἶδα Μέγης Ζεύς ὅς γε ἄν ἔξοιδα κυρέω,,399.0
Δηιάνειρα,τίς ἡ γυνὴ δῆτ᾽ ἐστὶν ἣν ἥκεις ἄγων;,τίς ἧ γυνή δέομαι εἰμί ὅς ἥκω ἄγη,400,400.0
Λίχας,Εὐβοιίς:  ὧν δ᾽ ἔβλαστεν οὐκ ἔχω λέγειν.,Εὐβοικός ὅς δέ βλαστάνω οὐ ἔχω λέγω,,401.0
Ἄγγελος,"οὗτος, βλέφ᾽ ὧδε: πρὸς τίν᾽ ἐννέπειν δοκεῖς;",οὗτος βλέπω ὧδε πρός τίνω ἐνέπω δοκέω,,402.0
Λίχας,σὺ δ᾽ εἰς τί δή με τοῦτ᾽ ἐρωτήσας ἔχεις;,σύ δέ εἶμι τίς Δεύς ἐγώ οὗτος ἐρωτάω ἔχις,,403.0
Ἄγγελος,"τόλμησον εἰπεῖν, εἰ φρονεῖς, ὅ σ᾽ ἱστορῶ.",τολμάω εἶπον εἰ φρόνις ὅς σός ἱστορέω,,404.0
Λίχας,"πρὸς τὴν κρατοῦσαν Δῃάνειραν, Οἰνέως",πρός ὁ κρατέω Δηιάνειρα Οἰνεύς,405,405.0
Λίχας,"κόρην δάμαρτά θ᾽ Ἡρακλέους, εἰ μὴ κυρῶ",Κόρα δάμαρ σύ Ἡρακλῆς εἰ μή κυρέω,,406.0
Λίχας,"λεύσσων μάταια, δεσπότιν τε τὴν ἐμήν.",λεύσσω μάταιος δεσπότις σύ ὁ ἐμέω,,407.0
Ἄγγελος,"τοῦτ᾽ αὔτ᾽ ἔχρῃζον, τοῦτό σου μαθεῖν: λέγειςδέσποιναν εἶναι τήνδε σήν;",οὗτος αὖτε χρῄζω οὗτος σεύω μανθάνω λέγω δέσποινα εἰμί ὅδε σής,,408.0
Λίχας,δίκαια γάρ.,δίκαιος γάρ,,409.0
Ἄγγελος,"τί δῆτα; ποίαν ἀξιοῖς δοῦναι δίκην,",τίς δῆτα Ποίας ἄξιος δίδωμι δίκη,410,410.0
Ἄγγελος,ἢν εὑρεθῇς ἐς τήνδε μὴ δίκαιος ὤν;,ἐάν εὑρίσκω εἰς ὅδε μή δίκαιος εἰμί,,411.0
Λίχας,πῶς μὴ δίκαιος; τί ποτε ποικίλας ἔχεις;,πῶς μή δίκαιος τίς πότε ποικίλλω ἔχις,,412.0
Ἄγγελος,οὐδέν: σὺ μέντοι κάρτα τοῦτο δρῶν κυρεῖς.,οὐδείς σύ μέντοι κάρτα οὗτος δράω κυρέω,,413.0
Λίχας,ἄπειμι: μῶρος δ᾽ ἦ πάλαι κλύων σέθεν.,ἄπειμι μωρός δέ εἰμί πάλα κλύω σύ,,414.0
Ἄγγελος,"οὔ, πρίν γ᾽ ἂν εἴπῃς ἱστορούμενος βραχύ.",οὐ πρίν γε ἄν εἶπον ἱστορέω βραχύς,415,415.0
Λίχας,"λέγ᾽, εἴ τι χρῄζεις: καὶ γὰρ οὐ σιγηλὸς εἶ.",λέγος εἰ τίς χρῄζω καί γάρ οὐ σιγηλός εἰ,,416.0
Ἄγγελος,"τὴν αἰχμάλωτον, ἣν ἔπεμψας ἐς δόμους,κάτοισθα δήπου;",ὁ αἰχμάλωτος ὅς πέμπω εἰς δόμος κάτοιδα δήπου,,417.0
Λίχας,φημί: πρὸς τί δ᾽ ἱστορεῖς;,φῆμις πρός τίς δέ ἱστορέω,,418.0
Ἄγγελος,"οὔκουν σὺ ταύτην, ἣν ὑπ᾽ ἀγνοίας ὁρᾷς,",οὔκουν σύ οὗτος ὅς ὑπό ἄγνοια ὁράω,,419.0
Ἄγγελος,Ἰόλην ἔφασκες Εὐρύτου σπορὰν ἄγειν;,φάσκω Εὔρυτος σπορά ἄγω,420,420.0
Λίχας,ποίοις ἐν ἀνθρώποισι; τίς πόθεν μολὼν,ποῖος ἐν ἄνθρωπος τίς πίνω βλώσκω,,421.0
Λίχας,σοὶ μαρτυρήσει ταῦτ᾽ ἐμοῦ κλύειν πάρα;,σός μαρτύρησις οὗτος ἐγώ κλύω παρά,,422.0
Ἄγγελος,πολλοῖσιν ἀστῶν: ἐν μέσῃ Τραχινίων,πολύς ἄστυ ἐν μέση Τραχίς,,423.0
Ἄγγελος,ἀγορᾷ πολύς σου ταῦτά γ᾽ εἰσήκουσ᾽ ὄχλος.,ἀγορά πολύς σεύω οὗτος γε εἰσακούω ὄχλος,,424.0
Λίχας,κλύειν γ᾽ ἔφασκον: ταὐτὸ δ᾽ οὐχὶ γίγνεται,κλύω γε φάσκω αὐτός δέ οὐ γίγνομαι,425,425.0
Λίχας,δόκησιν εἰπεῖν κἀξακριβῶσαι λόγον.,δόκησις εἶπον ἐξακριβάζω λόγος,,426.0
Ἄγγελος,ποίαν δόκησιν; οὐκ ἐπώμοτος λέγων,Ποίας δόκησις οὐ ἐπώμοτος λέγος,,427.0
Ἄγγελος,δάμαρτ᾽ ἔφασκες Ἡρακλεῖ ταύτην ἄγειν;,δάμαρ φάσκω Ἡρακλῆς οὗτος ἄγω,,428.0
Λίχας,"ἐγὼ δάμαρτα; πρὸς θεῶν, φράσον, φίλη",ἐγώ δάμαρ πρός θέα φράζω φίλος,,429.0
Λίχας,"δέσποινα, τόνδε τίς ποτ᾽ ἐστὶν ὁ ξένος.",δέσποινα ὅδε τίς πότε εἰμί ὅς ξένος,430,430.0
Ἄγγελος,"ὃς σοῦ παρὼν ἤκουσεν, ὡς ταύτης πόθῳ",ὅς σεύω πάρειμι ἀκούω ὅς οὗτος πόθος,,431.0
Ἄγγελος,"πόλις δαμείη πᾶσα, κοὐχ ἡ Λυδία",πόλις δαμάζω πάσσω οὐ ἧ Λύδιος,,432.0
Ἄγγελος,"πέρσειεν αὐτήν, ἀλλ᾽ ὁ τῆσδ᾽ ἔρως φανείς.",πέρθω αὐτός ἄλλος ὅς ὅδε ἔρος φαίνω,,433.0
Λίχας,"ἅνθρωπος, ὦ δέσποιν᾽, ἀποστήτω: τὸ γὰρ",ἄνθρωπος εἰμί δέσποινα ἀφεστήξω ὁ γάρ,,434.0
Λίχας,νοσοῦντι ληρεῖν ἀνδρὸς οὐχὶ σώφρονος.,νοσέω ληρέω ἀνήρ οὐ σώφρων,435,435.0
Δηιάνειρα,"μή, πρός σε τοῦ κατ᾽ ἄκρον Οἰταῖον νάπος",μή πρός σός ὁ κάτος Ἄκρων οἰταῖος νάπος,,436.0
Δηιάνειρα,"Διὸς καταστράπτοντος, ἐκκλέψῃς λόγον.",Δῖος καταστράπτω ἐκκλέπτω λόγος,,437.0
Δηιάνειρα,οὐ γὰρ γυναικὶ τοὺς λόγους ἐρεῖς κακῇ,οὐ γάρ γυνή ὁ λόγος ἐρέω κάκη,,438.0
Δηιάνειρα,"οὐδ᾽ ἥτις οὐ κάτοιδε τἀνθρώπων, ὅτι",οὐδέ ὅστις οὐ κάτοιδα ἄνθρωπος ὅστις,,439.0
Δηιάνειρα,χαίρειν πέφυκεν οὐχὶ τοῖς αὐτοῖς ἀεί.,χαίρω φύω οὐ ὁ αὐτός ἀεί,440,440.0
Δηιάνειρα,Ἔρωτι μέν νυν ὅστις ἀντανίσταται,ἔρως μέν νῦν ὅστις ἀντανίστημι,,441.0
Δηιάνειρα,"πύκτης ὅπως ἐς χεῖρας, οὐ καλῶς φρονεῖ:",πύκτης ὅπως εἰς χείρ οὐ κάλως φρόνις,,442.0
Δηιάνειρα,"οὗτος γὰρ ἄρχει καὶ θεῶν ὅπως θέλει,",οὗτος γάρ ἄρχω καί θέα ὅπως ἐθέλω,,443.0
Δηιάνειρα,κἀμοῦ γε: πῶς δ᾽ οὐ χἀτέρας οἵας γ᾽ ἐμοῦ;,ἁμός γε πῶς δέ οὐ ἅτερος οἷος γε ἐγώ,,444.0
Δηιάνειρα,ὥστ᾽ εἴ τι τὠμῷ τ᾽ ἀνδρὶ τῇδε τῇ νόσῳ,ὥστε εἰ τίς ἁμός σύ ἀνδρίς ὅδε ὁ νόσος,445,445.0
Δηιάνειρα,"ληφθέντι μεμπτός εἰμι, κάρτα μαίνομαι,",λαμβάνω μεμπτός εἶμι κάρτα μαίνομαι,,446.0
Δηιάνειρα,ἢ τῇδε τῇ γυναικὶ τῇ μεταιτίᾳ,εἰμί ὅδε ὁ γυνή ὁ μεταίτιος,,447.0
Δηιάνειρα,τοῦ μηδὲν αἰσχροῦ μηδ᾽ ἐμοὶ κακοῦ τινος.,ὁ μηδείς αἰσχρός Μῆδος ἐγώ κακός τίς,,448.0
Δηιάνειρα,οὐκ ἔστι ταῦτ᾽: ἀλλ᾽ εἰ μὲν ἐκ κείνου μαθὼν,οὐ εἰμί οὗτος ἄλλος εἰ μέν ἐκ ἐκεῖνος μάθη,,449.0
Δηιάνειρα,"ψεύδει, μάθησιν οὐ καλὴν ἐκμανθάνεις.",ψεύδω μάθησις οὐ κάλη ἐκμανθάνω,450,450.0
Δηιάνειρα,"εἰ δ᾽ αὐτὸς αὑτὸν ὧδε παιδεύεις, ὅταν",εἰ δέ αὐτός ἑαυτοῦ ὧδε παιδεύω ὅταν,,451.0
Δηιάνειρα,"θέλῃς γενέσθαι χρηστός, ὀφθήσει κακός.",ἐθέλω γίγνομαι χρηστός ὁράω κακός,,452.0
Δηιάνειρα,ἀλλ᾽ εἰπὲ πᾶν τἀληθές: ὡς ἐλευθέρῳ,ἄλλος εἶπον Πάν ἀλήθω ὅς ἐλεύθερος,,453.0
Δηιάνειρα,ψευδεῖ καλεῖσθαι κὴρ πρόσεστιν οὐ καλή.,ψεύδω καλέω Κήρ πρόσειμι οὐ κάλη,,454.0
Δηιάνειρα,"ὅπως δὲ λήσεις, οὐδὲ τοῦτο γίγνεται:",ὅπως δέ λανθάνω οὐδέ οὗτος γίγνομαι,455,455.0
Δηιάνειρα,"πολλοὶ γὰρ οἷς εἴρηκας, οἳ φράσουσ᾽ ἐμοί.",πολύς γάρ ὅς ἐρῶ ἕ φράζω ἐγώ,,456.0
Δηιάνειρα,"κεἰ μὲν δέδοικας, οὐ καλῶς ταρβεῖς, ἐπεὶ",εἰ μέν δείδω οὐ κάλως ταρβέω ἔπειμι,,457.0
Δηιάνειρα,"τὸ μὴ πυθέσθαι, τοῦτό μ᾽ ἀλγύνειεν ἄν:",ὁ μή πύθω οὗτος ἐγώ ἀλγύνω ἄν,,458.0
Δηιάνειρα,τὸ δ᾽ εἰδέναι τί δεινόν; οὐχὶ χἀτέρας,ὁ δέ οἶδα τίς δεῖνος οὐ ἅτερος,,459.0
Δηιάνειρα,πλείστας ἀνὴρ εἷς Ἡρακλῆς ἔγημε δή;,πλεῖστος ἀνήρ εἷς Ἡρακλῆς γαμέω Δεύς,460,460.0
Δηιάνειρα,κοὔπω τις αὐτῶν ἔκ γ᾽ ἐμοῦ λόγον κακὸν,οὔπω τίς αὐτός ἐκ γε ἐγώ λόγος κακός,,461.0
Δηιάνειρα,ἠνέγκατ᾽ οὐδ᾽ ὄνειδος: ἥδε τ᾽ οὐδ᾽ ἂν εἰ,φέρω οὐδέ ὄνειδος ὅδε σύ οὐδέ ἄν εἰ,,462.0
Δηιάνειρα,"κάρτ᾽ ἐντακείη τῷ φιλεῖν, ἐπεί σφ᾽ ἐγὼ",κάρτα ἐντήκω ὁ φιλέω ἔπειμι ἕπομαι ἐγώ,,463.0
Δηιάνειρα,"ᾤκτιρα δὴ μάλιστα προσβλέψασ᾽, ὅτι",οἰκτείρω Δεύς μάλιστα προσβλέπω ὅστις,,464.0
Δηιάνειρα,"τὸ κάλλος αὐτῆς τὸν βίον διώλεσεν,",ὁ κάλλος αὐτός ὁ βίος διόλλυμι,465,465.0
Δηιάνειρα,καὶ γῆν πατρῴαν οὐχ ἑκοῦσα δύσμορος,καί γῆ πατρώιος οὐ ἑκών δύσμορος,,466.0
Δηιάνειρα,ἔπερσε κἀδούλωσεν.  ἀλλὰ ταῦτα μὲν,πέρθω δουλόω ἄλλος οὗτος μέν,,467.0
Δηιάνειρα,ῥείτω κατ᾽ οὖρον: σοὶ δ᾽ ἐγὼ φράζω κακὸν,ῥέω κάτος ὅρος σός δέ ἐγώ φράζω κακός,,468.0
Δηιάνειρα,"πρὸς ἄλλον εἶναι, πρὸς δ᾽ ἔμ᾽ ἀψευδεῖν ἀεί.",πρός ἄλλος εἰμί πρός δέ ἐγώ ἀψευδέω ἀεί,,469.0
Χορός,"πείθου λεγούσῃ χρηστά, κοὐ μέμψει χρόνῳ",Πειθώ λέγω χρήστης οὐ μέμφομαι χρόνος,470,470.0
Χορός,γυναικὶ τῇδε κἀπ᾽ ἐμοῦ κτήσει χάριν.,γυνή ὅδε Ἆπις ἐγώ κτάομαι Χάρις,,471.0
Λίχας,"ἀλλ᾽, ὦ φίλη δέσποιν᾽, ἐπεί σε μανθάνω",ἄλλος εἰμί φίλος δέσποινα ἔπειμι σός μανθάνω,,472.0
Λίχας,"θνητὴν φρονοῦσαν θνητὰ κοὐκ ἀγνώμονα,",θνητός φρονέω θνητός οὐ ἀγνώμων,,473.0
Λίχας,πᾶν σοι φράσω τἀληθὲς οὐδὲ κρύψομαι.,Πάν σός φράζω ἀλήθω οὐδέ κρύπτω,,474.0
Λίχας,ἔστιν γὰρ οὕτως ὥσπερ οὗτος ἐννέπει.,εἰμί γάρ οὕτως ὥσπερ οὗτος ἐνέπω,475,475.0
Λίχας,ταύτης ὁ δεινὸς ἵμερός ποθ᾽ Ἡρακλῆ,οὗτος ὅς δεῖνα ἵμερος πόθι,,476.0
Λίχας,"διῆλθε, καὶ τῆσδ᾽ εἵνεχ᾽ ἡ πολύφθορος",διέρχομαι καί ὅδε ἕνεκα ἧ πολύφθορος,,477.0
Λίχας,καθῃρέθη πατρῷος Οἰχαλία δόρει.,καθαιρέω πατρώιος Οἰχαλία δόρυ,,478.0
Λίχας,"καὶ ταῦτα, δεῖ γὰρ καὶ τὸ πρὸς κείνου λέγειν,",καί οὗτος Δεύς γάρ καί ὁ πρός ἐκεῖνος λέγω,,479.0
Λίχας,"οὔτ᾽ εἶπε κρύπτειν οὔτ᾽ ἀπηρνήθη ποτέ,",οὔτε εἶπον κρύπτω οὔτε ἀπαρνέομαι πότε,480,480.0
Λίχας,"ἀλλ᾽ αὐτός, ὦ δέσποινα, δειμαίνων τὸ σὸν",ἄλλος αὐτός εἰμί δέσποινα δειμαίνω ὁ σός,,481.0
Λίχας,"μὴ στέρνον ἀλγύνοιμι τοῖσδε τοῖς λόγοις,",μή στέρνον ἀλγύνω ὅδε ὁ λόγος,,482.0
Λίχας,"ἥμαρτον, εἴ τι τήνδ᾽ ἁμαρτίαν νέμεις.",ἁμαρτάνω εἰ τίς ὅδε ἁμαρτία νέμω,,483.0
Λίχας,"ἐπεί γε μὲν δὴ πάντ᾽ ἐπίστασαι λόγον,",ἔπειμι γε μέν Δεύς πάντῃ ἐφίστημι λόγος,,484.0
Λίχας,κείνου τε καὶ σὴν ἐξ ἴσου κοινὴν χάριν,ἐκεῖνος σύ καί σής ἐξ ἴσος κοινός Χάρις,485,485.0
Λίχας,"καὶ στέργε τὴν γυναῖκα καὶ βούλου λόγους,",καί στέργω ὁ γυνή καί βούλομαι λόγος,,486.0
Λίχας,"οὓς εἶπας ἐς τήνδ᾽, ἐμπέδως εἰρηκέναι:",ὅς εἶπον εἰς ὅδε ἔμπεδος ἐρῶ,,487.0
Λίχας,ὡς τἄλλ᾽ ἐκεῖνος πάντ᾽ ἀριστεύων χεροῖν,ὅς ἄλλος ἐκεῖνος πάντῃ ἀριστεύω χείρ,,488.0
Λίχας,τοῦ τῆσδ᾽ ἔρωτος εἰς ἅπανθ᾽ ἥσσων ἔφυ.,ὁ ὅδε ἔρως εἶμι ἅπας ἥσσων φύω,,489.0
Δηιάνειρα,"ἀλλ᾽ ὧδε καὶ φρονοῦμεν ὥστε ταῦτα δρᾶν,",ἄλλος ὧδε καί φρονέω ὥστε οὗτος δράω,490,490.0
Δηιάνειρα,"κοὔτοι νόσον γ᾽ ἐπακτὸν ἐξαρούμεθα,",οὔτοι νόσος γε ἐπακτός ἐξαείρω,,491.0
Δηιάνειρα,θεοῖσι δυσμαχοῦντες.  ἀλλ᾽ εἴσω στέγης,θέω δυσμαχέω ἄλλος εἴδομαι στέγη,,492.0
Δηιάνειρα,"χωρῶμεν, ὡς λόγων τ᾽ ἐπιστολὰς φέρῃς,",χωράζω ὅς λόγος σύ ἐπιστολεύς φέρω,,493.0
Δηιάνειρα,"ἅ τ᾽ ἀντὶ δώρων δῶρα χρὴ προσαρμόσαι,",ὅς σύ ἀντί δῶρον δῶρον χράω προσαρμόζω,,494.0
Δηιάνειρα,καὶ ταῦτ᾽ ἄγῃς: κενὸν γὰρ οὐ δίκαιά σε,καί οὗτος ἄγη κενός γάρ οὐ δίκαιος σός,495,495.0
Δηιάνειρα,χωρεῖν προσελθόνθ᾽ ὧδε σὺν πολλῷ στόλῳ.,χωρέω προσέρχομαι ὧδε σύν πολύς στόλος,,496.0
Χορός,μέγα τι σθένος ἁ Κύπρις ἐκφέρεται νίκας ἀεί.,Μέγης τίς σθένος ὅς Κύπρις ἐκφέρω Νικεύς ἀεί,,497.0
Χορός,καὶ τὰ μὲν θεῶν,καί ὁ μέν θέα,,498.0
Χορός,"παρέβαν, καὶ ὅπως Κρονίδαν ἀπάτασεν οὐ λέγω,",παραβαίνω καί ὅπως Κρονίδης ἀπατάω οὐ λέγος,500,500.0
Χορός,οὐδὲ τὸν ἔννυχον Ἅιδαν,οὐδέ ὁ ἔννυχος Ἅιδης,,501.0
Χορός,ἢ Ποσειδάωνα τινάκτορα γαίας:,εἰμί Ποσειδῶν τινάκτωρ γαῖα,,502.0
Χορός,ἀλλ᾽ ἐπὶ τάνδ᾽ ἄρ᾽ ἄκοιτιν,ἄλλος ἐπί ὅδε ἄρα ἄκοιτις,,503.0
Χορός,"τίνες ἀμφίγυοι κατέβαν πρὸ γάμων,",τίνω ἀμφίγυος καταβαίνω πρό γάμος,,504.0
Χορός,τίνες πάμπληκτα παγκόνιτά τ᾽ ἐξῆλθον ἄεθλ᾽ ἀγώνων;,τίνω πάμπληκτος παγκόνιτος σύ ἐξέρχομαι ἆθλον ἄγωνος,505,505.0
Χορός,"ὁ μὲν ἦν ποταμοῦ σθένος, ὑψίκερω τετραόρου",ὅς μέν ἐάν ποταμός σθένος ὑψίκερως τετράορος,,506.0
Χορός,"φάσμα ταύρου,",φάσμα ταῦρος,,507.0
Χορός,"Ἀχελῷος ἀπ᾽ Οἰνιαδᾶν, ὁ δὲ Βακχίας ἀπὸ",Ἀχελώιος Ἆπις ὅς δέ Βάκχειος ἀπό,510,510.0
Χορός,ἦλθε παλίντονα Θήβας,ἔρχομαι παλίντονος Θήβη,,511.0
Χορός,"τόξα καὶ λόγχας ῥόπαλόν τε τινάσσων,",τόξον καί λόγχη ῥόπαλον σύ τινάσσω,,512.0
Χορός,παῖς Διός: οἳ τότ᾽ ἀολλεῖς,πᾶς Δῖος ἕ τότε ἀολλής,,513.0
Χορός,ἴσαν ἐς μέσον ἱέμενοι λεχέων:,εἶμι εἰς μέσος ἵημι λέχος,,514.0
Χορός,μόνα δ᾽ εὔλεκτρος ἐν μέσῳ Κύπρις ῥαβδονόμει ξυνοῦσα.,μόνος δέ εὔλεκτρος ἐν μέσος Κύπρις ῥαβδονομέω ξυνόω,515,515.0
Χορός,"τότ᾽ ἦν χερός, ἦν δὲ τόξων πάταγος,",τότε ἐάν χείρ ἐάν δέ τόξον πάταγος,,516.0
Χορός,ταυρείων τ᾽ ἀνάμιγδα κεράτων:,ταύρειος σύ ἀναμίξ κέρας,,517.0
Χορός,"ἦν δ᾽ ἀμφίπλεκτοι κλίμακες,",ἐάν δέ ἀμφίπλεκτος κλῖμαξ,520,520.0
Χορός,ἦν δὲ μετώπων ὀλόεντα,ἐάν δέ μέτωπον ὀλόεις,,521.0
Χορός,"πλήγματα, καὶ στόνος ἀμφοῖν.",πλῆγμα καί στόνος ἄμφω,,522.0
Χορός,ἁ δ᾽ εὐῶπις ἁβρὰ,ὅς δέ εὐῶπις ἅβρα,,523.0
Χορός,τηλαυγεῖ παρ᾽ ὄχθῳ,τηλαυγής Πάρις ὄχθος,,524.0
Χορός,"ἧστο, τὸν ὃν προσμένουσ᾽ ἀκοίταν.",ἧμαι ὁ ὅς προσμένω ἀκοίτης,525,525.0
Χορός,ἀγὼν δὲ μαργᾷ μὲν οἷα φράζω:,ἄγη δέ μάργος μέν οἷος φράζω,,526.0
Χορός,τὸ δ᾽ ἀμφινείκητον ὄμμα νύμφας,ὁ δέ ἀμφινείκητος ὄμμα νύμφη,,527.0
Χορός,ἐλεινὸν ἀμμένει:,ἐλεεινός ἀναμένω,,528.0
Χορός,"κἀπὸ ματρὸς ἄφαρ βέβακεν,",ἀπό μήτηρ ἄφαρ βάζω,,529.0
Χορός,ὥστε πόρτις ἐρήμα.,ὥστε πόρτις ἐρῆμος,530,530.0
Δηιάνειρα,"ἦμος, φίλαι, κατ᾽ οἶκον ὁ ξένος θροεῖ",ἦμος φίλος κάτος οἶκος ὅς ξένος θροέω,,531.0
Δηιάνειρα,"ταῖς αἰχμαλώτοις παισὶν ὡς ἐπ᾽ ἐξόδῳ,",ὁ αἰχμάλωτος πᾶς ὅς ἐπί ἔξοδος,,532.0
Δηιάνειρα,"τῆμος θυραῖος ἦλθον ὡς ὑμᾶς λάθρᾳ,",τῆμος θυραῖος ἔρχομαι ὅς σύ λάθρῃ,,533.0
Δηιάνειρα,"τὰ μὲν φράσουσα χερσὶν ἁτεχνησάμην,",ὁ μέν φράζω χείρ ἀτεχνέω,,534.0
Δηιάνειρα,τὰ δ᾽ οἷα πάσχω συγκατοικτιουμένη.,ὁ δέ οἷος πάσχω συγκατοικτίζομαι,535,535.0
Δηιάνειρα,"κόρην γάρ, οἶμαι δ᾽ οὐκέτ᾽, ἀλλ᾽ ἐζευγμένην,",Κόρα γάρ οἴμη δέ οὐκέτι ἄλλος ζεύγνυμι,,536.0
Δηιάνειρα,"παρεισδέδεγμαι φόρτον ὥστε ναυτίλος,",εἰσδέχομαι φόρτος ὥστε ναυτίλος,,537.0
Δηιάνειρα,λωβητὸν ἐμπόλημα τῆς ἐμῆς φρενός.,λωβάζω ἐμπόλημα ὁ ἐμέω φρήν,,538.0
Δηιάνειρα,καὶ νῦν δύ᾽ οὖσαι μίμνομεν μιᾶς ὑπὸ,καί νῦν δύη εἰμί μίμνω εἷς ὑπό,,539.0
Δηιάνειρα,"χλαίνης ὑπαγκάλισμα.  τοιάδ᾽ Ἡρακλῆς,",χλαῖνα ὑπαγκάλισμα τοιόσδε Ἡρακλῆς,540,540.0
Δηιάνειρα,"ὁ πιστὸς ἡμῖν κἀγαθὸς καλούμενος,",ὅς πιστός ἐγώ ἀγαθός καλέω,,541.0
Δηιάνειρα,οἰκούρι᾽ ἀντέπεμψε τοῦ μακροῦ χρόνου.,οἰκούριος ἀντιπέμπω ὁ μακρός χρόνος,,542.0
Δηιάνειρα,ἐγὼ δὲ θυμοῦσθαι μὲν οὐκ ἐπίσταμαι,ἐγώ δέ θυμόω μέν οὐ ἐφίστημι,,543.0
Δηιάνειρα,νοσοῦντι κείνῳ πολλὰ τῇδε τῇ νόσῳ:,νοσέω ἐκεῖνος πολύς ὅδε ὁ νόσος,,544.0
Δηιάνειρα,τὸ δ᾽ αὖ ξυνοικεῖν τῇδ᾽ ὁμοῦ τίς ἂν γυνὴ,ὁ δέ αὗ συνοικέω ὅδε ὁμός τίς ἄν γυνή,545,545.0
Δηιάνειρα,"δύναιτο, κοινωνοῦσα τῶν αὐτῶν γάμων;",δύναμαι κοινωνέω ὁ αὐτός γάμος,,546.0
Δηιάνειρα,"ὁρῶ γὰρ ἥβην τὴν μὲν ἕρπουσαν πρόσω,",ὅρος γάρ Ἥβη ὁ μέν ἕρπω πρόσειμι,,547.0
Δηιάνειρα,τὴν δὲ φθίνουσαν:  ὧν ἀφαρπάζειν φιλεῖ,ὁ δέ φθίω ὅς ἀφαρπάζω φῖλος,,548.0
Δηιάνειρα,"ὀφθαλμὸς ἄνθος, τῶν δ᾽ ὑπεκτρέπει πόδα.",ὀφθαλμός ἄνθος ὁ δέ ὑπεκτρέπω πούς,,549.0
Δηιάνειρα,ταῦτ᾽ οὖν φοβοῦμαι μὴ πόσις μὲν Ἡρακλῆς,οὗτος οὖν φοβέω μή πόσις μέν Ἡρακλῆς,550,550.0
Δηιάνειρα,"ἐμὸς καλῆται, τῆς νεωτέρας δ᾽ ἀνήρ.",ἐμός καλέω ὁ νέος δέ ἀνήρ,,551.0
Δηιάνειρα,"ἀλλ᾽ οὐ γάρ, ὥσπερ εἶπον, ὀργαίνειν καλὸν",ἄλλος οὐ γάρ ὥσπερ εἶπον ὀργαίνω κάλως,,552.0
Δηιάνειρα,"γυναῖκα νοῦν ἔχουσαν: ᾗ δ᾽ ἔχω, φίλαι,",γυνή νέω ἔχω ᾗ δέ ἔχω φίλος,,553.0
Δηιάνειρα,"λυτήριον λώφημα, τῇδ᾽ ὑμῖν φράσω.",λυτήριος λώφημα ὅδε σύ φράζω,,554.0
Δηιάνειρα,ἦν μοι παλαιὸν δῶρον ἀρχαίου ποτὲ,ἐάν ἐγώ παλαίω δῶρον ἀρχαῖος πότε,555,555.0
Δηιάνειρα,"θηρός, λέβητι χαλκέῳ κεκρυμμένον,",θήρ λέβης χάλκεος κρύπτω,,556.0
Δηιάνειρα,ὃ παῖς ἔτ᾽ οὖσα τοῦ δασυστέρνου παρὰ,ὅς πᾶς ἔτης εἰμί ὁ δασύστερνος παρά,,557.0
Δηιάνειρα,"Νέσσου φθίνοντος ἐκ φονῶν ἀνειλόμην,",φθίω ἐκ φόνος ἀναιρέω,,558.0
Δηιάνειρα,ὃς τὸν βαθύρρουν ποταμὸν Εὔηνον βροτοὺς,ὅς ὁ βαθύρροος ποταμός Εὐηνός βρότος,,559.0
Δηιάνειρα,"μισθοῦ 'πόρευε χερσίν, οὔτε πομπίμοις",μισθός ἐφορεύω χείρ οὔτε πόμπιμος,560,560.0
Δηιάνειρα,κώπαις ἐρέσσων οὔτε λαίφεσιν νεώς.,Κωπαίς ἐρέσσω οὔτε λαῖφος ναός,,561.0
Δηιάνειρα,"ὃς κἀμέ, τὸν πατρῷον ἡνίκα στόλον",ὅς ἁμός ὁ πατρώιος ἑνίζω στόλος,,562.0
Δηιάνειρα,"ξὺν Ἡρακλεῖ τὸ πρῶτον εὖνις ἑσπόμην,",σύν Ἡρακλῆς ὁ πρότερος εὖνις ἕπομαι,,563.0
Δηιάνειρα,"φέρων ἐπ᾽ ὤμοις, ἡνίκ᾽ ἦ μέσῳ πόρῳ,",Φεραί ἐπί ὦμος ἑνίζω εἰμί μέσος πόρος,,564.0
Δηιάνειρα,"ψαύει ματαίαις χερσίν: ἐκ δ᾽ ἤυσ᾽ ἐγώ,",ψαύω μάταιος χείρ ἐκ δέ αὔω2 ἐγώ,565,565.0
Δηιάνειρα,χὠ Ζηνὸς εὐθὺς παῖς ἐπιστρέψας χεροῖν,ἵημι Ζεύς εὐθύς πᾶς ἐπιστρέφω χείρ,,566.0
Δηιάνειρα,ἧκεν κομήτην ἰόν: ἐς δὲ πλεύμονας,ἥκω κομάω εἶμι εἰς δέ πλεύμων,,567.0
Δηιάνειρα,στέρνων διερροίζησεν.  ἐκθνῄσκων δ᾽ ὁ θὴρ,στέρνον διαρροιζέω ἐκθνήσκω δέ ὅς θήρ,,568.0
Δηιάνειρα,"τοσοῦτον εἶπε: παῖ γέροντος Οἰνέως,",τοσοῦτος εἶπον παῖς γέρων Οἰνεύς,,569.0
Δηιάνειρα,"τοσόνδ᾽ ὀνήσει τῶν ἐμῶν, ἐὰν πίθῃ,",τοσόσδε ὄνησις ὁ ἐμέω ἐάν πείθω,570,570.0
Δηιάνειρα,"πορθμῶν, ὁθούνεχ᾽ ὑστάτην σ᾽ ἔπεμψ᾽ ἐγώ:",πορθμός ὁθούνεκα ὕστατος σός πέμπω ἐγώ,,571.0
Δηιάνειρα,ἐὰν γὰρ ἀμφίθρεπτον αἷμα τῶν ἐμῶν,ἐάν γάρ ἀμφίθρεπτος αἷμα ὁ ἐμέω,,572.0
Δηιάνειρα,"σφαγῶν ἐνέγκῃ χερσίν, ᾗ μελαγχόλους",σφαγή φέρω χείρ ᾗ μελάγχολος,,573.0
Δηιάνειρα,"ἔβαψεν ἰοὺς θρέμμα Λερναίας ὕδρας,",βάπτω ἰός θρέμμα Λερναῖος ὕδρα,,574.0
Δηιάνειρα,ἔσται φρενός σοι τοῦτο κηλητήριον,εἰμί φρήν σός οὗτος κηλητήριος,575,575.0
Δηιάνειρα,"τῆς Ἡρακλείας, ὥστε μήτιν᾽ εἰσιδὼν",ὁ Ἡράκλειος ὥστε μήτις εἶδον,,576.0
Δηιάνειρα,στέρξει γυναῖκα κεῖνος ἀντὶ σοῦ πλέον.,στέργω γυνή ἐκεῖνος ἀντί σεύω πλέος,,577.0
Δηιάνειρα,"τοῦτ᾽ ἐννοήσασ᾽, ὦ φίλαι, δόμοις γὰρ ἦν",οὗτος ἐννοέω εἰμί φίλος δόμος γάρ ἐάν,,578.0
Δηιάνειρα,"κείνου θανόντος ἐγκεκλῃμένον καλῶς,",ἐκεῖνος θνήσκω ἐγκλείω κάλως,,579.0
Δηιάνειρα,"χιτῶνα τόνδ᾽ ἔβαψα, προσβαλοῦσ᾽ ὅσα",χιτών ὅδε βάπτω προσβάλλω ὅσος,580,580.0
Δηιάνειρα,ζῶν κεῖνος εἶπε: καὶ πεπείρανται τάδε.,ζάω ἐκεῖνος εἶπον καί πειράω ὅδε,,581.0
Δηιάνειρα,κακὰς δὲ τόλμας μήτ᾽ ἐπισταίμην ἐγὼ,κάκη δέ τόλμα μάομαι ἐφίστημι ἐγώ,,582.0
Δηιάνειρα,"μήτ᾽ ἐκμάθοιμι, τάς τε τολμώσας στυγῶ:",μάομαι ἐκμανθάνω ὁ σύ τολμάω στυγέω,,583.0
Δηιάνειρα,φίλτροις δ᾽ ἐάν πως τήνδ᾽ ὑπερβαλώμεθα,φίλτρον δέ ἐάν πῶς ὅδε ὑπερβάλλω,,584.0
Δηιάνειρα,"τὴν παῖδα καὶ θέλκτροισι τοῖς ἐφ᾽ Ἡρακλεῖ,",ὁ παῖς καί θέλκτρον ὁ ἐπί Ἡρακλῆς,585,585.0
Δηιάνειρα,"μεμηχάνηται τοὔργον, εἴ τι μὴ δοκῶ",μηχανάομαι ἔργνυμι εἰ τίς μή δόκος,,586.0
Δηιάνειρα,"πράσσειν μάταιον: εἰ δὲ μή, πεπαύσομαι.",πράσσω μάταιος εἰ δέ μή παύω,,587.0
Χορός,"ἀλλ᾽ εἴ τις ἐστὶ πίστις ἐν τοῖς δρωμένοις,",ἄλλος εἰ τίς εἰμί πίστις ἐν ὁ δράω,,588.0
Χορός,δοκεῖς παρ᾽ ἡμῖν οὐ βεβουλεῦσθαι κακῶς.,δοκέω Πάρις ἐγώ οὐ βουλεύω κακός,,589.0
Δηιάνειρα,"οὕτως ἔχει γ᾽ ἡ πίστις, ὡς τὸ μὲν δοκεῖν",οὕτως ἔχις γε ἧ πίστις ὅς ὁ μέν δοκέω,590,590.0
Δηιάνειρα,"ἔνεστι, πείρᾳ δ᾽ οὐ προσωμίλησά πω:",εἰμί πείρω δέ οὐ προσομιλέω πω,,591.0
Χορός,"ἀλλ᾽ εἰδέναι χρὴ δρῶσαν, ὡς οὐδ᾽ εἰ δοκεῖς",ἄλλος οἶδα χράω δράω ὅς οὐδέ εἰ δοκέω,,592.0
Χορός,"ἔχειν, ἔχοις ἂν γνῶμα, μὴ πειρωμένη.",ἔχω ἔχω ἄν γνώμη μή πειράω,,593.0
Δηιάνειρα,"ἀλλ᾽ αὐτίκ᾽ εἰσόμεσθα, τόνδε γὰρ βλέπω",ἄλλος αὐτίκα εἶμι ὅδε γάρ βλέπω,,594.0
Δηιάνειρα,θυραῖον ἤδη: διὰ τάχους δ᾽ ἐλεύσεται.,θυραῖος ἤδη Δίη τάχος δέ ἔρχομαι,595,595.0
Δηιάνειρα,μόνον παρ᾽ ὑμῶν εὖ στεγοίμεθ᾽:  ὡς σκότῳ,μόνος Πάρις σύ εὖ στέγω ὅς σκότος,,596.0
Δηιάνειρα,"κἂν αἰσχρὰ πράσσῃς, οὔποτ᾽ αἰσχύνῃ πεσεῖ.",κἀν αἰσχρός πράσσω οὔποτε αἰσχύνη πέσος,,597.0
Λίχας,"τί χρὴ ποεῖν; σήμαινε, τέκνον Οἰνέως,",τίς χράω ποιέω σημαίνω τέκνον Οἰνεύς,,598.0
Λίχας,ὡς ἐσμὲν ἤδη τῷ μακρῷ χρόνῳ βραδεῖς.,ὅς εἰμί ἤδη ὁ μακρός χρόνος βραδύς,,599.0
Δηιάνειρα,"ἀλλ᾽ αὐτὰ δή σοι ταῦτα καὶ πράσσω, Λίχα,",ἄλλος αὐτός Δεύς σός οὗτος καί πράσσω λιχάς,600,600.0
Δηιάνειρα,"ἕως σὺ ταῖς ἔσωθεν ἠγορῶ ξέναις,",ἕως σύ ὁ ἔσωθεν ἀγοράομαι ξένη,,601.0
Δηιάνειρα,"ὅπως φέρῃς μοι τόνδε ταναϋφῆ πέπλον,",ὅπως φέρω ἐγώ ὅδε ταναϋφής πέπλος,,602.0
Δηιάνειρα,δώρημ᾽ ἐκείνῳ τἀνδρὶ τῆς ἐμῆς χερός.,δώρημα ἐκεῖνος ἀνδρίς ὁ ἐμέω χείρ,,603.0
Δηιάνειρα,διδοὺς δὲ τόνδε φράζ᾽ ὅπως μηδεὶς βροτῶν,δίδωμι δέ ὅδε φράζω ὅπως μηδείς βρότος,,604.0
Δηιάνειρα,"κείνου πάροιθεν ἀμφιδύσεται χροΐ,",ἐκεῖνος πάροιθε ἀμφιδύω χράω2,605,605.0
Δηιάνειρα,μηδ᾽ ὄψεταί νιν μήτε φέγγος ἡλίου,Μῆδος ὁράω νιν μήτε φέγγος ἥλιος,,606.0
Δηιάνειρα,"μήθ᾽ ἕρκος ἱερὸν μήτ᾽ ἐφέστιον σέλας,",μάομαι ἕρκος ἱερόν μάομαι ἐφέστιος σέλας,,607.0
Δηιάνειρα,πρὶν κεῖνος αὐτὸν φανερὸς ἐμφανῶς σταθεὶς,πρίν ἐκεῖνος αὐτός φανερός ἐμφανής ἵστημι,,608.0
Δηιάνειρα,δείξῃ θεοῖσιν ἡμέρᾳ ταυροσφάγῳ.,δείκνυμι θέω ἥμερος ταυροσφάγος,,609.0
Δηιάνειρα,"οὕτω γὰρ ηὔγμην, εἴ ποτ᾽ αὐτὸν ἐς δόμους",οὕτως γάρ εὔχομαι εἰ πότε αὐτός εἰς δόμος,610,610.0
Δηιάνειρα,"ἴδοιμι σωθέντ᾽ ἢ κλύοιμι πανδίκως,",εἶδον σώζω εἰμί κλύω πάνδικος,,611.0
Δηιάνειρα,στελεῖν χιτῶνι τῷδε καὶ φανεῖν θεοῖς,στέλλω χιτών ὅδε καί φαίνω θέω,,612.0
Δηιάνειρα,θυτῆρα καινῷ καινὸν ἐν πεπλώματι.,θυτήρ καινός Καινόν ἐν πέπλωμα,,613.0
Δηιάνειρα,"καὶ τῶνδ᾽ ἀποίσεις σῆμ᾽, ὃ κεῖνος εὐμαθὲς",καί ὅδε ἀποφέρω σῆμα ὅς ἐκεῖνος εὐμαθής,,614.0
Δηιάνειρα,σφραγῖδος ἕρκει τῷδ᾽ ἐπὸν μαθήσεται.,σφραγίς ἕρκος ὅδε ἔπειμι μανθάνω,615,615.0
Δηιάνειρα,"ἀλλ᾽ ἕρπε, καὶ φύλασσε πρῶτα μὲν νόμον,",ἄλλος ἕρπω καί φυλάσσω πρότερος μέν νόμος,,616.0
Δηιάνειρα,τὸ μὴ 'πιθυμεῖν πομπὸς ὢν περισσὰ δρᾶν:,ὁ μή ἐπιθυμέω πομπός εἰμί περιίζομαι δράω,,617.0
Δηιάνειρα,ἔπειθ᾽ ὅπως ἂν ἡ χάρις κείνου τέ σοι,ἔπειμι ὅπως ἄν ἧ Χάρις ἐκεῖνος σύ σός,,618.0
Δηιάνειρα,κἀμοῦ ξυνελθοῦσ᾽ ἐξ ἁπλῆς διπλῆ φανῇ.,ἁμός συνέρχομαι ἐξ ἁπλόος διπλόος φαίνω,,619.0
Λίχας,ἀλλ᾽ εἴπερ Ἑρμοῦ τήνδε πομπεύω τέχνην,ἄλλος εἴπερ Ἕρμος ὅδε πομπεύω τέχνη,620,620.0
Λίχας,"βέβαιον, οὔ τι μὴ σφαλῶ γ᾽ ἐν σοί ποτε,",βέβαιος οὐ τίς μή σφάλλω γε ἐν σός πότε,,621.0
Λίχας,"τὸ μὴ οὐ τόδ᾽ ἄγγος ὡς ἔχει δεῖξαι φέρων,",ὁ μή οὐ ὅδε ἄγγος ὅς ἔχις δείκνυμι Φεραί,,622.0
Λίχας,λόγων τε πίστιν ὧν λέγεις ἐφαρμόσαι.,λόγος σύ πίστις ὅς λέγω ἐφαρμόζω,,623.0
Δηιάνειρα,στείχοις ἂν ἤδη: καὶ γὰρ ἐξεπίστασαι,στείχω ἄν ἤδη καί γάρ ἐξεπίσταμαι,,624.0
Δηιάνειρα,τά γ᾽ ἐν δόμοισιν ὡς ἔχοντα τυγχάνει.,ὁ γε ἐν δόμος ὅς ἔχω τυγχάνω,625,625.0
Λίχας,ἐπίσταμαί τε καὶ φράσω σεσωσμένα.,ἐφίστημι σύ καί φράζω σώζω,,626.0
Δηιάνειρα,ἀλλ᾽ οἶσθα μὲν δὴ καὶ τὰ τῆς ξένης ὁρῶν,ἄλλος οἶδα μέν Δεύς καί ὁ ὁ ξένη ὅρος,,627.0
Δηιάνειρα,"προσδέγματ᾽, αὐτὴν ὡς ἐδεξάμην φίλως.",πρόσδεγμα αὐτός ὅς δέχομαι φίλος,,628.0
Λίχας,ὥστ᾽ ἐκπλαγῆναι τοὐμὸν ἡδονῇ κέαρ.,ὥστε ἐκπλάσσω ἐμός ἡδονή κῆρ,,629.0
Δηιάνειρα,τί δῆτ᾽ ἂν ἄλλο γ᾽ ἐννέποις; δέδοικα γὰρ,τίς δέομαι ἄν ἄλλος γε ἐνέπω δείδω γάρ,630,630.0
Δηιάνειρα,"μὴ πρῲ λέγοις ἂν τὸν πόθον τὸν ἐξ ἐμοῦ,",μή πρωί λέγος ἄν ὁ πόθος ὁ ἐξ ἐγώ,,631.0
Δηιάνειρα,πρὶν εἰδέναι τἀκεῖθεν εἰ ποθούμεθα.,πρίν οἶδα ἐκεῖθεν εἰ ποθέω,,632.0
Χορός,ὦ ναύλοχα καὶ πετραῖα,εἰμί ναύλοχος καί πετραία,,633.0
Χορός,θερμὰ λουτρὰ καὶ πάγους,θέρμα λουτρόν καί πάγος,,634.0
Χορός,"Οἴτας παραναιετάοντες, οἵ τε μέσσαν Μηλίδα πὰρ λίμναν",Οἴτη παραναιετάω ἕ σύ μέσος Μηλίς παρά λίμνη,635,635.0
Χορός,"χρυσαλακάτου τ᾽ ἀκτὰν κόρας,",χρυσηλάκατος σύ ἀκτάζω Κόρα,,636.0
Χορός,ἔνθ᾽ Ἑλλάνων ἀγοραὶ,ἔνθα Ἕλλην ἀγορά,,637.0
Χορός,Πυλάτιδες κλέονται:,Πυλᾶτις κλέω,,638.0
Χορός,ὁ καλλιβόας τάχ᾽ ὑμῖν,ὅς καλλιβόας τάχα σύ,640,640.0
Χορός,αὐλὸς οὐκ ἀναρσίαν,αὐλός οὐ ἀνάρσιος,,641.0
Χορός,"ἀχῶν καναχὰν ἐπάνεισιν, ἀλλὰ θείας ἀντίλυρον μούσας.",ἄχος καναχή ἐπάνειμι ἄλλος θεία ἀντίλυρος Μοῦσα,,642.0
Χορός,ὁ γὰρ Διὸς Ἀλκμήνας κόρος,ὅς γάρ Δῖος Ἀλκμήνη κόρος,,643.0
Χορός,σοῦται πάσας ἀρετᾶς,σεύω πάσσω ἀρετάω,645,645.0
Χορός,λάφυρ᾽ ἔχων ἐπ᾽ οἴκους:,λάφυρα ἔχω ἐπί οἶκος,,646.0
Χορός,"ὃν ἀπόπτολιν εἴχομεν παντᾷ,",ὅς ἀπόπολις ἔχω πάντῃ,,647.0
Χορός,δυοκαιδεκάμηνον ἀμμένουσαι,δυοκαιδεκάμηνος ἀναμένω,,648.0
Χορός,"χρόνον, πελάγιον, ἴδριες οὐδέν:",χρόνος πελάγιος ἴδρις οὐδείς,,649.0
Χορός,ἁ δέ οἱ φίλα δάμαρ,ὅς δέ ἕ φίλος δάμαρ,650,650.0
Χορός,τάλαιναν δυστάλαινα καρδίαν,τάλας δυστάλας καρδία,,651.0
Χορός,πάγκλαυτος αἰὲν ὤλλυτο:,πάγκλαυστος ἀεί ὄλλυμι,,652.0
Χορός,νῦν δ᾽ Ἄρης οἰστρηθεὶς,νῦν δέ Ἄρης οἰστράω,,653.0
Χορός,ἐξέλυσ᾽ ἐπίπονον ἁμέραν.,ἐκλύω ἐπίπονος ἥμερος,,654.0
Χορός,ἀφίκοιτ᾽ ἀφίκοιτο: μὴ σταίη,ἀφικνέομαι ἀφικνέομαι μή ἵστημι,655,655.0
Χορός,"πολύκωπον ὄχημα ναὸς αὐτῷ,",πολύκωπος ὄχημα ναός αὐτός,,656.0
Χορός,"πρὶν τάνδε πρὸς πόλιν ἀνύσειε,",πρίν ὅδε πρός πόλις ἀνύω,,657.0
Χορός,νασιῶτιν ἑστίαν,νησιώτης Ἑστία,,658.0
Χορός,"ἀμείψας, ἔνθα κλῄζεται θυτήρ:",ἀμείβω ἔνθα κλῄζω θυτήρ,,659.0
Χορός,"ὅθεν μόλοι πανίμερος,",ὅθεν βλώσκω πανίμερος,660,660.0
Χορός,τᾶς πειθοῦς παγχρίστῳ,ὁ Πειθώ πάγχριστος,,661.0
Χορός,συγκραθεὶς ἐπὶ προφάσει φάρους.,συγκεράννυμι ἐπί πρόφασις φάρος,,662.0
Δηιάνειρα,"γυναῖκες, ὡς δέδοικα μὴ περαιτέρω",γυνή ὅς δείδω μή περαίτερος,,663.0
Δηιάνειρα,πεπραγμέν᾽ ᾖ μοι πάνθ᾽ ὅσ᾽ ἀρτίως ἔδρων.,πράσσω εἰμί ἐγώ πάντῃ ὅσος ἄρτιος δράω,,664.0
Χορός,"τί δ᾽ ἔστι, Δῃάνειρα, τέκνον Οἰνέως;",τίς δέ εἰμί Δηιάνειρα τέκνον Οἰνεύς,665,665.0
Δηιάνειρα,"οὐκ οἶδ᾽: ἀθυμῶ δ᾽, εἰ φανήσομαι τάχα",οὐ οἶδα ἄθυμος δέ εἰ φαίνω τάχα,,666.0
Δηιάνειρα,κακὸν μέγ᾽ ἐκπράξασ᾽ ἀπ᾽ ἐλπίδος καλῆς.,κακός Μέγης ἐκπράσσω Ἆπις ἐλπίς κάλη,,667.0
Χορός,οὐ δή τι τῶν σῶν Ἡρακλεῖ δωρημάτων;,οὐ Δεύς τίς ὁ σής Ἡρακλῆς δώρημα,,668.0
Δηιάνειρα,"μάλιστά γ᾽, ὥστε μήποτ᾽ ἂν προθυμίαν",μάλιστα γε ὥστε μήποτε ἄν προθυμία,,669.0
Δηιάνειρα,ἄδηλον ἔργου τῳ παραινέσαι λαβεῖν.,ἄδηλος ἔργνυμι ὁ παραινέω λαμβάνω,670,670.0
Χορός,"δίδαξον, εἰ διδακτόν, ἐξ ὅτου φοβεῖ.",διδάσκω εἰ διδακτός ἐξ ὅστις φοβέω,,671.0
Δηιάνειρα,"τοιοῦτον ἐκβέβηκεν οἷον, ἢν φράσω,",τοιοῦτος ἐκβαίνω οἷος ἐάν φράζω,,672.0
Δηιάνειρα,"γυναῖκες, ὑμᾶς θαῦμ᾽ ἀνέλπιστον μαθεῖν.",γυνή σύ θαῦμα ἀνέλπιστος μανθάνω,,673.0
Δηιάνειρα,ᾧ γὰρ τὸν ἐνδυτῆρα πέπλον ἀρτίως,ὅς γάρ ὁ ἐνδυτήρ πέπλος ἄρτιος,,674.0
Δηιάνειρα,"ἔχριον, ἀργὴς οἰὸς εὐέρου πόκος,",χράω2 ἀργέω ὄις εὔειρος πόκος,675,675.0
Δηιάνειρα,τοῦτ᾽ ἠφάνισται διάβορον πρὸς οὐδενὸς,οὗτος ἀφανίζω διαβόρος πρός οὐδείς,,676.0
Δηιάνειρα,"τῶν ἔνδον, ἀλλ᾽ ἐδεστὸν ἐξ αὑτοῦ φθίνει,",ὁ ἔνδον ἄλλος ἐδεστός ἐξ ἑαυτοῦ φθίω,,677.0
Δηιάνειρα,"καὶ ψῇ κατ᾽ ἄκρας σπιλάδος: ὡς δ᾽ εἰδῇς ἅπαν,",καί ψάω κάτος ἄκρα σπιλάς ὅς δέ οἶδα ἅπας,,678.0
Δηιάνειρα,"ᾗ τοῦτ᾽ ἐπράχθη, μείζον᾽ ἐκτενῶ λόγον.",ᾗ οὗτος πράσσω μέγας ἐκτείνω λόγος,,679.0
Δηιάνειρα,"ἐγὼ γὰρ ὧν ὁ θήρ με Κένταυρος, πονῶν",ἐγώ γάρ ὅς ὅς θήρ ἐγώ Κένταυρος πόνος,680,680.0
Δηιάνειρα,"πλευρὰν πικρᾷ γλωχῖνι, προυδιδάξατο",πλευρά πίκρα γλωχίν προδιδάσκω,,681.0
Δηιάνειρα,"παρῆκα θεσμῶν οὐδέν, ἀλλ᾽ ἐσῳζόμην",παρίημι θεσμός οὐδείς ἄλλος σώζω,,682.0
Δηιάνειρα,χαλκῆς ὅπως δύσνιπτον ἐκ δέλτου γραφήν.,χάλκεος ὅπως δύσνιπτος ἐκ δέλτος γράφος,,683.0
Δηιάνειρα,καί μοι τάδ᾽ ἦν πρόρρητα καὶ τοιαῦτ᾽ ἔδρων:,καί ἐγώ ὅδε ἐάν πρόρρητος καί τοιοῦτος δράω,,684.0
Δηιάνειρα,τὸ φάρμακον τοῦτ᾽ ἄπυρον ἀκτῖνός τ᾽ ἀεὶ,ὁ φάρμακον οὗτος ἄπυρος ἄκτινος σύ ἀεί,685,685.0
Δηιάνειρα,"θερμῆς ἄθικτον ἐν μυχοῖς σῴζειν ἐμέ,",θέρμα ἄθικτος ἐν μυχός σώζω ἐγώ,,686.0
Δηιάνειρα,ἕως νιν ἀρτίχριστον ἁρμόσαιμί που.,ἕως νιν ἀρτίχριστος ἁρμόζω πού,,687.0
Δηιάνειρα,"κἄδρων τοιαῦτα.  νῦν δ᾽, ὅτ᾽ ἦν ἐργαστέον,",δράω τοιοῦτος νῦν δέ ὅστε ἐάν ἐργαστέον,,688.0
Δηιάνειρα,ἔχρισα μὲν κατ᾽ οἶκον ἐν δόμοις κρυφῇ,χρίω μέν κάτος οἶκος ἐν δόμος κρύφω,,689.0
Δηιάνειρα,"μαλλῷ, σπάσασα κτησίου βοτοῦ λάχνην,",μαλλός σπάω Κτήσιος βότης λάχνη,690,690.0
Δηιάνειρα,κἄθηκα συμπτύξασ᾽ ἀλαμπὲς ἡλίου,τίθημι συμπτύσσω ἀλαμπής ἥλιος,,691.0
Δηιάνειρα,"κοίλῳ ζυγάστρῳ δῶρον, ὥσπερ εἴδετε.",κοῖλος ζύγαστρον δῶρον ὥσπερ εἶδον,,692.0
Δηιάνειρα,εἴσω δ᾽ ἀποστείχουσα δέρκομαι φάτιν,εἴδομαι δέ ἀποστείχω δέρκομαι φάτις,,693.0
Δηιάνειρα,"ἄφραστον, ἀξύμβλητον ἀνθρώπῳ μαθεῖν.",ἄφραστος ἀσύμβλητος ἄνθρωπος μανθάνω,,694.0
Δηιάνειρα,τὸ γὰρ κάταγμα τυγχάνω ῥίψασά πως,ὁ γάρ κάταγμα τυγχάνω ῥίπτω πῶς,695,695.0
Δηιάνειρα,"τῆς οἰός, ᾧ προύχριον, ἐς μέσην φλόγα,",ὁ ὄις ὅς προχρίω εἰς μέση φλόξ,,696.0
Δηιάνειρα,"ἀκτῖν᾽ ἐς ἡλιῶτιν: ὡς δ᾽ ἐθάλπετο,",ἄκτινος εἰς ἡλιώτης ὅς δέ θάλπω,,697.0
Δηιάνειρα,"ῥεῖ πᾶν ἄδηλον καὶ κατέψηκται χθονί,",ῥέω Πάν ἄδηλος καί καταψήχω χθών,,698.0
Δηιάνειρα,μορφῇ μάλιστ᾽ εἰκαστὸν ὥστε πρίονος,μορφάω μάλιστα εἰκαστός ὥστε πρίων,,699.0
Δηιάνειρα,ἐκβρώματ᾽ ἂν βλέψειας ἐν τομῇ ξύλου.,ἔκβρωμα ἄν βλέπω ἐν τομάω ξύλον,700,700.0
Δηιάνειρα,"τοιόνδε κεῖται προπετές:  ἐκ δὲ γῆς, ὅθεν",τοιόσδε κέω προπετής ἐκ δέ γῆ ὅθεν,,701.0
Δηιάνειρα,"προύκειτ᾽, ἀναζέουσι θρομβώδεις ἀφροί,",πρόκειμαι ἀναζάω θρομβώδης,,702.0
Δηιάνειρα,γλαυκῆς ὀπώρας ὥστε πίονος ποτοῦ,γλαυκός ὀπώρα ὥστε πίων πότης,,703.0
Δηιάνειρα,χυθέντος εἰς γῆν Βακχίας ἀπ᾽ ἀμπέλου.,χέω εἶμι γῆ Βάκχειος Ἆπις ἄμπελος,,704.0
Χορός,"ταρβεῖν μὲν ἔργα δείν᾽ ἀναγκαίως ἔχει,",ταρβέω μέν ἔργον δεῖνα ἀναγκαῖος ἔχις,,705.0
Χορός,τὴν δ᾽ ἐλπίδ᾽ οὐ χρὴ τῆς τύχης κρίνειν πάρος.,ὁ δέ ἐλπίς οὐ χράω ὁ τύχη κρίνω Πάρος,,706.0
Δηιάνειρα,οὐκ ἔστιν ἐν τοῖς μὴ καλοῖς βουλεύμασιν,οὐ εἰμί ἐν ὁ μή κάλως βούλευμα,725,725.0
Δηιάνειρα,"οὐδ᾽ ἐλπίς, ἥτις καὶ θράσος τι προξενεῖ.",οὐδέ ἐλπίς ὅστις καί θράσος τίς προξενέω,,726.0
Χορός,ἀλλ᾽ ἀμφὶ τοῖς σφαλεῖσι μὴ 'ξ ἑκουσίας,ἄλλος ἀμφί ὁ σφάλλω μή ἐξ ἑκούσιος,,727.0
Χορός,"ὀργὴ πέπειρα, τῆς σε τυγχάνειν πρέπει.",ὀργάω πέπειρα ὁ σός τυγχάνω πρέπω,,728.0
Δηιάνειρα,τοιαῦτα δ᾽ ἂν λέξειεν οὐχ ὁ τοῦ κακοῦ,τοιοῦτος δέ ἄν λέγω οὐ ὅς ὁ κακός,,729.0
Δηιάνειρα,"κοινωνός, ἀλλ᾽ ᾧ μηδέν ἐστ᾽ οἴκοι βαρύ.",κοινών ἄλλος ὅς μηδείς ἔστε ἔοικα βαρύς,730,730.0
Χορός,"σιγᾶν ἂν ἁρμόζοι σε τὸν πλείω λόγον,",σιγάω ἄν ἁρμόζω σός ὁ πλέω λόγος,,731.0
Χορός,εἰ μή τι λέξεις παιδὶ τῷ σαυτῆς: ἐπεὶ,εἰ μή τίς λέξις παῖς ὁ ἔπειμι,,732.0
Χορός,"πάρεστι, μαστὴρ πατρὸς ὃς πρὶν ᾤχετο.",πάρειμι μαστήρ πατήρ ὅς πρίν οἴχομαι,,733.0
Ὕλλος,"ὦ μῆτερ, ὡς ἂν ἐκ τριῶν σ᾽ ἓν εἱλόμην,",εἰμί μήτηρ ὅς ἄν ἐκ τρέω σός εἷς αἱρέω,,734.0
Ὕλλος,"ἢ μηκέτ᾽ εἶναι ζῶσαν, ἢ σεσωσμένην",εἰμί μηκέτι εἰμί ζάω εἰμί σώζω,735,735.0
Ὕλλος,"ἄλλου κεκλῆσθαι μητέρ᾽, ἢ λῴους φρένας",ἄλλος καλέω μήτηρ εἰμί λῷος φρήν,,736.0
Ὕλλος,τῶν νῦν παρουσῶν τῶνδ᾽ ἀμείψασθαί ποθεν.,ὁ νῦν πάρειμι ὅδε ἀμείβω πίνω,,737.0
Δηιάνειρα,"τί δ᾽ ἐστίν, ὦ παῖ, πρός γ᾽ ἐμοῦ στυγούμενον;",τίς δέ εἰμί εἰμί παῖς πρός γε ἐγώ στυγέω,,738.0
Ὕλλος,"τὸν ἄνδρα τὸν σὸν ἴσθι, τὸν δ᾽ ἐμὸν λέγω",ὁ ἀνήρ ὁ σός εἰμί ὁ δέ ἐμός λέγος,,739.0
Ὕλλος,"πατέρα, κατακτείνασα τῇδ᾽ ἐν ἡμέρᾳ.",πατήρ κατακτείνω ὅδε ἐν ἥμερος,740,740.0
Δηιάνειρα,"οἴμοι, τιν᾽ ἐξήνεγκας, ὦ τέκνον, λόγον;",οἴμοι τίνω ἐκφέρω εἰμί τέκνον λόγος,,741.0
Ὕλλος,ὃν οὐχ οἷόν τε μὴ οὐ τελεσθῆναι: τὸ γὰρ,ὅς οὐ οἷος σύ μή οὐ τελέω ὁ γάρ,,742.0
Ὕλλος,φανθὲν τίς ἂν δύναιτ᾽ ἂν ἀγένητον ποεῖν;,φαίνω τίς ἄν δύναμαι ἄν ἀγένητος ποιέω,,743.0
Δηιάνειρα,"πῶς εἶπας, ὦ παῖ; τοῦ παρ᾽ ἀνθρώπων μαθὼν",πῶς εἶπον εἰμί παῖς ὁ Πάρις ἄνθρωπος μάθη,,744.0
Δηιάνειρα,ἄζηλον οὕτως ἔργον εἰργάσθαι με φής;,ἄζηλος οὕτως ἔργνυμι ἐργάζομαι ἐγώ φημί,745,745.0
Ὕλλος,αὐτὸς βαρεῖαν ξυμφορὰν ἐν ὄμμασιν,αὐτός βαρύς συμφορά ἐν ὄμμα,,746.0
Ὕλλος,πατρὸς δεδορκὼς κοὐ κατὰ γλῶσσαν κλύων.,πατήρ δέρκομαι οὐ κάτος γλῶσσα κλύω,,747.0
Δηιάνειρα,ποῦ δ᾽ ἐμπελάζεις τἀνδρὶ καὶ παρίστασαι;,πού δέ ἐμπελάζω ἀνδρίς καί παρίστημι,,748.0
Ὕλλος,"εἰ χρὴ μαθεῖν σε, πάντα δὴ φωνεῖν χρεών.",εἰ χράω μανθάνω σός πάντῃ Δεύς φωνέω χράω2,,749.0
Ὕλλος,"ὅθ᾽ εἷρπε κλεινὴν Εὐρύτου πέρσας πόλιν,",ὅθι ἕρπω κλεινός Εὔρυτος Πέρσης πόλις,750,750.0
Ὕλλος,"νίκης ἄγων τροπαῖα κἀκροθίνια,",Νικεύς ἄγη τρόπαιον ἀκροθίνιον,,751.0
Ὕλλος,ἀκτή τις ἀμφίκλυστος Εὐβοίας ἄκρον,ἀκτέα τίς ἀμφίκλυστος Εὔβοια Ἄκρων,,752.0
Ὕλλος,"Κήναιόν ἐστιν, ἔνθα πατρῴῳ Διὶ",εἰμί ἔνθα πατρώιος Ζεύς,,753.0
Ὕλλος,βωμοὺς ὁρίζει τεμενίαν τε φυλλάδα:,βωμός ὁρίζω τεμένιος σύ φυλλάς,,754.0
Ὕλλος,οὗ νιν τὰ πρῶτ᾽ ἐσεῖδον ἄσμενος πόθῳ.,ἕ νιν ὁ πρότερος εἶδον ἄσμενος πόθος,755,755.0
Ὕλλος,μέλλοντι δ᾽ αὐτῷ πολυθύτους τεύχειν σφαγὰς,μέλλω δέ αὐτός πολύθυτος τεύχω σφαγεύς,,756.0
Ὕλλος,"κῆρυξ ἀπ᾽ οἴκων ἵκετ᾽ οἰκεῖος Λίχας,",κῆρυξ Ἆπις οἶκος ἵκετις οἰκεῖος λιχάς,,757.0
Ὕλλος,"τὸ σὸν φέρων δώρημα, θανάσιμον πέπλον:",ὁ σός Φεραί δώρημα θανάσιμος πέπλος,,758.0
Ὕλλος,"ὃν κεῖνος ἐνδύς, ὡς σὺ προυξεφίεσο,",ὅς ἐκεῖνος ἐνδύω ὅς σύ προεξεφίεμαι,,759.0
Ὕλλος,ταυροκτονεῖ μὲν δώδεκ᾽ ἐντελεῖς ἔχων,ταυροκτονέω μέν δώδεκα ἐντέλλω ἔχω,760,760.0
Ὕλλος,λείας ἀπαρχὴν βοῦς: ἀτὰρ τὰ πάνθ᾽ ὁμοῦ,λεία ἀπάρχης βοῦς ἀτάρ ὁ πάντῃ ὁμός,,761.0
Ὕλλος,ἑκατὸν προσῆγε συμμιγῆ βοσκήματα.,ἕκατος προσάγω συμμίγνυμι βόσκημα,,762.0
Ὕλλος,"καὶ πρῶτα μὲν δείλαιος ἵλεῳ φρενί,",καί πρότερος μέν δείλαιος ἴλαος φρήν,,763.0
Ὕλλος,"κόσμῳ τε χαίρων καὶ στολῇ, κατηύχετο:",κόσμος σύ χαίρω καί στολάζομαι κατεύχομαι,,764.0
Ὕλλος,ὅπως δὲ σεμνῶν ὀργίων ἐδαίετο,ὅπως δέ σεμνόν ὄργια δαίω,765,765.0
Ὕλλος,"φλὸξ αἱματηρὰ κἀπὸ πιείρας δρυός,",φλόξ αἱματηρός ἀπό πίειρα δρύος,,766.0
Ὕλλος,"ἱδρὼς ἀνῄει χρωτί, καὶ προσπτύσσεται",ἱδρόω ἄνειμι χρώς καί προσπτύσσω,,767.0
Ὕλλος,"πλευραῖσιν ἀρτίκολλος, ὥστε τέκτονος,",πλευρά ἀρτίκολλος ὥστε τέκτων,,768.0
Ὕλλος,χιτὼν ἅπαν κατ᾽ ἄρθρον: ἦλθε δ᾽ ὀστέων,χιτών ἅπας κάτος ἄρθρον ἔρχομαι δέ ὀστέον,,769.0
Ὕλλος,ἀδαγμὸς ἀντίσπαστος: εἶτα φοινίας,ὀδαγμός ἀντίσπαστος εἶτα φοίνιος,770,770.0
Ὕλλος,ἐχθρᾶς ἐχίδνης ἰὸς ὣς ἐδαίνυτο.,ἔχθρα ἔχιδνα ἰός ὅς δαίνυμι,,771.0
Ὕλλος,ἐνταῦθα δὴ 'βόησε τὸν δυσδαίμονα,ἐνταῦθα Δεύς βοάω ὁ δυσδαίμων,,772.0
Ὕλλος,"Λίχαν, τὸν οὐδὲν αἴτιον τοῦ σοῦ κακοῦ,",ὁ οὐδείς αἴτιος ὁ σεύω κακός,,773.0
Ὕλλος,ποίαις ἐνέγκοι τόνδε μηχαναῖς πέπλον:,πόα φέρω ὅδε μηχανή πέπλος,,774.0
Ὕλλος,ὁ δ᾽ οὐδὲν εἰδὼς δύσμορος τὸ σὸν μόνης,ὅς δέ οὐδείς εἰδοί δύσμορος ὁ σός μόνος,775,775.0
Ὕλλος,"δώρημ᾽ ἔλεξεν, ὥσπερ ἦν ἐσταλμένον.",δώρημα λέγω ὥσπερ ἐάν στέλλω,,776.0
Ὕλλος,κἀκεῖνος ὡς ἤκουσε καὶ διώδυνος,ἐκεῖνος ὅς ἀκούω καί διώδυνος,,777.0
Ὕλλος,"σπαραγμὸς αὐτοῦ πλευμόνων ἀνθήψατο,",σπαραγμός αὐτός πλεύμων ἀνθάπτομαι,,778.0
Ὕλλος,"μάρψας ποδός νιν, ἄρθρον ᾗ λυγίζεται,",μάρπτω πούς νιν ἄρθρον ᾗ λυγίζομαι,,779.0
Ὕλλος,ῥιπτεῖ πρὸς ἀμφίκλυστον ἐκ πόντου πέτραν:,ῥίπτω πρός ἀμφίκλυστος ἐκ πόντος πέτρα,780,780.0
Ὕλλος,"κόμης δὲ λευκὸν μυελὸν ἐκραίνει, μέσου",κόμη δέ Λεῦκος μυελός ἐκραίνω μέσης,,781.0
Ὕλλος,κρατὸς διασπαρέντος αἵματός θ᾽ ὁμοῦ.,Κράτης διασπείρω αἷμα σύ ὁμός,,782.0
Χορός,τί σῖγ᾽ ἀφέρπεις; οὐ κάτοισθ᾽ ὁθούνεκα,τίς σῖγα ἀφέρπω οὐ κάτοιδα ὁθούνεκα,,783.0
Χορός,ξυνηγορεῖς σιγῶσα τῷ κατηγόρῳ;,συνηγορέω σιγάω ὁ κατήγορος,,784.0
Ὕλλος,ἐᾶτ᾽ ἀφέρπειν: οὖρος ὀφθαλμῶν ἐμῶν,ἐάω ἀφέρπω ὅρος ὀφθαλμός ἐμέω,815,815.0
Ὕλλος,αὐτῇ γένοιτ᾽ ἄπωθεν ἑρπούσῃ καλός.,αὐτός γίγνομαι ἄπωθεν ἕρπω κάλως,,816.0
Ὕλλος,ὄγκον γὰρ ἄλλως ὀνόματος τί δεῖ τρέφειν,ὄγκος γάρ ἄλλος ὄνομα τίς Δεύς τρέφω,,817.0
Ὕλλος,"μητρῷον, ἥτις μηδὲν ὡς τεκοῦσα δρᾷ;",μητρώιος ὅστις μηδείς ὅς τίκτω δράω,,818.0
Ὕλλος,ἀλλ᾽ ἑρπέτω χαίρουσα: τὴν δὲ τέρψιν ἣν,ἄλλος ἕρπω χαίρω ὁ δέ τέρψις ὅς,,819.0
Ὕλλος,"τὠμῷ δίδωσι πατρί, τήνδ᾽ αὐτὴ λάβοι.",ἁμός δίδημι πατήρ ὅδε αὐτός λαμβάνω,820,820.0
Χορός,"ἴδ᾽ οἷον, ὦ παῖδες, προσέμιξεν ἄφαρ",εἶδον οἷος εἰμί παῖς προσμείγνυμι ἄφαρ,,821.0
Χορός,τοὔπος τὸ θεοπρόπον ἡμῖν,ἔπος ὁ θεοπρόπος ἐγώ,,822.0
Χορός,"τᾶς παλαιφάτου προνοίας,",ὁ παλαίφατος πρόνοια,,823.0
Χορός,"ὅ τ᾽ ἔλακεν, ὁπότε τελεόμηνος ἐκφέροι",ὅς σύ λάσκω ὁπότε τελεόμηνος ἐκφέρω,,824.0
Χορός,"δωδέκατος ἄροτος, ἀναδοχὰν τελεῖν πόνων",δωδέκατος ἄροτος ἀναδοχή τέλλω πόνος,825,825.0
Χορός,τῷ Διὸς αὐτόπαιδι: καὶ τάδ᾽ ὀρθῶς,ὁ Δῖος αὐτόπαις καί ὅδε ὀρθός,,826.0
Χορός,ἔμπεδα κατουρίζει.  πῶς γὰρ ἂν ὁ μὴ λεύσσων,ἔμπεδα κατουρίζω πῶς γάρ ἄν ὅς μή λεύσσω,,827.0
Χορός,ἔτι ποτ᾽ ἔτ᾽ ἐπίπονον πόνων ἔχοι θανὼν λατρείαν;,ἔτι πότε ἔτης ἐπίπονος πόνος ἔχω θνήσκω λατρεία,830,830.0
Χορός,εἰ γάρ σφε Κενταύρου φονίᾳ νεφέλᾳ,εἰ γάρ σφεῖς Κένταυρος φόνιος νεφέλη,,831.0
Χορός,χρίει δολοποιὸς ἀνάγκα,χρίω δολοποιός ἀνάγκη,,832.0
Χορός,"πλευρά, προστακέντος ἰοῦ,",πλευρά προστήκομαι ἴον,,833.0
Χορός,"ὃν τέκετο θάνατος, ἔτρεφε δ᾽ αἰόλος δράκων,",ὅς τίκτω θάνατος τρέφω δέ Αἴολος δέρκομαι,,834.0
Χορός,"πῶς ὅδ᾽ ἂν ἀέλιον ἕτερον ἢ τανῦν ἴδοι,",πῶς ὅδε ἄν ἀέλιος ἕτερος εἰμί τανῦν εἶδον,835,835.0
Χορός,δεινοτάτῳ μὲν ὕδρας προστετακὼς,δεινός μέν ὕδρα τείνω,,836.0
Χορός,φάσματι; μελαγχαίτα δ᾽ ἄμμιγά νιν αἰκίζει,φάσμα μελαγχαίτης δέ ἀνάμιγα νιν αἰκίζω,,837.0
Χορός,Νέσσου ὑποφόνια δολιόμυθα κέντρ᾽ ἐπιζέσαντα.,ὑποφόνια δολιόμυθος κέντρον ἐπιζέω,840,840.0
Χορός,ὧν ἅδ᾽ ἁ τλάμων ἄοκνος μεγάλαν προορῶσα,ὅς ἅδος ὅς τλήμων ἄοκνος μέγας προοράω,,841.0
Χορός,δόμοισι βλάβαν νέων,δόμος βλάβη ναός,,842.0
Χορός,"ἀΐσσουσαν γάμων τὰ μὲν αὐτὰ προσέβαλε, τὰ",ἀίσσω γάμος ὁ μέν αὐτός προσβάλλω ὁ,,843.0
Χορός,δ᾽ ἀπ᾽ ἀλλόθρου,δέ Ἆπις ἀλλόθροος,,844.0
Χορός,γνώμας μολόντ᾽ ὀλεθρίαισι συναλλαγαῖς,γνώμη βλώσκω ὀλέθριος συναλλαγή,845,845.0
Χορός,"ἦ που ὀλοὰ στένει,",εἰμί πού ὀλοός στένος,,846.0
Χορός,ἦ που ἀδινῶν χλωρὰν,εἰμί πού ἀδινός χλωράω,,847.0
Χορός,τέγγει δακρύων ἄχναν.,τέγγω δάκρυον ἄχνη,,848.0
Χορός,ἁ δ᾽ ἐρχομένα μοῖρα προφαίνει δολίαν,ὅς δέ ἔρχομαι μοῖρα προφαίνω δόλιος,850,850.0
Χορός,καὶ μεγάλαν ἄταν.,καί μέγας ἄτη,,851.0
Χορός,"ἔρρωγεν παγὰ δακρύων:  κέχυται νόσος, ὦ πόποι,",ῥήγνυμι πάγη δάκρυον χέω νόσος εἰμί πόποι,,852.0
Χορός,οἷον ἀναρσίων,οἷος ἀνάρσιος,,853.0
Χορός,οὔπω Ἡρακλέους ἀγακλειτὸν ἐπέμολε πάθος οἰκτίσαι.,οὔπω Ἡρακλῆς ἀγακλειτός ἐπιμολεῖν πάθος οἰκτίζω,,854.0
Χορός,"ἰὼ κελαινὰ λόγχα προμάχου δορός,",Ἰώ κελαινός λόγχη Πρόμαχος δόρυ,855,855.0
Χορός,ἃ τότε θοὰν νύμφαν,ὅς τότε θοάζω νύμφη,,856.0
Χορός,ἄγαγες ἀπ᾽ αἰπεινᾶς,ἄγω Ἆπις αἰπεινός,,857.0
Χορός,τάνδ᾽ Οἰχαλίας αἰχμᾷ:,ὅδε Οἰχαλία αἰχμάζω,,858.0
Χορός,ἁ δ᾽ ἀμφίπολος Κύπρις ἄναυδος φανερὰ,ὅς δέ ἀμφίπολος Κύπρις ἄναυδος φανερός,860,860.0
Χορός,τῶνδ᾽ ἐφάνη πράκτωρ.,ὅδε φαίνω πράκτωρ,,861.0
Ἡμιχόριον 1,"πότερον ἐγὼ μάταιος, ἢ κλύω τινὸς",πότερος ἐγώ μάταιος εἰμί κλύω τίς,,862.0
Ἡμιχόριον 1,οἴκτου δι᾽ οἴκων ἀρτίως ὁρμωμένου;τί φημι;,οἶκτος Δίη οἶκος ἄρτιος ὁρμάω τίς φῆμις,,863.0
Ἡμιχόριον 2,"ἠχεῖ τις οὐκ ἄσημον, ἀλλὰ δυστυχῆ",ἄγω τίς οὐ ἄσημος ἄλλος δυστυχέω,,864.0
Ἡμιχόριον 2,"κωκυτὸν εἴσω, καί τι καινίζει στέγη.",εἴδομαι καί τίς καινίζω στέγη,,865.0
Ἡμιχόριον,ξύνες δὲ,συνίημι δέ,,866.0
Ἡμιχόριον,τήνδ᾽ ὡς κατηφὴς καὶ συνωφρυωμένη,ὅδε ὅς καθάπτω καί συνοφρυόομαι,,867.0
Ἡμιχόριον,χωρεῖ πρὸς ἡμᾶς γραῖα σημανοῦσά τι.,χωρέω πρός ἐγώ Γραῖα σημαίνω τίς,870,870.0
Τροφός,"ὦ παῖδες, ὡς ἄρ᾽ ἡμὶν οὐ σμικρῶν κακῶν",εἰμί παῖς ὅς ἄρα ἐγώ οὐ μικρός κάκη,,871.0
Τροφός,ἦρξεν τὸ δῶρον Ἡρακλεῖ τὸ πόμπιμον.,ἄρχω ὁ δῶρον Ἡρακλῆς ὁ πόμπιμος,,872.0
Χορός,"τί δ᾽, ὦ γεραιά, καινοποιηθὲν λέγεις;",τίς δέ εἰμί γεραιός καινοποιέω λέγω,,873.0
Τροφός,βέβηκε Δῃάνειρα τὴν πανυστάτην,βαίνω Δηιάνειρα ὁ πανύστατος,,874.0
Τροφός,ὁδῶν ἁπασῶν ἐξ ἀκινήτου ποδός.,ὁδάω ἅπας ἐξ ἀκίνητος πούς,875,875.0
Χορός,οὐ δή ποθ᾽ ὡς θανοῦσα;,οὐ Δεύς πόθι ὅς θνήσκω,,876.0
Τροφός,πάντ᾽ ἀκήκοας.,πάντῃ ἀκούω,,877.0
Χορός,τέθνηκεν ἡ τάλαινα;,θνήσκω ἧ τάλας,,878.0
Τροφός,δεύτερον κλύεις.,δεύτερος κλύω,,879.0
Χορός,τάλαιν᾽ ὀλεθρία: τίνι τρόπῳ θανεῖν σφε φής;,τάλας ὀλέθριος τίς τρόπος θνήσκω σφεῖς φημί,,880.0
Τροφός,σχετλιώτατά γε πρὸς πρᾶξιν.,σχέτλιος γε πρός πρᾶξις,,881.0
Χορός,"εἰπὲ τῷ μόρῳ,",εἶπον ὁ μόρον,,882.0
Χορός,"γύναι, ξυντρέχει.",γυνή συντρέχω,880,880.5
Τροφός,αὑτὴν διηΐστωσε.,ἑαυτοῦ διαιστόω,,881.5
Χορός,τίς θυμὸς ἢ τίνες νόσοι,τίς θύμον εἰμί τίνω νόσος,,882.5
Χορός,τάνδ᾽ αἰχμᾷ βέλεος κακοῦ ξυνεῖλε; πως ἐμήσατο,ὅδε αἰχμάζω βέλος κακός συναιρέω πῶς μήδομαι,,883.0
Χορός,πρὸς θανάτῳ θάνατον ἀνύσασα μόνα;,πρός θάνατος θάνατος ἀνύω μόνος,885,885.0
Τροφός,στονόεντος ἐν τομᾷ σιδάρου.,στονόεις ἐν τομάω σίδηρος,,886.0
Χορός,"ἐπεῖδες, ὦ ματαία, τάνδε τὴν ὕβριν;",ἐπεῖδον εἰμί μάταιος ὅδε ὁ ὕβρις,,887.0
Τροφός,"ἐπεῖδον, ὡς δὴ πλησία παραστάτις.",ἐπεῖδον ὅς Δεύς πλήσιος παραστάτις,,888.0
Χορός,τίς ἦν; πῶς; φέρ᾽ εἰπέ.,τίς ἐάν πῶς Φεραί εἶπον,890,890.0
Τροφός,αὐτὴ πρὸς αὑτῆς χειροποιεῖται τάδε.,αὐτός πρός ἑαυτοῦ χειροποιέομαι ὅδε,,891.0
Χορός,τί φωνεῖς;,τίς φωνέω,,892.0
Τροφός,σαφηνῆ.,σαφηνέω,,893.0
Χορός,ἔτεκεν ἔτεκε δὴ μεγάλαν,τίκτω τίκτω Δεύς μέγας,,894.0
Χορός,ἁ νέορτος ἅδε νύμφα,ὅς νέορτος ἅδος νύμφη,,895.0
Χορός,δόμοισι τοῖσδ᾽ ἐρινύν.,δόμος ὅδε Ἐρινύς,895,895.5
Τροφός,"ἄγαν γε: μᾶλλον δ᾽, εἰ παροῦσα πλησία",ἄγαν γε μᾶλλον δέ εἰ πάρειμι πλήσιος,,896.0
Τροφός,"ἔλευσσες οἷ᾽ ἔδρασε, κάρτ᾽ ἂν ᾤκτισας.",λεύσσω ἵημι δράω κάρτα ἄν οἰκτίζω,,897.0
Χορός,καὶ ταῦτ᾽ ἔτλη τις χεὶρ γυναικεία κτίσαι;,καί οὗτος τλάω τίς χείρ γυναικεῖος κτίζω,,898.0
Τροφός,"δεινῶς γε: πεύσει δ᾽, ὥστε μαρτυρεῖν ἐμοί.",δεῖνος γε πεῦσις δέ ὥστε μαρτυρέω ἐγώ,,899.0
Τροφός,ἐπεὶ γὰρ ἦλθε δωμάτων εἴσω μόνη,ἔπειμι γάρ ἔρχομαι δῶμα εἴδομαι μόνος,900,900.0
Τροφός,καὶ παῖδ᾽ ἐν αὐλαῖς εἶδε κοῖλα δέμνια,καί παῖς ἐν αὐλή εἶδον Κοίλη δέμνιον,,901.0
Τροφός,"στορνύνθ᾽, ὅπως ἄψορρον ἀντῴη πατρί,",ὅπως ἄψορρος ἀντάω πατήρ,,902.0
Τροφός,"κρύψασ᾽ ἑαυτὴν ἔνθα μή τις εἰσίδοι,",κρύπτω ἑαυτοῦ ἔνθα μή τίς εἶδον,,903.0
Τροφός,βρυχᾶτο μὲν βωμοῖσι προσπίπτουσ᾽ ὅτι,βρυχάομαι μέν βωμός προσπίτνω ὅστις,,904.0
Τροφός,"γένοιντ᾽ ἔρημοι, 'κλαιε δ᾽ ὀργάνων ὅτου",γίγνομαι ἐρῆμος κλαίω δέ ὄργανον ὅστις,905,905.0
Τροφός,ψαύσειεν οἷς ἐχρῆτο δειλαία πάρος:,ψαύω ὅς χράομαι δείλαιος Πάρος,,906.0
Τροφός,"ἄλλῃ δὲ κἄλλῃ δωμάτων στρωφωμένη,",ἄλλῃ δέ ἄλλῃ δῶμα στρωφάω,,907.0
Τροφός,"εἴ του φίλων βλέψειεν οἰκετῶν δέμας,",εἰ ὁ φίλος βλέπω ἔοικα δέμας,,908.0
Τροφός,"ἔκλαιεν ἡ δύστηνος εἰσορωμένη,",κλαίω ἧ δύστηνος εἰσοράω,,909.0
Τροφός,αὐτὴ τὸν αὑτῆς δαίμον᾽ ἀνακαλουμένη,αὐτός ὁ ἑαυτοῦ δαίμων ἀνακαλέω,910,910.0
Τροφός,καὶ τὰς ἄπαιδας ἐς τὸ λοιπὸν οὐσίας.,καί ὁ ἄπαις εἰς ὁ λοιπός οὐσία,,911.0
Τροφός,"ἐπεὶ δὲ τῶνδ᾽ ἔληξεν, ἐξαίφνης σφ᾽ ὁρῶ",ἔπειμι δέ ὅδε λήγω ἐξαίφνης ἕπομαι ὅρος,,912.0
Τροφός,τὸν Ἡράκλειον θάλαμον εἰσορμωμένην.,ὁ Ἡράκλειος θάλαμος εἰσορμάω,,913.0
Τροφός,κἀγὼ λαθραῖον ὄμμ᾽ ἐπεσκιασμένη,ἄγαμαι λαθραῖος ὄμμα ἐπισκιάζω,,914.0
Τροφός,φρούρουν: ὁρῶ δὲ τὴν γυναῖκα δεμνίοις,φρουρέω ὅρος δέ ὁ γυνή δέμνιον,915,915.0
Τροφός,τοῖς Ἡρακλείοις στρωτὰ βάλλουσαν φάρη.,ὁ Ἡράκλειος στρώτης βάλλω φάρος,,916.0
Τροφός,"ὅπως δ᾽ ἐτέλεσε τοῦτ᾽, ἐπενθοροῦσ᾽ ἄνω",ὅπως δέ τελέω οὗτος ἄνοος,,917.0
Τροφός,"καθέζετ᾽ ἐν μέσοισιν εὐνατηρίοις,",ἕζομαι ἐν μέσος εὐνατήριον,,918.0
Τροφός,καὶ δακρύων ῥήξασα θερμὰ νάματα,καί δάκρυον ῥήγνυμι θέρμα νᾶμα,,919.0
Τροφός,"ἔλεξεν: ὦ λέχη τε καὶ νυμφεῖ᾽ ἐμά,",λέγω εἰμί λέχος σύ καί νυμφεῖος ἐμός,920,920.0
Τροφός,"τὸ λοιπὸν ἤδη χαίρεθ᾽, ὡς ἔμ᾽ οὔποτε",ὁ λοιπός ἤδη χαίρω ὅς ἐγώ οὔποτε,,921.0
Τροφός,δέξεσθ᾽ ἔτ᾽ ἐν κοίταισι ταῖσδ᾽ εὐνάτριαν.,δέχομαι ἔτης ἐν κοίτη ὅδε εὐνήτης,,922.0
Τροφός,τοσαῦτα φωνήσασα συντόνῳ χερὶ,τοσοῦτος φωνέω σύντονος χείρ,,923.0
Τροφός,"λύει τὸν αὑτῆς πέπλον, ᾗ χρυσήλατος",λύω ὁ ἑαυτοῦ πέπλος ᾗ χρυσήλατος,,924.0
Τροφός,"προύκειτο μαστῶν περονίς, ἐκ δ᾽ ἐλώπισεν",πρόκειμαι μαστάζω περονίς ἐκ δέ λωπίζω,925,925.0
Τροφός,πλευρὰν ἅπασαν ὠλένην τ᾽ εὐώνυμον.,πλευρά ἅπας ὠλένη σύ εὐώνυμος,,926.0
Τροφός,"κἀγὼ δρομαία βᾶσ᾽, ὅσονπερ ἔσθενον,",ἄγαμαι δρομαῖος βάσις ὅσος σθένω,,927.0
Τροφός,τῷ παιδὶ φράζω τῆς τεχνωμένης τάδε.,ὁ παῖς φράζω ὁ τεχνάομαι ὅδε,,928.0
Τροφός,"κἀν ᾧ τὸ κεῖσε δεῦρό τ᾽ ἐξορμώμεθα,",κἀν ὅς ὁ ἐκεῖσε δεῦρο σύ ἐξορμάω,,929.0
Τροφός,ὁρῶμεν αὐτὴν ἀμφιπλῆγι φασγάνῳ,ὁράω αὐτός ἀμφιπλήξ φάσγανον,930,930.0
Τροφός,πλευρὰν ὑφ᾽ ἧπαρ καὶ φρένας πεπληγμένην.,πλευρά ὑφάω ἧπαρ καί φρήν πλήσσω,,931.0
Τροφός,ἰδὼν δ᾽ ὁ παῖς ᾤμωξεν: ἔγνω γὰρ τάλας,Ἴδη δέ ὅς πᾶς οἰμώσσω γιγνώσκω γάρ τάλας,,932.0
Τροφός,"τοὔργον κατ᾽ ὀργὴν ὡς ἐφάψειεν τόδε,",ἔργνυμι κάτος ὀργάω ὅς ἐφάπτω ὅδε,,933.0
Τροφός,ὄψ᾽ ἐκδιδαχθεὶς τῶν κατ᾽ οἶκον οὕνεκα,ὁράω ἐκδιδάσκω ὁ κάτος οἶκος οὕνεκα,,934.0
Τροφός,ἄκουσα πρὸς τοῦ θηρὸς ἔρξειεν τάδε.,ἀέκων πρός ὁ θήρ ἔρδω ὅδε,935,935.0
Τροφός,κἀνταῦθ᾽ ὁ παῖς δύστηνος οὔτ᾽ ὀδυρμάτων,ἐνταῦθα ὅς πᾶς δύστηνος οὔτε ὄδυρμα,,936.0
Τροφός,"ἐλείπετ᾽ οὐδέν, ἀμφί νιν γοώμενος,",λείπω οὐδείς ἀμφί νιν γοάω,,937.0
Τροφός,"οὔτ᾽ ἀμφιπίπτων στόμασιν, ἀλλὰ πλευρόθεν",οὔτε ἀμφιπίπτω στόμα ἄλλος πλευρόθεν,,938.0
Τροφός,"πλευρὰν παρεὶς ἔκειτο πόλλ᾽ ἀναστένων,",πλευρά πάρειμι κέω πολύς ἀναστένω,,939.0
Τροφός,"ὥς νιν ματαίως αἰτίᾳ βάλοι κακῇ,",ὅς νιν μάταιος αἴτιος βάλλω κάκη,940,940.0
Τροφός,"κλαίων ὁθούνεκ᾽ ἐκ δυοῖν ἔσοιθ᾽ ἅμα,",κλαίω ὁθούνεκα ἐκ δύο εἰμί ἅμα,,941.0
Τροφός,"πατρός τ᾽ ἐκείνης τ᾽, ὠρφανισμένος βίον.",πατήρ σύ ἐκεῖνος σύ ὀρφανίζω βίος,,942.0
Τροφός,τοιαῦτα τἀνθάδ᾽ ἐστίν: ὥστ᾽ εἴ τις δύο,τοιοῦτος ἐνθάδε εἰμί ὥστε εἰ τίς δύο,,943.0
Τροφός,"ἢ καί τι πλείους ἡμέρας λογίζεται,",εἰμί καί τίς πλέως ἥμερος λογίζομαι,,944.0
Τροφός,"μάταιός ἐστιν: οὐ γὰρ ἔσθ᾽ ἥ γ᾽ αὔριον,",μάταιος εἰμί οὐ γάρ ἔσθω ἧ γε αὔριον,945,945.0
Τροφός,πρὶν εὖ πάθῃ τις τὴν παροῦσαν ἡμέραν.,πρίν εὖ πάθη τίς ὁ πάρειμι ἥμερος,,946.0
Χορός,"πότερα πρότερον ἐπιστένω,",πότερος πρότερος ἐπίστενος,,947.0
Χορός,"πότερα μέλεα περαιτέρω,",πότερος μέλεος περαίτερος,,948.0
Χορός,δύσκριτ᾽ ἔμοιγε δυστάνῳ.,δύσκριτος ἐγώ δύστηνος,,949.0
Χορός,"τάδε μὲν ἔχομεν ὁρᾶν δόμοις,",ὅδε μέν ἔχω ὁράω δόμος,950,950.0
Χορός,τάδε δὲ μένομεν ἐπ᾽ ἐλπίσιν:,ὅδε δέ μένω ἐπί ἐλπίς,,951.0
Χορός,κοινὰ δ᾽ ἔχειν τε καὶ μέλλειν.,κοινός δέ ἔχω σύ καί μέλλω,,952.0
Χορός,εἴθ᾽ ἀνεμόεσσά τις,εἴθε ἠνεμόεις τίς,,953.0
Χορός,"γένοιτ᾽ ἔπουρος ἑστιῶτις αὔρα,",γίγνομαι ἔπουρος ἑστιῶτις αὔρα,955,955.0
Χορός,"ἥτις μ᾽ ἀποικίσειεν ἐκ τόπων, ὅπως",ὅστις ἐγώ ἀποικίζω ἐκ τόπος ὅπως,,956.0
Χορός,τὸν Δῖον ἄλκιμον γόνον,ὁ Δίον Ἄλκιμος γόνος,,957.0
Χορός,μὴ ταρβαλέα θάνοιμι,μή ταρβαλέος θνήσκω,960,960.0
Χορός,μοῦνον εἰσιδοῦσ᾽ ἄφαρ:,μόνος εἶδον ἄφαρ,,961.0
Χορός,ἐπεὶ ἐν δυσαπαλλάκτοις ὀδύναις,ἔπειμι ἐν δυσαπάλλακτος ὀδύνη,,962.0
Χορός,χωρεῖν πρὸ δόμων λέγουσιν,χωρέω πρό δόμος λέγω,,963.0
Χορός,ἄσπετόν τι θαῦμα.,ἄσπετος τίς Θαύμας,,964.0
Χορός,ἀγχοῦ δ᾽ ἄρα κοὐ μακρὰν,ἄγχω δέ ἄρα οὐ μάκρα,965,965.0
Χορός,"προύκλαιον, ὀξύφωνος ὡς ἀηδών.",προκλαίω ὀξύφωνος ὅς ἀηδέω,,966.0
Χορός,ξένων γὰρ ἐξόμιλος ἥδε τις βάσις.,ξένη γάρ ἐξόμιλος ὅδε τίς βάσις,,967.0
Χορός,πᾷ δ᾽ αὖ φορεῖ νιν; ὡς φίλου,παῖς δέ αὗ φορέω νιν ὅς φίλος,,968.0
Χορός,προκηδομένα βαρεῖαν,προκήδομαι βαρύς,,969.0
Χορός,ἄψοφον φέρει βάσιν.,ἄψοφος φέρω βάσις,,970.0
Χορός,"αἰαῖ, ὅδ᾽ ἀναύδατος φέρεται.",αἶα ὅδε ἀναύδητος φέρω,,971.0
Χορός,τί χρὴ θανόντα νιν ἢ καθ᾽,τίς χράω θνήσκω νιν εἰμί κάτος,970,970.5
Χορός,ὕπνον ὄντα κρῖναι;,ὕπνον εἰμί κρίνω,,971.5
Ὕλλος,"οἴμοι ἐγὼ σοῦ,",οἴμοι ἐγώ σεύω,,972.0
Ὕλλος,"πάτερ, οἴμοι ἐγὼ σοῦ μέλεος.",πατήρ οἴμοι ἐγώ σεύω μέλεος,,973.0
Ὕλλος,τί πάθω; τί δὲ μήσομαι; οἴμοι.,τίς πάσχω τίς δέ μήδομαι οἴμοι,,974.0
Πρέσβυς,"σίγα, τέκνον, μὴ κινήσῃς",σῖγα τέκνον μή κινέω,,975.0
Πρέσβυς,ἀγρίαν ὀδύνην πατρὸς ὠμόφρονος:,ἄγριος ὀδύνη πατήρ ὠμόφρων,975,975.5
Πρέσβυς,ζῇ γὰρ προπετής: ἀλλ᾽ ἴσχε δακὼνστόμα σόν.,ζάω γάρ προπετάννυμι ἄλλος ἴσχω δάκνω στόμα σός,,976.0
Ὕλλος,"πῶς φής, γέρον; ἦ ζῇ;",πῶς φημί γέρων εἰμί ζάω,,977.0
Πρέσβυς,οὐ μὴ 'ξεγερεῖς τὸν ὕπνῳ κάτοχον,οὐ μή ἐξεγείρω ὁ ὕπνον κάτοχος,,978.0
Πρέσβυς,κἀκκινήσεις κἀναστήσεις,ἐκκινέω ἀνίστημι,,979.0
Πρέσβυς,"φοιτάδα δεινὴννόσον, ὦ τέκνον.",φοιτάς δεινός νόσος εἰμί τέκνον,980,980.0
Ὕλλος,ἀλλ᾽ ἐπί μοι μελέῳ,ἄλλος ἐπί ἐγώ μέλεος,,981.0
Ὕλλος,βάρος ἄπλετον: ἐμμέμονεν φρήν.,βάρος ἄπλετος ἐμμέμονα φρέω,,982.0
Ἡρακλῆς,"ὦ Ζεῦ,",εἰμί Ζεύς,,983.0
Ἡρακλῆς,ποῖ γᾶς ἥκω; παρὰ τοῖσι βροτῶν,ποι γῆ ἥκω παρά ὁ βρότος,,984.0
Ἡρακλῆς,κεῖμαι πεπονημένος ἀλλήκτοις,κεῖμαι πονέομαι ἄλληκτος,985,985.0
Ἡρακλῆς,ὀδύναις; οἴμοι μοι ἐγὼ τλάμων:,ὀδύνη οἴμοι ἐγώ ἐγώ τλήμων,,986.0
Ἡρακλῆς,ἡ δ᾽ αὖ μιαρὰ βρύκει. φεῦ.,ἧ δέ αὗ μιαρός βρύκω φεῦ,,987.0
Πρέσβυς,ἆρ᾽ ἐξῄδη σ᾽ ὅσον ἦν κέρδος,ἄρα ἔξοιδα σός ὅσος ἐάν κέρδος,,988.0
Πρέσβυς,σιγῇ κεύθειν καὶ μὴ σκεδάσαι,σιγάω κεύθω καί μή σκεδάννυμι,,989.0
Πρέσβυς,τῷδ᾽ ἀπὸ κρατὸςβλεφάρων θ᾽ ὕπνον;,ὅδε ἀπό Κράτης βλέφαρον σύ ὕπνον,990,990.0
Ὕλλος,οὐ γὰρ ἔχω πῶς ἂν,οὐ γάρ ἔχω πῶς ἄν,,991.0
Ὕλλος,στέρξαιμι κακὸν τόδε λεύσσων.,στέργω κακός ὅδε λεύσσω,,992.0
Ἡρακλῆς,"ὦ Κηναία κρηπὶς βωμῶν,",εἰμί κρηπίς βωμός,,993.0
Ἡρακλῆς,ἱερῶν οἵαν οἵων ἐπί μοι,ἱερά οἷος οἷος ἐπί ἐγώ,,994.0
Ἡρακλῆς,μελέῳ χάριν ἠνύσω: ὦ Ζεῦ.,μέλεος Χάρις ἀνύω εἰμί Ζεύς,995,995.0
Ἡρακλῆς,"οἵαν μ᾽ ἄρ᾽ ἔθου λώβαν, οἵαν:",οἷος ἐγώ ἄρα ἔθω λώβη οἷος,,996.0
Ἡρακλῆς,ἣν μή ποτ᾽ ἐγὼ προσιδεῖν ὁ τάλας,ὅς μή πότε ἐγώ προσεῖδον ὅς τάλας,,997.0
Ἡρακλῆς,"ὤφελον ὄσσοις, τόδ᾽ ἀκήλητον",ὀφείλω ὄσσε ὅδε ἀκήλητος,,998.0
Ἡρακλῆς,μανίας ἄνθος καταδερχθῆναι.,μανία ἄνθος καταδέρκομαι,,999.0
Ἡρακλῆς,"τίς γὰρ ἀοιδός, τίς ὁ χειροτέχνης",τίς γάρ ἀοιδός τίς ὅς χειροτέχνης,1000,1000.0
Ἡρακλῆς,"ἰατορίας, ὃς τήνδ᾽ ἄτην",ἰατορία ὅς ὅδε ἄτη,,1001.0
Ἡρακλῆς,χωρὶς Ζηνὸς κατακηλήσει;,χωρίς Ζεύς κατακηλέω,,1002.0
Ἡρακλῆς,θαῦμ᾽ ἂν πόρρωθεν ἰδοίμην.,θαῦμα ἄν πρόσωθεν εἶδον,,1003.0
Ἡρακλῆς,"ἒ ἔ,",ἒ ἒ,,1004.0
Ἡρακλῆς,"ἐᾶτέ μ᾽, ἐᾶτέ με δύσμορον ὕστατον,",ἐάω ἐγώ ἐάω ἐγώ δύσμορος ὕστατος,1005,1005.0
Ἡρακλῆς,ἐᾶθ᾽ ὕστατον εὐνᾶσθαι.,ἐάω ὕστατος εὐνάω,,1006.0
Ἡρακλῆς,πᾷ πᾷ μου ψαύεις; ποῖ κλίνεις;,παῖς παῖς ἐγώ ψαύω ποι κλίνω,,1007.0
Ἡρακλῆς,"ἀπολεῖς μ᾽, ἀπολεῖς.",ἄπολις ἐγώ ἄπολις,,1008.0
Ἡρακλῆς,ἀνατέτροφας ὅ τι καὶ μύσῃ.,ἀνατρέφω ὅς τίς καί μύσις,,1009.0
Ἡρακλῆς,"ἧπταί μου, τοτοτοῖ, ἥδ᾽ αὖθ᾽ ἕρπει.  πόθεν ἔστ᾽, ὦ",ἅπτω ἐγώ τοτοῖ ἡδύς αὖθι ἕρπω πίνω ἔστε εἰμί,1010,1010.0
Ἡρακλῆς,"πάντων Ἑλλάνων ἀδικώτατοι ἀνέρες, οὓς δὴ",πᾶς Ἕλλην ἄδικος ἀνήρ ὅς Δεύς,,1011.0
Ἡρακλῆς,πολλὰ μὲν ἐν πόντῳ κατά τε δρία πάντα καθαίρων,πολύς μέν ἐν πόντος κάτος σύ δρίος πάντῃ καθαίρω,,1012.0
Ἡρακλῆς,"ὠλεκόμαν ὁ τάλας, καὶ νῦν ἐπὶ τῷδε νοσοῦντι",ὀλέκω ὅς τάλας καί νῦν ἐπί ὅδε νοσέω,,1013.0
Ἡρακλῆς,"οὐ πῦρ, οὐκ ἔγχος τις ὀνήσιμον οὐκ ἐπιτρέψει;",οὐ πῦρ οὐ ἔγχος τίς ὀνήσιμος οὐ ἐπιτρέπω,,1014.0
Ἡρακλῆς,"ἒ ἔ,",ἒ ἒ,,1015.0
Ἡρακλῆς,οὐδ᾽ ἀπαράξαι κρᾶτα βίᾳ θέλει,οὐδέ ἀπαράσσω κράς βία ἐθέλω,1015,1015.5
Ἡρακλῆς,μολὼν τοῦ στυγεροῦ; φεῦ φεῦ.,βλώσκω ὁ στυγερός φεῦ φεῦ,,1016.0
Πρέσβυς,"ὦ παῖ τοῦδ᾽ ἀνδρός, τοὔργον τόδε μεῖζον ἀνήκει",εἰμί παῖς ὅδε ἀνήρ ἔργνυμι ὅδε μέγας ἀνέω,,1017.0
Πρέσβυς,ἢ κατ᾽ ἐμὰν ῥώμαν: σὺ δὲ σύλλαβε.  σοὶ γὰρ ἑτοίμα,εἰμί κάτος ἐμός ῥώμη σύ δέ συλλαμβάνω σός γάρ ἑτοῖμος,,1018.0
Πρέσβυς,ἐς πλέον ἢ δι᾽ ἐμοῦ σῴζειν.,εἰς πλέος εἰμί Δίη ἐγώ σώζω,,1019.0
Ὕλλος,"ψαύω μὲν ἔγωγε,",ψαύω μέν ἐγώ,1020,1020.0
Ὕλλος,λαθίπονον δ᾽ ὀδυνᾶν οὔτ᾽ ἔνδοθεν οὔτε θύραθεν,λαθίπονος δέ ὀδύνη οὔτε ἔνδοθεν οὔτε θύραθεν,,1021.0
Ὕλλος,ἔστι μοι ἐξανύσαι βίοτον: τοιαῦτα νέμει Ζεύς.,εἰμί ἐγώ ἐξανύω βίοτος τοιοῦτος νέμος Ζεύς,,1022.0
Ἡρακλῆς,"ὦ παῖ, ποῦ ποτ᾽ εἶ; τᾷδέ με τᾷδέ με",εἰμί παῖς πού πότε εἰ ὅδε ἐγώ ὅδε ἐγώ,,1023.0
Ἡρακλῆς,"πρόσλαβε κουφίσας. ἒ ἔ, ἰὼ δαῖμον.",προσλαμβάνω κουφίζω ἒ ἒ Ἰώ δαίμων,1025,1025.0
Ἡρακλῆς,"θρῴσκει δ᾽ αὖ, θρῴσκει δειλαία",θρῴσκω δέ αὗ θρῴσκω δείλαιος,,1026.0
Ἡρακλῆς,διολοῦσ᾽ ἡμᾶς,διόλλυμι ἐγώ,,1027.0
Ἡρακλῆς,ἀποτίβατος ἀγρία νόσος.,ἀποτίβατος ἄγριος νόσος,1030,1030.0
Ἡρακλῆς,"ὦ Παλλὰς Παλλάς, τόδε μ᾽ αὖ λωβᾶται.  ἰὼ παῖ,",εἰμί Παλλάς Παλλάς ὅδε ἐγώ αὗ λωβάομαι Ἰώ παῖς,,1031.0
Ἡρακλῆς,"τὸν φύτορ᾽ οἰκτίρας, ἀνεπίφθονον εἴρυσον ἔγχος,",ὁ φύτωρ οἰκτείρω ἀνεπίφθονος ἐρύω ἔγχος,,1032.0
Ἡρακλῆς,"παῖσον ἐμᾶς ὑπὸ κλῇδος:  ἀκοῦ δ᾽ ἄχος, ᾧ μ᾽ ἐχόλωσεν",παίω ἐμός ὑπό κλείς ἀκέομαι δέ ἄχος ὅς ἐγώ χολόω,1035,1035.0
Ἡρακλῆς,"σὰ μάτηρ ἄθεος, τὰν ὧδ᾽ ἐπίδοιμι πεσοῦσαν",σής ματήρ ἄθεος ὁ ὧδε ἐπεῖδον πίπτω,,1036.0
Ἡρακλῆς,"αὔτως, ὧδ᾽ αὔτως ὥς μ᾽ ὤλεσεν. ὦ γλυκὺς Ἅιδας,",αὔτως ὧδε αὔτως ὅς ἐγώ ὄλλυμι εἰμί γλυκύς Ἅιδης,1040,1040.0
Ἡρακλῆς,"ὦ Διὸς αὐθαίμων, εὔνασον εὔνασον μ᾽",εἰμί Δῖος αὐθαίμων εὐνάω εὐνάω ἐγώ,,1041.0
Ἡρακλῆς,ὠκυπέτᾳ μόρῳ τὸν μέλεον φθίσας.,ὠκυπέτης μόρον ὁ μέλεος φθίω,,1042.0
Χορός,"κλύουσ᾽ ἔφριξα τάσδε συμφοράς, φίλαι,",κλύω φρίσσω ὅδε συμφορά φίλος,,1043.0
Χορός,"ἄνακτος, οἵαις οἷος ὢν ἐλαύνεται.",ἄναξ οἷος οἷος εἰμί ἐλαύνω,1045,1045.0
Ἡρακλῆς,ὦ πολλὰ δὴ καὶ θερμὰ κοὐ λόγῳ κακὰ,εἰμί πολύς Δεύς καί θέρμα οὐ λόγος κάκη,,1046.0
Ἡρακλῆς,καὶ χερσὶ καὶ νώτοισι μοχθήσας ἐγώ:,καί χείρ καί νῶτον μοχθέω ἐγώ,,1047.0
Ἡρακλῆς,κοὔπω τοιοῦτον οὔτ᾽ ἄκοιτις ἡ Διὸς,οὔπω τοιοῦτος οὔτε ἄκοιτις ἧ Δῖος,,1048.0
Ἡρακλῆς,"προύθηκεν οὔθ᾽ ὁ στυγνὸς Εὐρυσθεὺς ἐμοί,",προτίθημι οὔτε ὅς στυγνός Εὐρυσθεύς ἐγώ,,1049.0
Ἡρακλῆς,οἷον τόδ᾽ ἡ δολῶπις Οἰνέως κόρη,οἷος ὅδε ἧ δολῶπις Οἰνεύς Κόρα,1050,1050.0
Ἡρακλῆς,καθῆψεν ὤμοις τοῖς ἐμοῖς Ἐρινύων,καθάπτω ὦμος ὁ ἐμέω Ἐρινύς,,1051.0
Ἡρακλῆς,"ὑφαντὸν ἀμφίβληστρον, ᾧ διόλλυμαι.",ὑφαντός ἀμφίβληστρον ὅς διόλλυμι,,1052.0
Ἡρακλῆς,πλευραῖσι γὰρ προσμαχθὲν ἐκ μὲν ἐσχάτας,πλευρά γάρ προσμάσσω ἐκ μέν ἔσχατος,,1053.0
Ἡρακλῆς,"βέβρωκε σάρκας, πλεύμονός τ᾽ ἀρτηρίας",βιβρώσκω σάρξ πλεύμων σύ ἀρτηρία,,1054.0
Ἡρακλῆς,"ῥοφεῖ ξυνοικοῦν, ἐκ δὲ χλωρὸν αἷμά μου",ῥοφέω συνοικέω ἐκ δέ χλωρός αἷμα ἐγώ,1055,1055.0
Ἡρακλῆς,"πέπωκεν ἤδη, καὶ διέφθαρμαι δέμας",πίνω ἤδη καί διαφθείρω δέμας,,1056.0
Ἡρακλῆς,"τὸ πᾶν, ἀφράστῳ τῇδε χειρωθεὶς πέδῃ.",ὁ Πάν ἄφραστος ὅδε χειρόω μέθημαι,,1057.0
Ἡρακλῆς,"κοὐ ταῦτα λόγχη πεδιάς, οὔθ᾽ ὁ γηγενὴς",οὐ οὗτος λόγχη πεδιάς οὔτε ὅς γηγενής,,1058.0
Ἡρακλῆς,"στρατὸς Γιγάντων οὔτε θήρειος βία,",στρατός γίγας οὔτε θήρειος Βίας,,1059.0
Ἡρακλῆς,οὔθ᾽ Ἑλλὰς οὔτ᾽ ἄγλωσσος οὔθ᾽ ὅσην ἐγὼ,οὔτε Ἑλλάς οὔτε ἄγλωσσος οὔτε ὅσος ἐγώ,1060,1060.0
Ἡρακλῆς,"γαῖαν καθαίρων ἱκόμην, ἔδρασέ πω:",γαῖα καθαίρω ἱκνέομαι δράω πω,,1061.0
Ἡρακλῆς,"γυνὴ δέ, θῆλυς φῦσα κοὐκ ἀνδρὸς φύσιν,",γυνή δέ θῆλυς φύω οὐ ἀνήρ φύς,,1062.0
Ἡρακλῆς,μόνη με δὴ καθεῖλε φασγάνου δίχα.,μόνος ἐγώ Δεύς καθαιρέω φάσγανον δίχα,,1063.0
Ἡρακλῆς,"ὦ παῖ, γενοῦ μοι παῖς ἐτήτυμος γεγώς,",εἰμί παῖς γίγνομαι ἐγώ πᾶς ἐτήτυμος γίγνομαι,,1064.0
Ἡρακλῆς,καὶ μὴ τὸ μητρὸς ὄνομα πρεσβεύσῃς πλέον.,καί μή ὁ μήτηρ ὄνομα πρεσβεύω πλέος,1065,1065.0
Ἡρακλῆς,δός μοι χεροῖν σαῖν αὐτὸς ἐξ οἴκου λαβὼν,δίδωμι ἐγώ χείρ σός αὐτός ἐξ οἶκος λαβή,,1066.0
Ἡρακλῆς,"ἐς χεῖρα τὴν τεκοῦσαν, ὡς εἰδῶ σάφα",εἰς χείρ ὁ τίκτω ὅς οἶδα σάφα,,1067.0
Ἡρακλῆς,εἰ τοὐμὸν ἀλγεῖς μᾶλλον ἢ κείνης ὁρῶν,εἰ ἐμός ἀλγέω μᾶλλον εἰμί ἐκεῖνος ὅρος,,1068.0
Ἡρακλῆς,λωβητὸν εἶδος ἐν δίκῃ κακούμενον.,λωβάζω εἶδος ἐν δίκη κακόω,,1069.0
Ἡρακλῆς,"ἴθ᾽, ὦ τέκνον, τόλμησον:  οἴκτιρόν τέ με",εἶμι εἰμί τέκνον τολμάω οἰκτείρω σύ ἐγώ,1070,1070.0
Ἡρακλῆς,"πολλοῖσιν οἰκτρόν, ὅστις ὥστε παρθένος",πολύς οἰκτρός ὅστις ὥστε Παρθένος,,1071.0
Ἡρακλῆς,"βέβρυχα κλαίων, καὶ τόδ᾽ οὐδ᾽ ἂν εἷς ποτε",βρυχάομαι κλαίω καί ὅδε οὐδέ ἄν εἷς πότε,,1072.0
Ἡρακλῆς,"τόνδ᾽ ἄνδρα φαίη πρόσθ᾽ ἰδεῖν δεδρακότα,",ὅδε ἀνήρ φαιός πρόσθεν εἶδον δράω,,1073.0
Ἡρακλῆς,ἀλλ᾽ ἀστένακτος αἰὲν εἱπόμην κακοῖς.,ἄλλος ἀστένακτος ἀεί ἕπομαι κακός,,1074.0
Ἡρακλῆς,νῦν δ᾽ ἐκ τοιούτου θῆλυς ηὕρημαι τάλας.,νῦν δέ ἐκ τοιοῦτος θῆλυς εὑρίσκω τάλας,1075,1075.0
Χορός,"ὦ τλῆμον Ἑλλάς, πένθος οἷον εἰσορῶ",εἰμί τλήμων Ἑλλάς πένθος οἷος εἰσοράω,,1076.0
Χορός,"ἕξουσαν, ἀνδρὸς τοῦδέ γ᾽ εἰ σφαλήσεται.",ἔχω ἀνήρ ὅδε γε εἰ σφάλλω,,1077.0
Ὕλλος,"ἐπεὶ παρέσχες ἀντιφωνῆσαι, πάτερ,",ἔπειμι παρέχω ἀντιφωνέω πατήρ,,1078.0
Ὕλλος,"σιγὴν παρασχὼν κλῦθί μου, νοσῶν ὅμως:",σῖγος παρασχάζω κλύω ἐγώ νόσος ὅμως,1115,1115.0
Ὕλλος,αἰτήσομαι γάρ σ᾽ ὧν δίκαια τυγχάνειν.,αἰτέω γάρ σός ὅς δίκαιος τυγχάνω,,1116.0
Ὕλλος,"δός μοι σεαυτόν, μὴ τοσοῦτον ὡς δάκνει",δίδωμι ἐγώ μή τοσοῦτος ὅς δάκνω,,1117.0
Ὕλλος,θυμῷ δύσοργος: οὐ γὰρ ἂν γνοίης ἐν οἷς,θύμον δύσοργος οὐ γάρ ἄν γιγνώσκω ἐν ὅς,,1118.0
Ὕλλος,χαίρειν προθυμεῖ κἀν ὅτοις ἀλγεῖς μάτην.,χαίρω προθυμέομαι κἀν ὅστις ἀλγέω μάτη,,1119.0
Ἡρακλῆς,εἰπὼν ὃ χρῄζεις λῆξον: ὡς ἐγὼ νοσῶν,εἶπον ὅς χρῄζω λήγω ὅς ἐγώ νόσος,1120,1120.0
Ἡρακλῆς,οὐδὲν ξυνίημ᾽ ὧν σὺ ποικίλλεις πάλαι.,οὐδείς συνίημι ὅς σύ ποικίλλω πάλα,,1121.0
Ὕλλος,τῆς μητρὸς ἥκω τῆς ἐμῆς φράσων ἐν οἷς,ὁ μήτηρ ἥκω ὁ ἐμέω φράζω ἐν ὅς,,1122.0
Ὕλλος,νῦν ἐστιν ὥς θ᾽ ἥμαρτεν οὐχ ἑκουσία.,νῦν εἰμί ὅς σύ ἁμαρτάνω οὐ ἑκούσιος,,1123.0
Ἡρακλῆς,"ὦ παγκάκιστε, καὶ παρεμνήσω γὰρ αὖ",εἰμί πάγκακος καί παραμιμνήσκομαι γάρ αὗ,,1124.0
Ἡρακλῆς,"τῆς πατροφόντου μητρός, ὡς κλύειν ἐμέ;",ὁ πατροφόνος μήτηρ ὅς κλύω ἐγώ,1125,1125.0
Ὕλλος,ἔχει γὰρ οὕτως ὥστε μὴ σιγᾶν πρέπειν.,ἔχις γάρ οὕτως ὥστε μή σιγάω πρέπω,,1126.0
Ἡρακλῆς,οὐ δῆτα τοῖς γε πρόσθεν ἡμαρτημένοις.,οὐ δῆτα ὁ γε πρόσθεν ἁμαρτάνω,,1127.0
Ὕλλος,ἀλλ᾽ οὐδὲ μὲν δὴ τοῖς γ᾽ ἐφ᾽ ἡμέραν ἐρεῖς.,ἄλλος οὐδέ μέν Δεύς ὁ γε ἐπί ἥμερος ἐρέω,,1128.0
Ἡρακλῆς,"λέγ᾽, εὐλαβοῦ δὲ μὴ φανῇς κακὸς γεγώς.",λέγος εὐλαβέομαι δέ μή φαίνω κακός γίγνομαι,,1129.0
Ὕλλος,λέγω: τέθνηκεν ἀρτίως νεοσφαγής.,λέγος θνήσκω ἄρτιος νεοσφαγής,1130,1130.0
Ἡρακλῆς,πρὸς τοῦ; τέρας τοι διὰ κακῶν ἐθέσπισας.,πρός ὁ τέρας ὁ Δίη κάκη θεσπίζω,,1131.0
Ὕλλος,"αὐτὴ πρὸς αὑτῆς, οὐδενὸς πρὸς ἐκτόπου.",αὐτός πρός ἑαυτοῦ οὐδείς πρός ἔκτοπος,,1132.0
Ἡρακλῆς,οἴμοι: πρὶν ὡς χρῆν σφ᾽ ἐξ ἐμῆς θανεῖν χερός;,οἴμοι πρίν ὅς χράω ἕπομαι ἐξ ἐμέω θνήσκω χείρ,,1133.0
Ὕλλος,"κἂν σοῦ στραφείη θυμός, εἰ τὸ πᾶν μάθοις.",κἀν σεύω στράπτω θύμον εἰ ὁ Πάν μανθάνω,,1134.0
Ἡρακλῆς,δεινοῦ λόγου κατῆρξας: εἰπὲ δ᾽ ᾗ νοεῖς.,δεῖνος λόγος κατάρχω εἶπον δέ ᾗ νοέω,1135,1135.0
Ὕλλος,"ἅπαν τὸ χρῆμ᾽, ἥμαρτε χρηστὰ μωμένη.",ἅπας ὁ χρήμη ἁμαρτάνω χρήστης μάομαι,,1136.0
Ἡρακλῆς,"χρήστ᾽, ὦ κάκιστε, πατέρα σὸν κτείνασα δρᾷ;",χρήστης εἰμί κακός πατήρ σός κτείνω δράω,,1137.0
Ὕλλος,στέργημα γὰρ δοκοῦσα προσβαλεῖν σέθεν,στέργημα γάρ δοκέω προσβάλλω σύ,,1138.0
Ὕλλος,"ἀπήμπλαχ᾽, ὡς προσεῖδε τοὺς ἔνδον γάμους.",ἀπαμπλακεῖν ὅς προσεῖδον ὁ ἔνδον γάμος,,1139.0
Ἡρακλῆς,καὶ τίς τοσοῦτος φαρμακεὺς Τραχινίων;,καί τίς τοσοῦτος φαρμακεύς Τραχίς,1140,1140.0
Ὕλλος,Νέσσος πάλαι Κένταυρος ἐξέπεισέ νιν,πάλα Κένταυρος ἐκπείθω νιν,,1141.0
Ὕλλος,τοιῷδε φίλτρῳ τὸν σὸν ἐκμῆναι πόθον.,τοιόσδε φίλτρον ὁ σός ἐκμαίνω πόθος,,1142.0
Ἡρακλῆς,"ἰοὺ ἰοὺ δύστηνος, οἴχομαι τάλας:",Ἰώ Ἰώ δύστηνος οἴχομαι τάλας,,1143.0
Ἡρακλῆς,"ὄλωλ᾽ ὄλωλα, φέγγος οὐκέτ᾽ ἔστι μοι.",ὄλλυμι ὄλλυμι φέγγος οὐκέτι εἰμί ἐγώ,,1144.0
Ἡρακλῆς,"οἴμοι, φρονῶ δὴ ξυμφορᾶς ἵν᾽ ἕσταμεν.",οἴμοι φρονέω Δεύς συμφορά ἵνα ἵστημι,1145,1145.0
Ἡρακλῆς,"ἴθ᾽, ὦ τέκνον, πατὴρ γὰρ οὐκέτ᾽ ἔστι σοι:",εἶμι εἰμί τέκνον πατήρ γάρ οὐκέτι εἰμί σός,,1146.0
Ἡρακλῆς,"κάλει τὸ πᾶν μοι σπέρμα σῶν ὁμαιμόνων,",καλέω ὁ Πάν ἐγώ σπέρμα σής ὁμαίμων,,1147.0
Ἡρακλῆς,"κάλει δὲ τὴν τάλαιναν Ἀλκμήνην, Διὸς",καλέω δέ ὁ τάλας Ἀλκμήνη Δῖος,,1148.0
Ἡρακλῆς,"μάτην ἄκοιτιν, ὡς τελευταίαν ἐμοῦ",μάτη ἄκοιτις ὅς τελευταῖος ἐγώ,,1149.0
Ἡρακλῆς,φήμην πύθησθε θεσφάτων ὅσ᾽ οἶδ᾽ ἐγώ.,φήμη πύθω θέσφατος ὅσος οἶδα ἐγώ,1150,1150.0
Ὕλλος,"ἀλλ᾽ οὔτε μήτηρ ἐνθάδ᾽, ἀλλ᾽ ἐπακτίᾳ",ἄλλος οὔτε μήτηρ ἐνθάδε ἄλλος ἐπάκτιος,,1151.0
Ὕλλος,Τίρυνθι συμβέβηκεν ὥστ᾽ ἔχειν ἕδραν.,Τίρυνς συμβαίνω ὥστε ἔχω ἕδρα,,1152.0
Ὕλλος,"παίδων δὲ τοὺς μὲν ξυλλαβοῦσ᾽ αὐτὴ τρέφει,",παῖς δέ ὁ μέν συλλαμβάνω αὐτός τρέφος,,1153.0
Ὕλλος,τοὺς δ᾽ ἂν τὸ Θήβης ἄστυ ναίοντας μάθοις:,ὁ δέ ἄν ὁ Θήβη ἄστυ ναίω μανθάνω,,1154.0
Ὕλλος,"ἡμεῖς δ᾽ ὅσοι πάρεσμεν, εἴ τι χρή, πάτερ,",ἐγώ δέ ὅσος πάρειμι εἰ τίς χράω πατήρ,1155,1155.0
Ὕλλος,"πράσσειν, κλύοντες ἐξυπηρετήσομεν.",πράσσω κλύω ἐξυπηρετέω,,1156.0
Ἡρακλῆς,σὺ δ᾽ οὖν ἄκουε τοὔργον:  ἐξήκεις δ᾽ ἵνα,σύ δέ οὖν ἀκούω ἔργνυμι ἐξήκω δέ ἵνα,,1157.0
Ἡρακλῆς,φανεῖς ὁποῖος ὢν ἀνὴρ ἐμὸς καλεῖ.,φαίνω ὁποῖος εἰμί ἀνήρ ἐμός καλέω,,1158.0
Ἡρακλῆς,"ἐμοὶ γὰρ ἦν πρόφαντον ἐκ πατρὸς πάλαι,",ἐγώ γάρ ἐάν πρόφαντος ἐκ πατήρ πάλα,,1159.0
Ἡρακλῆς,"τῶν ἐμπνεόντων μηδενὸς θανεῖν ὕπο,",ὁ ἐμπνέω μηδείς θνήσκω ὑπό,1160,1160.0
Ἡρακλῆς,ἀλλ᾽ ὅστις Ἅιδου φθίμενος οἰκήτωρ πέλοι.,ἄλλος ὅστις Ἅιδης φθίω οἰκήτωρ πέλω,,1161.0
Ἡρακλῆς,"ὅδ᾽ οὖν ὁ θὴρ Κένταυρος, ὡς τὸ θεῖον ἦν",ὅδε οὖν ὅς θήρ Κένταυρος ὅς ὁ θέω ἐάν,,1162.0
Ἡρακλῆς,"πρόφαντον, οὕτω ζῶντά μ᾽ ἔκτεινεν θανών.",πρόφαντος οὕτως ζάω ἐγώ ἐκτείνω θνήσκω,,1163.0
Ἡρακλῆς,φανῶ δ᾽ ἐγὼ τούτοισι συμβαίνοντ᾽ ἴσα,φαίνω δέ ἐγώ οὗτος συμβαίνω ἴσος,,1164.0
Ἡρακλῆς,"μαντεῖα καινά, τοῖς πάλαι ξυνήγορα,",μαντεία καινός ὁ πάλα συνήγορος,1165,1165.0
Ἡρακλῆς,ἃ τῶν ὀρείων καὶ χαμαικοιτῶν ἐγὼ,ὅς ὁ ὄρειον καί χαμαικοίτης ἐγώ,,1166.0
Ἡρακλῆς,Σελλῶν ἐσελθὼν ἄλσος εἰσεγραψάμην,Σελλοί εἰσέρχομαι ἄλσος εἰσγράφω,,1167.0
Ἡρακλῆς,"πρὸς τῆς πατρῴας καὶ πολυγλώσσου δρυός,",πρός ὁ πατρώιος καί πολύγλωσσος δρύος,,1168.0
Ἡρακλῆς,ἥ μοι χρόνῳ τῷ ζῶντι καὶ παρόντι νῦν,ἧ ἐγώ χρόνος ὁ ζάω καί πάρειμι νῦν,,1169.0
Ἡρακλῆς,ἔφασκε μόχθων τῶν ἐφεστώτων ἐμοὶ,φάσκω μόχθος ὁ ἐφίστημι ἐγώ,1170,1170.0
Ἡρακλῆς,λύσιν τελεῖσθαι: κἀδόκουν πράξειν καλῶς.,λύσις τέλλω δοκέω πράσσω κάλως,,1171.0
Ἡρακλῆς,τὸ δ᾽ ἦν ἄρ᾽ οὐδὲν ἄλλο πλὴν θανεῖν ἐμέ.,ὁ δέ ἐάν ἄρα οὐδείς ἄλλος πλέω θνήσκω ἐγώ,,1172.0
Ἡρακλῆς,τοῖς γὰρ θανοῦσι μόχθος οὐ προσγίγνεται.,ὁ γάρ θνήσκω μόχθος οὐ προσγίγνομαι,,1173.0
Ἡρακλῆς,"ταῦτ᾽ οὖν ἐπειδὴ λαμπρὰ συμβαίνει, τέκνον,",οὗτος οὖν ἐπεί λαμπρός συμβαίνω τέκνον,,1174.0
Ἡρακλῆς,δεῖ σ᾽ αὖ γενέσθαι τῷδε τἀνδρὶ σύμμαχον,Δεύς σός αὗ γίγνομαι ὅδε ἀνδρίς σύμμαχος,1175,1175.0
Ἡρακλῆς,"καὶ μὴ 'πιμεῖναι τοὐμὸν ὀξῦναι στόμα,",καί μή ἐπιμένω ἐμός ὀξύνω στόμα,,1176.0
Ἡρακλῆς,"ἀλλ᾽ αὐτὸν εἰκαθόντα συμπράσσειν, νόμον",ἄλλος αὐτός εἴκω συμπράσσω νόμος,,1177.0
Ἡρακλῆς,"κάλλιστον ἐξευρόντα, πειθαρχεῖν πατρί.",καλός ἐξευρίσκω πειθαρχέω πατήρ,,1178.0
Ὕλλος,"ἀλλ᾽, ὦ πάτερ, ταρβῶ μὲν εἰς λόγου στάσιν",ἄλλος εἰμί πατήρ ταρβέω μέν εἶμι λόγος ἵστημι,,1179.0
Ὕλλος,"τοιάνδ᾽ ἐπελθών, πείσομαι δ᾽ ἅ σοι δοκεῖ.",τοιόσδε ἐπέρχομαι πάσχω δέ ὅς σός δοκέω,1180,1180.0
Ἡρακλῆς,ἔμβαλλε χεῖρα δεξιὰν πρώτιστά μοι:,ἐμβάλλω χείρ δεξιά πρώτιστος ἐγώ,,1181.0
Ὕλλος,ὡς πρὸς τί πίστιν τήνδ᾽ ἄγαν ἐπιστρέφεις;,ὅς πρός τίς πίστις ὅδε ἄγαν ἐπιστρέφω,,1182.0
Ἡρακλῆς,οὐ θᾶσσον οἴσεις μηδ᾽ ἀπιστήσεις ἐμοί;,οὐ θάσσω φέρω Μῆδος ἀπιστέω ἐγώ,,1183.0
Ὕλλος,"ἰδοὺ προτείνω, κοὐδὲν ἀντειρήσεται.",Ἴδης προτείνω οὐδείς ἀντέρομαι,,1184.0
Ἡρακλῆς,"ὄμνυ Διός νυν τοῦ με φύσαντος κάρα,",ὄμνυμι Δῖος νῦν ὁ ἐγώ φύσας κάρ,1185,1185.0
Ὕλλος,ἦ μὴν τί δράσειν; καὶ τόδ᾽ ἐξειρήσεται;,εἰμί μείς τίς δράω καί ὅδε ἐξέρομαι,,1186.0
Ἡρακλῆς,ἦ μὴν ἐμοὶ τὸ λεχθὲν ἔργον ἐκτελεῖν.,εἰμί μείς ἐγώ ὁ λέγω2 ἔργνυμι ἐκτελέω,,1187.0
Ὕλλος,"ὄμνυμ᾽ ἔγωγε, Ζῆν᾽ ἔχων ἐπώμοτον.",ὄμνυμι ἐγώ Ζεύς ἔχω ἐπώμοτος,,1188.0
Ἡρακλῆς,"εἰ δ᾽ ἐκτὸς ἔλθοις, πημονὰς εὔχου λαβεῖν.",εἰ δέ ἐκτός ἔρχομαι πήμων εὔχομαι λαμβάνω,,1189.0
Ὕλλος,οὐ μὴ λάβω: δράσω γάρ: εὔχομαι δ᾽ ὅμως:,οὐ μή λάπτω δράω γάρ εὔχομαι δέ ὅμως,1190,1190.0
Ἡρακλῆς,οἶσθ᾽ οὖν τὸν Οἴτης Ζηνὸς ὕψιστον πάγον;,ὀιστός οὖν ὁ Οἴτη Ζεύς ὕψιστος πάγος,,1191.0
Ὕλλος,"οἶδ᾽, ὡς θυτήρ γε πολλὰ δὴ σταθεὶς ἄνω.",οἶδα ὅς θυτήρ γε πολύς Δεύς ἵστημι ἄνοος,,1192.0
Ἡρακλῆς,ἐνταῦθά νυν χρὴ τοὐμὸν ἐξάραντά σε,ἐνταῦθα νῦν χράω ἐμός ἐξαίρω σός,,1193.0
Ἡρακλῆς,σῶμ᾽ αὐτόχειρα καὶ ξὺν οἷς χρῄζεις φίλων.,σῶμα αὐτόχειρ καί σύν ὅς χρῄζω φίλος,,1194.0
Ἡρακλῆς,πολλὴν μὲν ὕλην τῆς βαθυρρίζου δρυὸς,πολύς μέν Ὕλη ὁ βαθύρριζος δρύος,1195,1195.0
Ἡρακλῆς,"κείραντα, πολλὸν δ᾽ ἄρσεν᾽ ἐκτεμόνθ᾽ ὁμοῦ",κείρω πολύς δέ ἄρσην ἐκτέμνω ὁμός,,1196.0
Ἡρακλῆς,"ἄγριον ἔλαιον, σῶμα τοὐμὸν ἐμβαλεῖν,",Ἄγριος ἔλαιον σῶμα ἐμός ἐμβάλλω,,1197.0
Ἡρακλῆς,καὶ πευκίνης λαβόντα λαμπάδος σέλας,καί πεύκινος λαμβάνω λαμπάς σέλας,,1198.0
Ἡρακλῆς,"πρῆσαι. γόου δὲ μηδὲν εἰσίτω δάκρυ,",πίμπρημι γόος δέ μηδείς εἴσειμι δάκρυον,,1199.0
Ἡρακλῆς,"ἀλλ᾽ ἀστένακτος κἀδάκρυτος, εἴπερ εἶ",ἄλλος ἀστένακτος ἀδάκρυτος εἴπερ εἰ,1200,1200.0
Ἡρακλῆς,"τοῦδ᾽ ἀνδρός, ἔρξον: εἰ δὲ μή, μενῶ σ᾽ ἐγὼ",ὅδε ἀνήρ ἔρδω εἰ δέ μή μένω σός ἐγώ,,1201.0
Ἡρακλῆς,καὶ νέρθεν ὢν ἀραῖος εἰσαεὶ βαρύς.,καί ἔνερθε εἰμί ἀραῖος εἰσαεί βαρύς,,1202.0
Ὕλλος,"οἴμοι, πάτερ, τί δ᾽ εἶπας; οἷά μ᾽ εἴργασαι.",οἴμοι πατήρ τίς δέ εἶπον οἷος ἐγώ ἐργάζομαι,,1203.0
Ἡρακλῆς,"ὁποῖα δραστέ᾽ ἐστίν: εἰ δὲ μή, πατρὸς",ὁποῖος δράστης εἰμί εἰ δέ μή πατήρ,,1204.0
Ἡρακλῆς,ἄλλου γενοῦ του μηδ᾽ ἐμὸς κληθῇς ἔτι.,ἄλλος γίγνομαι ὁ Μῆδος ἐμός καλέω ἔτι,1205,1205.0
Ὕλλος,"οἴμοι μάλ᾽ αὖθις, οἷά μ᾽ ἐκκαλεῖ, πάτερ,",οἴμοι μάλα αὖθις οἷος ἐγώ ἐκκαλέω πατήρ,,1206.0
Ὕλλος,φονέα γενέσθαι καὶ παλαμναῖον σέθεν.,φονεύς γίγνομαι καί παλαμναῖος σύ,,1207.0
Ἡρακλῆς,"οὐ δῆτ᾽ ἔγωγ᾽, ἀλλ᾽ ὧν ἔχω παιώνιον",οὐ δέομαι ἐγώ ἄλλος ὅς ἔχω Παιώνιος,,1208.0
Ἡρακλῆς,καὶ μοῦνον ἰατῆρα τῶν ἐμῶν κακῶν.,καί μόνος ἰατήρ ὁ ἐμέω κάκη,,1209.0
Ὕλλος,καὶ πῶς ὑπαίθων σῶμ᾽ ἂν ἰῴμην τὸ σόν;,καί πῶς ὑπαίθω σῶμα ἄν ἰάομαι ὁ σός,1210,1210.0
Ἡρακλῆς,"ἀλλ᾽ εἰ φοβεῖ πρὸς τοῦτο, τἄλλα γ᾽ ἔργασαι.",ἄλλος εἰ φοβέω πρός οὗτος ἄλλος γε ἐργάζομαι,,1211.0
Ὕλλος,φορᾶς γέ τοι φθόνησις οὐ γενήσεται.,φορά γε ὁ φθόνησις οὐ γίγνομαι,,1212.0
Ἡρακλῆς,ἦ καὶ πυρᾶς πλήρωμα τῆς εἰρημένης;,εἰμί καί πυράζω πλήρωμα ὁ ἐρῶ,,1213.0
Ὕλλος,ὅσον γ᾽ ἂν αὐτὸς μὴ ποτιψαύων χεροῖν:,ὅσος γε ἄν αὐτός μή προσψαύω χείρ,,1214.0
Ὕλλος,τὰ δ᾽ ἄλλα πράξω κοὐ καμεῖ τοὐμὸν μέρος.,ὁ δέ ἄλλος πράσσω οὐ κάμνω ἐμός μέρος,1215,1215.0
Ἡρακλῆς,ἀλλ᾽ ἀρκέσει καὶ ταῦτα: πρόσνειμαι δέ μοι,ἄλλος ἄρκεσις καί οὗτος προσνέμω δέ ἐγώ,,1216.0
Ἡρακλῆς,χάριν βραχεῖαν πρὸς μακροῖς ἄλλοις διδούς.,Χάρις βραχύς πρός μακρός ἄλλος δίδωμι,,1217.0
Ὕλλος,"εἰ καὶ μακρὰ κάρτ᾽ ἐστίν, ἐργασθήσεται.",εἰ καί μάκρα κάρτα εἰμί ἐργάζομαι,,1218.0
Ἡρακλῆς,τὴν Εὐρυτείαν οἶσθα δῆτα παρθένον;,ὁ οἶδα δῆτα Παρθένος,,1219.0
Ὕλλος,"Ἰόλην ἔλεξας, ὥς γ᾽ ἐπεικάζειν ἐμέ.",λέγω ὅς γε ἐπεικάζω ἐγώ,1220,1220.0
Ἡρακλῆς,"ἔγνως.  τοσοῦτον δή σ᾽ ἐπισκήπτω, τέκνον:",γιγνώσκω τοσοῦτος Δεύς σός ἐπισκήπτω τέκνον,,1221.0
Ἡρακλῆς,"ταύτην ἐμοῦ θανόντος, εἴπερ εὐσεβεῖν",οὗτος ἐγώ θνήσκω εἴπερ εὐσεβέω,,1222.0
Ἡρακλῆς,"βούλει, πατρῴων ὁρκίων μεμνημένος,",βούλομαι πατρώιος ὅρκιον μιμνήσκω,,1223.0
Ἡρακλῆς,"προσθοῦ δάμαρτα, μηδ᾽ ἀπιστήσῃς πατρί:",προσθέω δάμαρ Μῆδος ἀπιστέω πατήρ,,1224.0
Ἡρακλῆς,μηδ᾽ ἄλλος ἀνδρῶν τοῖς ἐμοῖς πλευροῖς ὁμοῦ,Μῆδος ἄλλος ἀνδρόω ὁ ἐμέω πλευρόν ὁμός,1225,1225.0
Ἡρακλῆς,"κλιθεῖσαν αὐτὴν ἀντὶ σοῦ λάβῃ ποτέ,",κλίνω αὐτός ἀντί σεύω λάπτω πότε,,1226.0
Ἡρακλῆς,"ἀλλ᾽ αὐτός, ὦ παῖ, τοῦτο κήδευσον λέχος.",ἄλλος αὐτός εἰμί παῖς οὗτος κηδεύω λέχος,,1227.0
Ἡρακλῆς,πείθου: τὸ γάρ τοι μεγάλα πιστεύσαντ᾽ ἐμοὶ,Πειθώ ὁ γάρ ὁ μέγας πιστεύω ἐγώ,,1228.0
Ἡρακλῆς,σμικροῖς ἀπιστεῖν τὴν πάρος συγχεῖ χάριν.,μικρός ἀπιστέω ὁ Πάρος συγχέω Χάρις,,1229.0
Ὕλλος,"οἴμοι: τὸ μὲν νοσοῦντι θυμοῦσθαι κακόν,",οἴμοι ὁ μέν νοσέω θυμόω κακός,1230,1230.0
Ὕλλος,τὸ δ᾽ ὧδ᾽ ὁρᾶν φρονοῦντα τίς ποτ᾽ ἂν φέροι;,ὁ δέ ὧδε ὁράω φρονέω τίς πότε ἄν φέρω,,1231.0
Ἡρακλῆς,ὡς ἐργασείων οὐδὲν ὧν λέγω θροεῖς.,ὅς ἐργασείω οὐδείς ὅς λέγος θροέω,,1232.0
Ὕλλος,"τίς γάρ ποθ᾽, ἥ μοι μητρὶ μὲν θανεῖν μόνη",τίς γάρ πόθι ἧ ἐγώ μήτηρ μέν θνήσκω μόνος,,1233.0
Ὕλλος,"μεταίτιος σοί τ᾽ αὖθις ὡς ἔχεις ἔχειν,",μεταίτιος σός σύ αὖθις ὅς ἔχις ἔχω,,1234.0
Ὕλλος,"τίς ταῦτ᾽ ἄν, ὅστις μὴ 'ξ ἀλαστόρων νοσοῖ,",τίς οὗτος ἄν ὅστις μή ἐξ ἀλάστορος νόσος,1235,1235.0
Ὕλλος,"ἕλοιτο; κρεῖσσον κἀμέ γ᾽, ὦ πάτερ, θανεῖν",αἱρέω κρείσσων ἁμός γε εἰμί πατήρ θνήσκω,,1236.0
Ὕλλος,ἢ τοῖσιν ἐχθίστοισι συνναίειν ὁμοῦ.,εἰμί ὁ ἔχθιστος συνναίω ὁμός,,1237.0
Ἡρακλῆς,"ἁνὴρ ὅδ᾽, ὡς ἔοικεν, οὐ νεμεῖν ἐμοὶ",ἀνήρ ὅδε ὅς ἔοικα οὐ νέμω ἐγώ,,1238.0
Ἡρακλῆς,φθίνοντι μοῖραν: ἀλλά τοι θεῶν ἀρὰ,φθίω μοῖρα ἄλλος ὁ θέα ἄρα,,1239.0
Ἡρακλῆς,μενεῖ σ᾽ ἀπιστήσαντα τοῖς ἐμοῖς λόγοις.,μένος σός ἀπιστέω ὁ ἐμέω λόγος,1240,1240.0
Ὕλλος,"ὤμοι, τάχ᾽, ὡς ἔοικας, ὡς νοσεῖς φράσεις.",ὤμοι τάχα ὅς ἔοικα ὅς νοσέω φράσις,,1241.0
Ἡρακλῆς,σὺ γάρ μ᾽ ἀπ᾽ εὐνασθέντος ἐκκινεῖς κακοῦ.,σύ γάρ ἐγώ Ἆπις εὐνάζω ἐκκινέω κακός,,1242.0
Ὕλλος,"δείλαιος, ὡς ἐς πολλὰ τἀπορεῖν ἔχω.",δείλαιος ὅς εἰς πολύς ἀφοράω ἔχω,,1243.0
Ἡρακλῆς,οὐ γὰρ δικαιοῖς τοῦ φυτεύσαντος κλύειν.,οὐ γάρ δίκαιος ὁ φυτεύω κλύω,,1244.0
Ὕλλος,"ἀλλ᾽ ἐκδιδαχθῶ δῆτα δυσσεβεῖν, πάτερ;",ἄλλος ἐκδιδάσκω δῆτα δυσσεβέω πατήρ,1245,1245.0
Ἡρακλῆς,"οὐ δυσσέβεια, τοὐμὸν εἰ τέρψεις κέαρ.",οὐ δυσσέβεια ἐμός εἰ τέρπω κῆρ,,1246.0
Ὕλλος,πράσσειν ἄνωγας οὖν με πανδίκως τάδε;,πράσσω ἄνωγα οὖν ἐγώ πάνδικος ὅδε,,1247.0
Ἡρακλῆς,ἔγωγε: τούτων μάρτυρας καλῶ θεούς.,ἐγώ οὗτος μάρτυς κάλως θεός,,1248.0
Ὕλλος,"τοιγὰρ ποήσω κοὐκ ἀπώσομαι, τὸ σὸν",τοιγάρ ποιέω οὐ ἀπωθέω ὁ σός,,1249.0
Ὕλλος,θεοῖσι δεικνὺς ἔργον: οὐ γὰρ ἄν ποτε,θέω δείκνυμι ἔργνυμι οὐ γάρ ἄν πότε,1250,1250.0
Ὕλλος,"κακὸς φανείην σοί γε πιστεύσας, πάτερ.",κακός φαίνω σός γε πιστεύω πατήρ,,1251.0
Ἡρακλῆς,"καλῶς τελευτᾷς, κἀπὶ τοῖσδε τὴν χάριν",κάλως τελευτάω ἐπί ὅδε ὁ Χάρις,,1252.0
Ἡρακλῆς,"ταχεῖαν, ὦ παῖ, πρόσθες, ὡς πρὶν ἐμπεσεῖν",ταχύς εἰμί παῖς προστίθημι ὅς πρίν ἐμπίτνω,,1253.0
Ἡρακλῆς,"σπαραγμὸν ἤ τιν᾽ οἶστρον, ἐς πυράν με θῇς.",σπαραγμός εἰμί τίνω οἶστρος εἰς πυράζω ἐγώ θέω,,1254.0
Ἡρακλῆς,"ἄγ᾽ ἐγκονεῖτ᾽, αἴρεσθε: παῦλά τοι κακῶν",ἄγε ἐγκονέω αἴρω παῦλα ὁ κάκη,1255,1255.0
Ἡρακλῆς,"αὕτη, τελευτὴ τοῦδε τἀνδρὸς ὑστάτη.",οὗτος τελευτάω ὅδε ἀνήρ ὕστατος,,1256.0
Ὕλλος,"ἀλλ᾽ οὐδὲν εἴργει σοὶ τελειοῦσθαι τάδε,",ἄλλος οὐδείς ἔργω σός τελειόω ὅδε,,1257.0
Ὕλλος,"ἐπεὶ κελεύεις κἀξαναγκάζεις, πάτερ.",ἔπειμι κελεύω ἐξαναγκάζω πατήρ,,1258.0
Ἡρακλῆς,"ἄγε νυν, πρὶν τήνδ᾽ ἀνακινῆσαι",ἄγε νῦν πρίν ὅδε ἀνακινέω,,1259.0
Ἡρακλῆς,"νόσον, ὦ ψυχὴ σκληρά, χάλυβος",νόσος εἰμί ψύχω σκληρός Χάλυψ,1260,1260.0
Ἡρακλῆς,"λιθοκόλλητον στόμιον παρέχουσ᾽,",λιθοκόλλητος στόμιον παρέχω,,1261.0
Ἡρακλῆς,"ἀνάπαυε βοήν, ὡς ἐπίχαρτον",ἀναπαύω βόα ὅς ἐπίχαρτος,,1262.0
Ἡρακλῆς,τελέουσ᾽ ἀεκούσιον ἔργον.,τέλλω ἀεκούσιος ἔργνυμι,,1263.0
Ὕλλος,"αἴρετ᾽, ὀπαδοί, μεγάλην μὲν ἐμοὶ",αἴρω ὀπαδέω μέγας μέν ἐγώ,,1264.0
Ὕλλος,"τούτων θέμενοι συγγνωμοσύνην,",οὗτος τίθημι συγγνωμοσύνη,1265,1265.0
Ὕλλος,μεγάλην δὲ θεῶν ἀγνωμοσύνην,μέγας δέ θέα ἀγνωμοσύνη,,1266.0
Ὕλλος,"εἰδότες ἔργων τῶν πρασσομένων,",οἶδα ἔργνυμι ὁ πράσσω,,1267.0
Ὕλλος,οἳ φύσαντες καὶ κλῃζόμενοι,ἕ φύσας καί κλῄζω,,1268.0
Ὕλλος,πατέρες τοιαῦτ᾽ ἐφορῶσι πάθη.,πατήρ τοιοῦτος ἐφοράω πάθη,,1269.0
Ὕλλος,"τὰ μὲν οὖν μέλλοντ᾽ οὐδεὶς ἐφορᾷ,",ὁ μέν οὖν μέλλω οὐδείς ἐφοράω,1270,1270.0
Ὕλλος,"τὰ δὲ νῦν ἑστῶτ᾽ οἰκτρὰ μὲν ἡμῖν,",ὁ δέ νῦν ἵστημι οἰκτρός μέν ἐγώ,,1271.0
Ὕλλος,"αἰσχρὰ δ᾽ ἐκείνοις,",αἰσχρός δέ ἐκεῖνος,,1272.0
Ὕλλος,χαλεπώτατα δ᾽ οὖν ἀνδρῶν πάντων,χαλεπός δέ οὖν ἀνδρόω πᾶς,,1273.0
Ὕλλος,τῷ τήνδ᾽ ἄτην ὑπέχοντι.,ὁ ὅδε ἄτη ὑπέχω,,1274.0
Ὕλλος,"λείπου μηδὲ σύ, παρθέν᾽, ἀπ᾽ οἴκων,",λείπω Μῆδος σύ παρθένος Ἆπις οἶκος,1275,1275.0
Ὕλλος,"μεγάλους μὲν ἰδοῦσα νέους θανάτους,",μέγας μέν εἶδον νέος θάνατος,,1276.0
Ὕλλος,"πολλὰ δὲ πήματα καὶ καινοπαθῆ,",πολύς δέ πῆμα καί καινοπαθέω,,1277.0
Ὕλλος,κοὐδὲν τούτων ὅ τι μὴ Ζεύς.,οὐδείς οὗτος ὅς τίς μή Ζεύς,,1278.0
